V1	V2	ppi.tsv	HP.tsv	coex_HRV.tsv	coex_HRA.tsv	coex_MSG.tsv	coex_WBL.tsv	coex_SMU.tsv	coex_CLT.tsv	coex_STM.tsv	coex_CLS.tsv	coex_ITI.tsv	coex_core.tsv
SMPX	SRL	0	0	1	1	0	0	0	0	0	0	0	0
ANO5	SRL	0	0	1	1	0	0	0	0	0	0	0	0
ANO5	SMPX	0	0	1	1	0	0	0	0	0	0	0	0
ALPK3	SRL	0	0	1	0	1	0	0	0	0	0	0	0
CASQ1	SRL	0	0	1	0	1	0	0	0	0	0	0	0
CASQ1	SMPX	0	0	1	0	0	0	0	0	0	0	0	0
CASQ1	ANO5	0	1	0	0	0	0	0	0	0	0	0	0
CASQ1	ALPK3	0	0	0	0	1	0	0	0	0	0	0	0
LINC01587	SMPX	1	0	0	0	0	0	0	0	0	0	0	0
PLIN4	SMPX	0	0	0	0	0	0	0	1	0	0	1	0
PLIN4	ALPK3	0	0	0	0	0	0	0	1	1	1	1	0
XIRP2	SRL	0	0	1	0	1	1	0	0	0	0	0	0
XIRP2	SMPX	0	0	1	0	0	0	0	0	0	0	0	0
XIRP2	CASQ1	0	0	1	0	1	0	0	0	0	0	0	0
UNC45B	SRL	0	0	1	1	1	0	0	0	0	0	0	0
UNC45B	SMPX	0	0	1	1	1	0	0	0	1	0	0	0
UNC45B	ANO5	0	0	1	1	0	0	0	0	0	0	0	0
UNC45B	ALPK3	0	0	0	0	1	0	0	0	0	0	0	0
UNC45B	CASQ1	0	0	0	0	1	0	0	0	0	0	0	0
UNC45B	XIRP2	0	0	0	0	1	0	0	0	0	0	0	0
CACNA1S	SRL	0	0	0	0	1	1	0	0	0	0	0	0
CACNA1S	SMPX	0	0	0	0	0	0	1	0	0	0	0	0
CACNA1S	ALPK3	0	0	0	0	1	0	0	0	0	0	0	0
CACNA1S	CASQ1	0	0	0	0	1	1	1	0	0	0	0	0
CACNA1S	XIRP2	0	0	0	0	1	0	0	0	0	0	0	0
CACNA1S	UNC45B	0	0	0	0	1	0	0	0	0	0	0	0
HSPB7	SRL	0	0	0	0	0	0	0	0	0	0	0	1
HSPB7	SMPX	0	0	1	1	0	0	0	1	1	0	1	0
HSPB7	ALPK3	0	0	0	0	0	0	0	0	0	0	0	1
HSPB7	CASQ1	0	0	0	0	1	0	0	0	0	0	0	0
HSPB7	PLIN4	0	0	0	0	0	0	0	0	0	0	0	1
HSPB7	XIRP2	0	0	1	0	1	1	0	0	0	0	0	0
HSPB7	UNC45B	0	0	1	0	1	0	0	0	0	0	0	0
HSPB7	CACNA1S	0	0	0	0	1	0	0	0	0	0	0	0
CFL2	SRL	0	0	0	0	1	0	0	0	0	0	0	0
CFL2	SMPX	0	0	0	0	0	0	1	1	1	1	0	0
CFL2	ALPK3	0	0	0	0	1	0	0	1	0	1	1	0
CFL2	PLIN4	0	0	0	0	0	0	0	1	0	0	1	0
CFL2	HSPB7	0	0	0	0	0	0	0	0	0	0	0	1
CFL2	CFL2	1	0	0	0	0	0	0	0	0	0	0	0
MB	SRL	0	0	0	1	1	1	0	0	0	0	0	0
MB	SMPX	0	0	1	1	1	0	0	0	0	0	0	0
MB	CASQ1	0	0	0	0	1	0	0	0	0	0	0	0
MB	XIRP2	0	0	0	0	0	0	0	0	0	0	0	1
MB	UNC45B	0	0	0	1	1	0	0	0	0	0	0	0
MB	CACNA1S	0	0	0	0	1	1	0	0	0	0	0	0
MB	HSPB7	0	0	0	1	1	1	0	0	0	0	0	0
MYH14	SRL	0	0	1	1	0	0	0	0	0	0	0	0
MYH14	SMPX	0	0	1	1	0	0	0	0	0	0	0	0
MYH14	ANO5	0	0	1	1	0	0	0	0	0	0	0	0
MYH14	ALPK3	0	0	1	0	0	0	0	0	0	0	0	0
MYH14	UNC45B	0	0	1	1	0	0	0	0	0	0	0	0
MYH14	HSPB7	0	0	1	1	0	0	0	0	0	0	0	0
MYH14	MB	0	0	0	1	0	0	0	0	0	0	0	0
ENO3	SRL	0	0	0	0	1	0	0	0	0	0	0	0
ENO3	SMPX	0	0	1	0	1	0	0	0	0	0	0	0
ENO3	ANO5	0	1	0	0	0	0	0	0	0	0	0	0
ENO3	ALPK3	0	0	0	0	1	0	0	0	0	0	0	0
ENO3	CASQ1	0	1	0	0	1	0	0	0	0	0	0	0
ENO3	XIRP2	0	0	0	0	1	0	0	0	0	0	0	0
ENO3	UNC45B	0	0	0	0	1	0	0	0	0	0	0	0
ENO3	CACNA1S	0	0	0	0	1	0	0	0	0	0	0	0
ENO3	HSPB7	0	0	0	0	1	0	0	0	0	0	0	0
ENO3	MB	0	0	1	0	1	0	0	0	0	0	0	0
ENO3	ENO3	1	0	0	0	0	0	0	0	0	0	0	0
KLHL41	SRL	0	0	1	1	1	1	0	0	0	0	0	0
KLHL41	SMPX	0	0	1	1	1	0	0	0	0	0	0	0
KLHL41	ANO5	0	0	1	1	0	0	0	0	0	0	0	0
KLHL41	ALPK3	0	0	0	0	1	0	0	0	0	0	0	0
KLHL41	CASQ1	0	0	0	0	1	0	0	0	0	0	0	0
KLHL41	XIRP2	0	0	0	0	0	0	0	0	0	0	0	1
KLHL41	UNC45B	0	0	1	1	1	0	0	0	0	0	0	0
KLHL41	CACNA1S	0	0	0	0	1	0	0	0	0	0	0	0
KLHL41	HSPB7	0	0	1	1	1	0	0	0	0	0	0	0
KLHL41	MB	0	0	0	0	1	1	0	0	0	0	0	0
KLHL41	MYH14	0	0	1	1	0	0	0	0	0	0	0	0
KLHL41	ENO3	0	0	0	0	1	0	0	0	0	0	0	0
KLHL41	KLHL41	1	0	0	0	0	0	0	0	0	0	0	0
ILVBL	PLIN4	0	0	0	1	0	0	0	0	0	0	0	0
ILVBL	MYH14	0	0	0	1	0	0	0	0	0	0	0	0
NEB	SRL	0	0	0	0	1	1	0	0	0	0	0	0
NEB	SMPX	0	0	0	0	1	0	0	0	0	0	0	0
NEB	ALPK3	0	0	0	0	1	0	0	0	0	0	0	0
NEB	CASQ1	0	0	0	0	1	0	0	0	0	0	0	0
NEB	XIRP2	1	0	0	0	0	0	0	0	0	0	0	1
NEB	UNC45B	0	0	0	0	1	0	0	0	0	0	0	0
NEB	CACNA1S	0	0	0	0	1	1	0	0	0	0	0	0
NEB	HSPB7	0	0	0	0	1	0	0	0	0	0	0	0
NEB	CFL2	0	1	0	0	0	0	0	0	0	0	0	0
NEB	MB	0	0	0	0	0	0	0	0	0	0	0	1
NEB	ENO3	1	0	0	0	1	0	0	0	0	0	0	0
NEB	KLHL41	1	1	0	0	0	0	0	0	0	0	0	1
TIA1	ANO5	0	1	0	0	0	0	0	0	0	0	0	0
TIA1	CASQ1	0	1	0	0	0	0	0	0	0	0	0	0
TIA1	CFL2	0	1	0	0	0	0	0	0	0	0	0	0
TIA1	MYH14	0	1	0	0	0	0	0	0	0	0	0	0
TIA1	KLHL9	0	0	0	0	1	1	0	0	1	0	0	0
TIA1	ENO3	0	1	0	0	0	0	0	0	0	0	0	0
TIA1	NEB	0	1	0	0	0	0	0	0	0	0	0	0
ZNF652	TIA1	0	0	1	1	0	0	0	0	0	0	0	0
MATR3	MATR3	1	0	0	0	0	0	0	0	0	0	0	0
PLXNB1	SMPX	1	0	0	0	0	0	0	0	0	0	0	0
MYH2	SRL	0	0	0	0	1	1	0	0	0	0	0	0
MYH2	ANO5	0	1	0	0	0	0	0	0	0	0	0	0
MYH2	CASQ1	0	0	0	0	1	0	0	0	0	0	0	0
MYH2	XIRP2	0	0	0	0	0	0	0	0	0	0	0	1
MYH2	UNC45B	0	0	0	0	1	0	0	0	0	0	0	0
MYH2	CACNA1S	0	0	0	0	1	1	0	0	0	0	0	0
MYH2	HSPB7	0	0	0	0	1	0	0	0	0	0	0	0
MYH2	CFL2	0	1	0	0	0	0	0	0	0	0	0	0
MYH2	MB	0	0	0	0	0	0	0	0	0	0	0	1
MYH2	ENO3	0	0	0	0	1	0	0	0	0	0	0	0
MYH2	KLHL41	0	1	0	0	1	1	0	0	0	0	0	0
MYH2	NEB	0	1	0	0	1	1	0	0	0	0	0	0
MYH2	TIA1	0	1	0	0	0	0	0	0	0	0	0	0
MYH7	SRL	0	0	0	0	1	1	0	0	0	0	0	0
MYH7	SMPX	0	0	1	0	1	0	0	0	0	0	0	0
MYH7	ALPK3	0	0	0	0	1	0	0	0	0	0	0	0
MYH7	CASQ1	0	0	0	0	1	0	0	0	0	0	0	0
MYH7	XIRP2	0	0	0	0	0	0	0	0	0	0	0	1
MYH7	UNC45B	0	0	0	0	1	0	0	0	0	0	0	0
MYH7	CACNA1S	0	0	0	0	1	1	0	0	0	0	0	0
MYH7	HSPB7	0	0	0	0	1	1	0	0	0	0	0	0
MYH7	MB	0	0	0	0	0	0	0	0	0	0	0	1
MYH7	ENO3	0	0	1	0	1	0	0	0	0	0	0	0
MYH7	KLHL41	0	0	0	0	1	1	0	0	0	0	0	0
MYH7	NEB	0	1	0	0	1	1	0	0	0	0	0	0
MYH7	TIA1	0	1	0	0	0	0	0	0	0	0	0	0
MYH7	MYH2	0	1	0	0	0	0	0	0	0	0	0	1
GNE	CFL2	0	1	0	0	0	0	0	0	0	0	0	0
GNE	KLHL9	0	0	0	1	0	0	0	0	0	0	0	0
GNE	NEB	0	1	0	0	0	0	0	0	0	0	0	0
GNE	TIA1	0	1	0	0	0	0	0	0	0	0	0	0
GNE	ZNF652	0	0	0	0	1	0	0	0	0	0	0	0
GNE	MYH2	0	1	0	0	0	0	0	0	0	0	0	0
GNE	MYH7	0	1	0	0	0	0	0	0	0	0	0	0
GNE	GNE	1	0	0	0	0	0	0	0	0	0	0	0
XIRP1	SRL	0	0	0	0	1	1	0	0	0	0	0	0
XIRP1	ALPK3	0	0	0	0	1	0	0	0	0	0	0	0
XIRP1	CASQ1	0	0	0	0	1	0	0	0	0	0	0	0
XIRP1	XIRP2	0	0	1	0	1	0	0	0	0	0	0	0
XIRP1	UNC45B	0	0	0	0	1	0	0	0	0	0	0	0
XIRP1	CACNA1S	0	0	0	0	1	0	0	0	0	0	0	0
XIRP1	HSPB7	0	0	1	0	1	1	0	0	0	0	0	0
XIRP1	MB	0	0	0	0	1	1	0	0	0	0	0	0
XIRP1	ENO3	0	0	0	0	1	0	0	0	0	0	0	0
XIRP1	KLHL41	0	0	0	0	1	0	0	0	0	0	0	0
XIRP1	NEB	1	0	0	0	1	0	0	0	0	0	0	0
XIRP1	MYH2	0	0	0	0	1	0	0	0	0	0	0	0
XIRP1	MYH7	0	0	0	0	1	1	0	0	0	0	0	0
MYO18B	SRL	0	0	1	1	1	1	0	0	0	0	0	0
MYO18B	SMPX	0	0	1	1	0	0	0	0	0	0	0	0
MYO18B	ALPK3	0	0	1	1	1	0	0	0	0	0	0	0
MYO18B	CASQ1	0	0	0	0	1	0	0	0	0	0	0	0
MYO18B	XIRP2	0	0	0	0	1	0	0	0	0	0	0	0
MYO18B	UNC45B	0	0	1	0	1	0	0	0	0	0	0	0
MYO18B	CACNA1S	0	0	0	0	1	1	0	0	0	0	0	0
MYO18B	HSPB7	0	0	1	1	1	1	0	0	0	0	0	0
MYO18B	MB	0	0	0	0	1	1	0	0	0	0	0	0
MYO18B	MYH14	0	0	1	0	0	0	0	0	0	0	0	0
MYO18B	ENO3	0	0	0	0	1	0	0	0	0	0	0	0
MYO18B	KLHL41	0	0	1	0	1	0	0	0	0	0	0	0
MYO18B	NEB	0	0	0	0	1	0	0	0	0	0	0	0
MYO18B	MYH2	0	0	0	0	1	0	0	0	0	0	0	0
MYO18B	MYH7	0	0	0	0	1	0	0	0	0	0	0	0
MYO18B	XIRP1	0	0	0	1	1	0	0	0	0	0	0	0
CKM	SRL	0	0	0	1	1	1	1	0	0	0	0	0
CKM	SMPX	0	0	1	1	1	0	0	0	0	0	0	0
CKM	ALPK3	0	0	0	0	1	0	0	0	0	0	0	0
CKM	CASQ1	0	0	0	0	1	0	0	0	0	0	0	0
CKM	XIRP2	0	0	0	0	0	0	0	0	0	0	0	1
CKM	UNC45B	0	0	0	1	1	0	0	0	0	0	0	0
CKM	CACNA1S	0	0	0	0	1	1	0	0	0	0	0	0
CKM	HSPB7	0	0	0	1	1	1	0	0	0	0	0	0
CKM	MB	0	0	0	0	0	0	0	0	0	0	0	1
CKM	MYH14	0	0	0	1	0	0	0	0	0	0	0	0
CKM	ENO3	0	0	1	0	1	0	1	0	0	0	0	0
CKM	KLHL41	0	0	0	0	0	0	0	0	0	0	0	1
CKM	NEB	0	0	0	0	0	0	0	0	0	0	0	1
CKM	MYH2	0	0	0	0	0	0	0	0	0	0	0	1
CKM	MYH7	0	0	0	0	0	0	0	0	0	0	0	1
CKM	XIRP1	0	0	0	0	1	1	0	0	0	0	0	0
CKM	MYO18B	0	0	0	1	1	1	0	0	0	0	0	0
CKM	CKM	1	0	0	0	0	0	0	0	0	0	0	0
ADSSL1	ADSSL1	1	0	0	0	0	0	0	0	0	0	0	0
CRYAB	SRL	0	0	1	1	1	1	0	0	0	0	0	0
CRYAB	SMPX	0	0	1	1	0	0	0	0	1	0	0	0
CRYAB	ALPK3	0	0	0	0	1	0	0	1	0	0	1	0
CRYAB	PLIN4	0	0	0	0	0	0	0	1	0	0	1	0
CRYAB	XIRP2	0	0	1	0	0	0	0	0	0	0	0	0
CRYAB	UNC45B	0	0	1	1	1	0	0	0	0	0	0	0
CRYAB	CACNA1S	0	0	0	0	1	0	0	0	0	0	0	0
CRYAB	HSPB7	0	0	0	0	0	0	0	0	0	0	0	1
CRYAB	CFL2	0	0	0	1	1	0	0	1	1	0	1	0
CRYAB	MB	0	0	0	0	0	1	0	0	0	0	0	0
CRYAB	MYH14	0	0	1	1	0	1	0	0	0	0	0	0
CRYAB	ENO3	0	0	0	0	1	0	0	0	0	0	0	0
CRYAB	TIA1	0	1	0	0	0	0	0	0	0	0	0	0
CRYAB	MYH7	0	1	0	0	0	1	0	0	0	0	0	0
CRYAB	XIRP1	0	0	0	0	0	1	0	0	0	0	0	0
CRYAB	MYO18B	0	0	1	0	1	0	0	0	0	0	0	0
CRYAB	CKM	0	0	0	0	0	1	0	0	0	0	0	0
CRYAB	CRYAB	1	0	0	0	0	0	0	0	0	0	0	0
CKMT2	SRL	0	0	1	1	1	1	0	0	0	0	0	0
CKMT2	SMPX	0	0	1	1	1	0	0	0	0	0	0	0
CKMT2	ANO5	0	0	1	1	0	0	0	0	0	0	0	0
CKMT2	ALPK3	0	0	0	0	1	0	0	0	0	0	0	0
CKMT2	CASQ1	0	0	0	0	1	0	0	0	0	0	0	0
CKMT2	PLIN4	0	0	0	0	0	0	0	0	0	0	1	0
CKMT2	XIRP2	0	0	0	0	0	1	0	0	0	0	0	0
CKMT2	UNC45B	0	0	1	1	1	0	0	0	0	0	0	0
CKMT2	CACNA1S	0	0	0	0	1	0	0	0	0	0	0	0
CKMT2	HSPB7	0	0	1	1	1	1	0	0	0	0	0	0
CKMT2	CFL2	0	0	0	0	1	0	0	0	0	0	0	0
CKMT2	MB	0	0	1	1	1	1	0	0	0	0	0	0
CKMT2	MYH14	0	0	1	1	0	0	0	0	0	0	0	0
CKMT2	ENO3	0	0	1	0	1	0	0	0	0	0	0	0
CKMT2	KLHL41	0	0	1	1	1	1	0	0	0	0	0	0
CKMT2	NEB	0	0	0	0	1	1	0	0	0	0	0	0
CKMT2	MYH2	0	0	0	0	1	0	0	0	0	0	0	0
CKMT2	MYH7	0	0	1	0	1	1	0	0	0	0	0	0
CKMT2	XIRP1	0	0	0	0	1	1	0	0	0	0	0	0
CKMT2	MYO18B	0	0	1	0	1	1	0	0	0	0	0	0
CKMT2	CKM	1	0	1	1	1	1	0	0	0	0	0	0
CKMT2	CRYAB	0	0	0	1	0	1	0	0	0	0	0	0
CKMT2	CKMT2	1	0	0	0	0	0	0	0	0	0	0	0
ATP2A2	SRL	0	0	0	1	0	0	0	0	0	0	0	0
ATP2A2	ANO5	0	0	1	1	0	0	0	0	0	0	0	0
ATP2A2	ALPK3	0	0	0	0	1	0	0	0	0	0	0	0
ATP2A2	UNC45B	0	0	0	1	0	0	0	0	0	0	0	0
ATP2A2	MYH14	0	0	0	1	0	0	0	0	0	0	0	0
ATP2A2	KLHL41	0	0	1	1	0	0	0	0	0	0	0	0
ATP2A2	MYH7	0	0	0	0	0	0	1	0	0	0	0	0
ATP2A2	GNE	0	0	0	0	0	1	0	0	0	0	0	0
ATP2A2	CKMT2	0	0	0	1	0	0	0	0	0	0	0	0
ATP2A2	ATP2A2	1	0	0	0	0	0	0	0	0	0	0	0
ACTA1	SRL	0	0	0	0	1	1	0	0	0	0	0	0
ACTA1	ALPK3	0	0	0	0	1	0	0	0	0	0	0	0
ACTA1	CASQ1	0	0	1	0	1	0	0	0	0	0	0	0
ACTA1	XIRP2	0	0	0	0	0	0	0	0	0	0	0	1
ACTA1	UNC45B	0	0	0	0	1	0	0	0	0	0	0	0
ACTA1	CACNA1S	0	0	0	0	1	1	0	0	0	0	0	0
ACTA1	HSPB7	0	0	0	0	1	1	0	0	0	0	0	0
ACTA1	CFL2	0	1	0	0	0	0	0	0	0	0	0	0
ACTA1	MB	0	0	0	0	0	0	0	0	0	0	0	1
ACTA1	ENO3	0	0	0	0	1	0	0	0	0	0	0	0
ACTA1	KLHL41	0	1	0	0	1	1	0	0	0	0	0	0
ACTA1	NEB	0	1	0	0	0	0	0	0	0	0	0	1
ACTA1	TIA1	0	1	0	0	0	0	0	0	0	0	0	0
ACTA1	MYH2	0	1	0	0	0	0	0	0	0	0	0	1
ACTA1	MYH7	0	1	0	0	0	0	0	0	0	0	0	1
ACTA1	GNE	0	1	0	0	0	0	0	0	0	0	0	0
ACTA1	XIRP1	1	0	0	0	1	1	0	0	0	0	0	0
ACTA1	MYO18B	0	0	0	0	1	1	0	0	0	0	0	0
ACTA1	CKM	0	0	0	0	0	0	0	0	0	0	0	1
ACTA1	CRYAB	0	1	0	0	1	1	0	0	0	0	0	0
ACTA1	CKMT2	0	0	0	0	1	1	0	0	0	0	0	0
ACTA1	ACTA1	1	0	0	0	0	0	0	0	0	0	0	0
EEF1A2	SRL	0	0	1	1	1	1	0	0	0	0	0	0
EEF1A2	SMPX	0	0	1	1	1	0	0	0	0	0	1	0
EEF1A2	ALPK3	0	0	0	0	1	0	0	0	0	0	0	0
EEF1A2	CASQ1	0	0	0	0	1	0	0	0	0	0	0	0
EEF1A2	XIRP2	0	0	1	0	1	0	0	0	0	0	0	0
EEF1A2	UNC45B	0	0	0	1	1	0	0	0	0	0	0	0
EEF1A2	CACNA1S	0	0	0	0	1	1	0	0	0	0	0	0
EEF1A2	HSPB7	0	0	1	1	0	1	0	0	0	0	0	0
EEF1A2	MB	0	0	0	0	0	0	0	0	0	0	0	1
EEF1A2	MYH14	0	0	1	1	0	1	0	0	0	0	0	0
EEF1A2	ENO3	0	0	1	0	1	0	0	0	0	0	0	0
EEF1A2	KLHL41	0	0	0	0	1	0	1	0	0	0	0	0
EEF1A2	NEB	0	0	0	0	1	0	0	0	0	0	0	0
EEF1A2	MYH2	0	0	0	0	1	0	0	0	0	0	0	0
EEF1A2	MYH7	0	0	1	0	1	1	0	0	0	0	0	0
EEF1A2	XIRP1	0	0	1	0	1	0	0	0	0	0	0	0
EEF1A2	MYO18B	0	0	0	1	1	1	0	0	0	0	0	0
EEF1A2	CKM	0	0	0	0	0	0	0	0	0	0	0	1
EEF1A2	CRYAB	0	0	0	1	1	1	0	0	0	0	0	0
EEF1A2	CKMT2	0	0	1	1	1	1	0	0	0	0	0	0
EEF1A2	ACTA1	0	0	0	0	1	1	0	0	0	0	0	0
MYBPC1	SRL	0	0	0	0	1	1	0	0	0	0	0	0
MYBPC1	SMPX	0	0	0	0	1	0	0	0	0	0	0	0
MYBPC1	CASQ1	0	0	0	0	1	0	0	0	0	0	0	0
MYBPC1	XIRP2	0	0	0	0	1	1	0	0	0	0	0	0
MYBPC1	UNC45B	0	0	0	0	1	0	0	0	0	0	0	0
MYBPC1	CACNA1S	0	0	0	0	1	1	1	0	0	0	0	0
MYBPC1	HSPB7	0	0	0	0	0	1	0	0	0	0	0	0
MYBPC1	MB	0	0	0	0	0	0	0	0	0	0	0	1
MYBPC1	ENO3	0	0	0	0	1	0	0	0	0	0	0	0
MYBPC1	KLHL41	1	0	0	0	0	0	0	0	0	0	0	1
MYBPC1	NEB	0	0	0	0	0	0	0	0	0	0	0	1
MYBPC1	MYH2	0	0	0	0	0	0	0	0	0	0	0	1
MYBPC1	MYH7	0	0	0	0	0	0	0	0	0	0	0	1
MYBPC1	XIRP1	0	0	0	0	1	0	0	0	0	0	0	0
MYBPC1	MYO18B	0	0	0	0	1	1	0	0	0	0	0	0
MYBPC1	CKM	0	0	0	0	0	0	0	0	0	0	0	1
MYBPC1	CKMT2	0	0	0	0	1	1	0	0	0	0	0	0
MYBPC1	ACTA1	0	0	0	0	0	0	0	0	0	0	0	1
MYBPC1	EEF1A2	0	0	0	0	1	1	1	0	0	0	0	0
ACTC1	SRL	0	0	1	1	1	0	0	0	0	0	0	0
ACTC1	SMPX	0	0	1	1	0	0	0	0	1	0	0	0
ACTC1	ALPK3	0	0	0	0	1	0	0	0	0	0	0	0
ACTC1	CASQ1	0	0	0	0	1	0	0	0	0	0	0	0
ACTC1	XIRP2	0	0	0	0	1	0	0	0	0	0	0	0
ACTC1	UNC45B	0	0	0	1	1	0	0	0	1	0	0	0
ACTC1	CACNA1S	0	0	0	0	1	0	0	0	0	0	0	0
ACTC1	HSPB7	0	0	1	1	1	0	0	0	1	0	0	0
ACTC1	MB	0	0	1	1	1	0	0	0	0	0	0	0
ACTC1	ENO3	0	0	1	0	1	0	0	0	0	0	0	0
ACTC1	KLHL41	0	0	0	0	1	0	0	0	0	0	0	0
ACTC1	NEB	0	0	0	0	1	0	0	0	0	0	0	0
ACTC1	MYH2	0	0	0	0	1	0	0	0	0	0	0	0
ACTC1	MYH7	0	1	1	0	1	0	0	0	0	0	0	0
ACTC1	XIRP1	0	0	0	0	1	0	0	0	0	0	0	0
ACTC1	MYO18B	0	0	0	1	1	0	0	0	0	0	0	0
ACTC1	CKM	0	0	0	1	1	0	0	0	0	0	0	0
ACTC1	CRYAB	0	1	0	0	0	0	0	0	1	0	0	0
ACTC1	CKMT2	0	0	1	1	0	0	0	0	0	0	0	0
ACTC1	ACTA1	0	0	0	0	1	0	0	0	0	0	0	0
ACTC1	EEF1A2	0	0	1	1	1	0	0	0	0	0	0	0
SGCA	SRL	0	0	0	0	1	0	0	0	0	0	0	0
SGCA	SMPX	0	0	0	0	0	0	0	0	1	0	1	0
SGCA	ANO5	0	1	0	0	0	0	0	0	0	0	0	0
SGCA	ALPK3	0	0	0	0	1	0	0	1	0	0	1	0
SGCA	CASQ1	0	0	0	0	1	0	0	0	0	0	0	0
SGCA	PLIN4	0	0	0	0	0	0	0	1	0	0	1	0
SGCA	XIRP2	0	0	0	0	1	0	0	0	0	0	0	0
SGCA	UNC45B	0	0	0	0	1	0	0	0	0	0	0	0
SGCA	CACNA1S	0	0	0	0	1	0	0	0	0	0	0	0
SGCA	HSPB7	0	0	0	0	0	0	0	0	0	0	0	1
SGCA	CFL2	0	0	0	0	0	0	0	0	0	0	0	1
SGCA	MB	0	0	0	0	1	0	0	0	0	0	0	0
SGCA	ENO3	0	1	0	0	1	1	0	0	0	0	0	0
SGCA	KLHL41	0	0	0	0	1	0	0	0	0	0	0	0
SGCA	ILVBL	0	0	0	1	0	0	0	0	0	0	0	0
SGCA	NEB	0	0	0	0	1	0	0	0	0	0	0	0
SGCA	TIA1	0	1	0	0	0	0	0	0	0	0	0	0
SGCA	MYH2	0	1	0	0	1	0	0	0	0	0	0	0
SGCA	MYH7	0	1	0	0	1	0	0	0	0	0	0	0
SGCA	GNE	0	1	0	0	0	0	0	0	0	0	0	0
SGCA	XIRP1	0	0	0	0	1	0	0	0	0	0	0	0
SGCA	MYO18B	0	0	0	0	1	0	0	0	0	0	0	0
SGCA	CKM	0	0	0	1	1	0	0	0	0	0	0	0
SGCA	CRYAB	0	1	0	0	1	0	0	1	1	0	1	0
SGCA	CKMT2	0	0	0	0	1	0	0	0	0	0	0	0
SGCA	ACTA1	0	1	0	0	1	0	0	0	0	0	0	0
SGCA	EEF1A2	0	0	0	1	1	1	1	0	0	0	1	0
SGCA	ACTC1	0	0	0	0	1	0	0	0	0	0	0	0
DES	SRL	0	0	1	1	1	1	0	0	0	0	0	0
DES	SMPX	0	0	0	0	0	0	0	0	0	0	0	1
DES	ALPK3	0	0	0	0	1	0	0	1	0	1	1	0
DES	CASQ1	0	0	1	0	1	0	0	0	0	0	0	0
DES	PLIN4	0	0	0	0	0	0	0	1	0	0	1	0
DES	XIRP2	0	0	1	0	1	0	0	0	0	0	0	0
DES	UNC45B	0	0	0	0	1	0	0	0	0	0	0	0
DES	CACNA1S	0	0	0	0	1	1	0	0	0	0	0	0
DES	HSPB7	0	0	0	0	0	0	0	0	0	0	0	1
DES	CFL2	0	0	0	0	0	0	0	0	0	0	0	1
DES	MB	0	0	1	1	1	1	0	0	0	0	0	0
DES	MYH14	0	0	1	0	0	0	0	0	0	0	0	0
DES	ENO3	0	0	1	0	1	0	0	0	0	0	0	0
DES	KLHL41	0	0	0	0	1	0	0	0	0	0	0	0
DES	NEB	1	0	0	0	1	0	0	0	0	0	0	0
DES	TIA1	0	1	0	0	0	0	0	0	0	0	0	0
DES	MYH2	0	0	0	0	1	1	0	0	0	0	0	0
DES	MYH7	0	1	1	0	1	1	0	0	0	0	0	0
DES	GNE	0	1	0	0	0	0	0	0	0	0	0	0
DES	XIRP1	0	0	1	0	1	1	0	0	0	0	0	0
DES	MYO18B	0	0	1	1	1	1	0	0	0	0	0	0
DES	CKM	0	0	1	1	1	1	0	0	0	0	0	0
DES	CRYAB	1	1	0	0	0	0	0	0	0	0	0	1
DES	CKMT2	0	0	1	1	1	1	0	0	0	0	0	0
DES	ACTA1	0	1	0	0	1	1	0	0	0	0	0	0
DES	EEF1A2	0	0	0	0	0	0	0	0	0	0	0	1
DES	MYBPC1	0	0	0	0	1	1	0	0	0	0	0	0
DES	ACTC1	0	1	1	1	1	0	0	0	1	0	0	0
DES	SGCA	0	1	0	0	0	0	0	0	0	0	0	1
DES	DES	1	0	0	0	0	0	0	0	0	0	0	0
FLNC	SRL	0	0	0	0	1	1	0	0	0	0	0	0
FLNC	SMPX	0	0	0	0	0	0	0	1	1	1	1	0
FLNC	ALPK3	0	0	0	0	0	0	0	0	0	0	0	1
FLNC	CASQ1	0	1	1	0	1	0	0	0	0	0	0	0
FLNC	PLIN4	0	0	0	0	0	0	0	1	0	0	1	0
FLNC	XIRP2	1	0	1	0	1	1	0	0	0	0	0	0
FLNC	UNC45B	0	0	0	0	1	0	0	0	0	0	0	0
FLNC	CACNA1S	0	0	0	0	1	1	0	0	0	0	0	0
FLNC	HSPB7	1	0	0	0	0	0	0	0	0	0	0	1
FLNC	CFL2	0	1	0	0	0	0	0	0	0	0	0	1
FLNC	MB	0	0	0	0	1	1	0	0	0	0	0	0
FLNC	MYH14	0	1	0	0	0	1	0	0	0	0	0	0
FLNC	ENO3	0	1	0	0	1	0	0	0	0	0	0	0
FLNC	KLHL41	0	0	0	0	1	1	0	0	0	0	0	0
FLNC	NEB	0	1	0	0	1	1	0	0	0	0	0	0
FLNC	TIA1	0	1	0	0	0	0	0	0	0	0	0	0
FLNC	MYH2	0	0	0	0	1	1	0	0	0	0	0	0
FLNC	MYH7	0	1	0	0	1	1	0	0	0	0	0	0
FLNC	GNE	0	1	0	0	0	0	0	0	0	0	0	0
FLNC	XIRP1	1	0	0	1	1	1	0	0	0	0	0	0
FLNC	MYO18B	0	0	1	1	1	1	0	0	0	0	0	0
FLNC	CKM	0	0	0	0	1	1	0	0	0	0	0	0
FLNC	CRYAB	0	1	0	0	0	0	0	0	0	0	0	1
FLNC	CKMT2	0	0	0	0	1	1	0	0	0	0	0	0
FLNC	ATP2A2	0	0	0	0	1	0	0	0	0	0	0	0
FLNC	ACTA1	0	1	0	0	1	1	0	0	0	0	0	0
FLNC	EEF1A2	0	0	0	0	1	1	0	0	0	0	1	0
FLNC	MYBPC1	0	0	0	0	0	1	0	0	0	0	0	0
FLNC	ACTC1	0	0	0	0	1	0	0	0	1	0	0	0
FLNC	SGCA	0	1	0	0	0	0	0	0	0	0	0	1
FLNC	DES	0	1	0	0	0	0	0	0	0	0	0	1
FLNC	FLNC	1	0	0	0	0	0	0	0	0	0	0	0
FHL1	SRL	0	0	0	0	1	0	0	0	0	0	0	0
FHL1	SMPX	0	0	0	0	0	0	1	1	1	1	0	0
FHL1	ALPK3	0	0	0	0	1	0	0	1	0	0	1	0
FHL1	CASQ1	0	0	0	0	1	0	0	0	0	0	0	0
FHL1	PLIN4	0	0	0	0	0	0	0	1	0	0	1	0
FHL1	XIRP2	0	0	0	0	1	0	0	0	0	0	0	0
FHL1	UNC45B	0	0	0	0	1	0	0	0	0	0	0	0
FHL1	CACNA1S	0	0	0	0	1	0	0	0	0	0	0	0
FHL1	HSPB7	0	0	0	0	0	0	0	0	0	0	0	1
FHL1	CFL2	0	1	0	0	0	0	0	0	0	0	0	1
FHL1	MB	0	0	0	0	1	0	0	0	0	0	0	0
FHL1	ENO3	0	0	0	0	1	0	0	0	0	0	0	0
FHL1	KLHL41	0	0	0	0	1	0	0	0	0	0	0	0
FHL1	NEB	0	1	0	0	1	0	0	0	0	0	0	0
FHL1	TIA1	0	1	0	0	0	0	0	0	0	0	0	0
FHL1	MYH2	0	1	0	0	1	0	0	0	0	0	0	0
FHL1	MYH7	0	1	0	0	1	0	0	0	0	0	0	0
FHL1	GNE	0	1	0	0	0	0	0	0	0	0	0	0
FHL1	XIRP1	0	0	0	0	1	0	0	0	0	0	0	0
FHL1	MYO18B	0	0	0	0	1	0	0	0	0	0	0	0
FHL1	CKM	0	0	0	0	1	0	0	0	0	0	0	0
FHL1	CRYAB	0	1	0	0	1	0	0	1	1	0	1	0
FHL1	CKMT2	0	0	0	0	1	0	0	0	0	0	0	0
FHL1	ACTA1	0	1	0	0	1	0	0	0	0	0	0	0
FHL1	EEF1A2	0	0	0	0	1	0	0	0	0	0	0	0
FHL1	MYBPC1	1	0	0	0	1	0	0	0	0	0	0	0
FHL1	ACTC1	0	0	0	0	1	0	0	0	0	0	0	0
FHL1	SGCA	0	1	0	0	0	0	0	0	0	0	0	1
FHL1	DES	0	1	0	0	0	0	0	0	0	0	0	1
FHL1	FLNC	0	1	0	0	0	0	0	0	0	0	0	1
FHL1	FHL1	1	0	0	0	0	0	0	0	0	0	0	0
DMD	SMPX	0	0	0	0	0	0	0	1	1	0	1	0
DMD	ANO5	0	0	0	0	1	0	0	0	0	0	0	0
DMD	ALPK3	0	0	0	0	0	0	0	1	0	1	1	0
DMD	CASQ1	0	1	0	0	0	0	0	0	0	0	0	0
DMD	PLIN4	0	0	0	0	0	0	0	1	0	0	0	0
DMD	CFL2	0	0	0	0	0	0	0	0	0	0	0	1
DMD	NEB	0	0	0	0	0	0	1	0	0	0	0	0
DMD	MYH7	0	1	0	0	0	0	0	0	0	0	0	0
DMD	CRYAB	0	1	0	0	0	0	0	0	0	0	1	0
DMD	ACTA1	1	1	0	0	0	0	0	0	0	0	0	0
DMD	ACTC1	1	1	0	0	0	0	0	0	0	0	0	0
DMD	SGCA	0	1	0	0	0	0	0	1	0	0	1	0
DMD	DES	0	1	0	0	0	0	0	1	0	1	1	0
DMD	FLNC	0	1	0	0	0	0	0	0	0	0	0	1
DMD	FHL1	0	1	0	0	0	0	0	0	0	0	0	1
DMD	DMD	1	0	0	0	0	0	0	0	0	0	0	0
ACTN2	SRL	0	0	1	1	1	1	1	0	0	0	0	0
ACTN2	SMPX	0	0	1	1	1	0	1	0	1	0	0	0
ACTN2	ANO5	0	0	1	0	0	0	0	0	0	0	0	0
ACTN2	ALPK3	0	0	1	1	1	0	0	0	0	0	0	0
ACTN2	CASQ1	0	0	1	0	1	0	0	0	0	0	0	0
ACTN2	XIRP2	0	0	1	0	1	1	0	0	0	0	0	0
ACTN2	UNC45B	0	0	1	1	1	0	0	0	1	0	0	0
ACTN2	CACNA1S	0	0	0	0	1	1	1	0	0	0	0	0
ACTN2	HSPB7	0	0	1	1	1	1	0	0	1	0	0	0
ACTN2	CFL2	0	0	0	1	0	0	1	0	0	0	0	0
ACTN2	MB	0	0	0	0	0	0	0	0	0	0	0	1
ACTN2	MYH14	0	0	1	1	0	0	0	0	0	0	0	0
ACTN2	ENO3	0	0	1	0	1	0	0	0	0	0	0	0
ACTN2	KLHL41	0	0	1	0	1	1	0	0	0	0	0	0
ACTN2	NEB	0	0	0	0	1	1	1	0	0	0	0	0
ACTN2	MYH2	1	0	0	0	1	1	0	0	0	0	0	0
ACTN2	MYH7	1	1	0	0	0	0	0	0	0	0	0	1
ACTN2	XIRP1	0	0	0	0	1	1	0	0	0	0	0	0
ACTN2	MYO18B	0	0	1	1	1	1	0	0	0	0	0	0
ACTN2	CKM	0	0	0	0	0	0	0	0	0	0	0	1
ACTN2	CRYAB	0	1	1	1	1	1	0	0	1	0	0	0
ACTN2	CKMT2	0	0	1	1	1	1	0	0	0	0	0	0
ACTN2	ACTA1	0	0	0	0	1	1	0	0	0	0	0	0
ACTN2	EEF1A2	0	0	1	1	1	1	0	0	0	0	0	0
ACTN2	MYBPC1	0	0	0	0	1	1	1	0	0	0	0	0
ACTN2	ACTC1	0	1	1	1	1	0	0	0	1	0	0	0
ACTN2	SGCA	0	0	0	0	1	0	0	0	0	0	0	0
ACTN2	DES	0	1	1	1	1	1	0	0	1	0	0	0
ACTN2	FLNC	0	0	0	0	1	1	0	0	1	0	0	0
ACTN2	FHL1	0	0	0	0	1	0	0	0	0	0	0	0
ACTN2	ACTN2	1	0	0	0	0	0	0	0	0	0	0	0
CMYA5	SRL	0	0	1	1	0	1	0	0	0	0	0	0
CMYA5	SMPX	0	0	1	1	1	0	0	0	0	0	0	0
CMYA5	ANO5	0	0	1	1	0	0	0	0	0	0	0	0
CMYA5	ALPK3	0	0	0	0	0	0	0	0	0	0	1	0
CMYA5	XIRP2	0	0	0	0	0	1	0	0	0	0	0	0
CMYA5	UNC45B	0	0	1	1	1	0	0	0	0	0	0	0
CMYA5	HSPB7	0	0	1	1	0	1	0	0	0	0	0	0
CMYA5	CFL2	0	0	0	0	0	0	0	0	0	0	1	0
CMYA5	MB	0	0	0	0	0	0	0	0	0	0	0	1
CMYA5	MYH14	0	0	1	1	0	0	0	0	0	0	0	0
CMYA5	ENO3	0	0	0	0	1	0	0	0	0	0	0	0
CMYA5	KLHL41	0	0	1	1	1	1	1	0	0	0	0	0
CMYA5	NEB	0	0	0	0	1	1	1	0	0	0	0	0
CMYA5	MYH2	0	0	0	0	0	1	0	0	0	0	0	0
CMYA5	MYH7	0	0	1	0	1	1	0	0	0	0	0	0
CMYA5	XIRP1	0	0	0	0	0	1	0	0	0	0	0	0
CMYA5	MYO18B	0	0	1	0	0	0	0	0	0	0	0	0
CMYA5	CKM	0	0	0	1	0	1	0	0	0	0	0	0
CMYA5	CRYAB	0	0	0	0	0	0	0	0	1	0	0	0
CMYA5	CKMT2	0	0	1	1	1	1	0	0	0	0	0	0
CMYA5	ATP2A2	0	0	1	1	0	0	0	0	0	0	0	0
CMYA5	ACTA1	0	0	0	0	0	1	0	0	0	0	0	0
CMYA5	EEF1A2	0	0	1	1	1	0	0	0	0	0	0	0
CMYA5	MYBPC1	0	0	0	0	1	1	0	0	0	0	0	0
CMYA5	ACTC1	0	0	1	0	0	0	0	0	0	0	0	0
CMYA5	SGCA	0	0	0	0	0	0	0	0	1	0	1	0
CMYA5	DES	0	0	1	0	0	0	0	0	0	0	1	0
CMYA5	FLNC	0	0	0	0	0	1	0	0	0	0	1	0
CMYA5	FHL1	0	0	0	0	0	0	0	0	1	0	1	0
CMYA5	DMD	0	0	0	0	0	0	0	0	0	0	1	0
CMYA5	ACTN2	0	0	1	1	0	1	0	0	1	0	0	0
CMYA5	CMYA5	1	0	0	0	0	0	0	0	0	0	0	0
TRIM54	SRL	0	0	1	1	1	1	0	0	0	0	0	0
TRIM54	SMPX	0	0	1	1	0	0	0	0	0	0	0	0
TRIM54	ALPK3	0	0	0	0	1	0	0	0	0	0	0	0
TRIM54	CASQ1	0	0	0	0	1	0	0	0	0	0	0	0
TRIM54	PLIN4	0	0	1	0	0	0	0	0	0	0	0	0
TRIM54	XIRP2	0	0	0	0	1	0	0	0	0	0	0	0
TRIM54	UNC45B	0	0	0	1	1	0	0	0	0	0	0	0
TRIM54	CACNA1S	0	0	0	0	1	1	0	0	0	0	0	0
TRIM54	HSPB7	0	0	1	1	1	1	0	0	0	0	0	0
TRIM54	CFL2	0	0	0	0	1	0	0	0	0	0	0	0
TRIM54	MB	0	0	1	1	1	1	0	0	0	0	0	0
TRIM54	MYH14	0	0	1	1	0	0	0	0	0	0	0	0
TRIM54	ENO3	0	0	1	0	1	0	0	0	0	0	0	0
TRIM54	KLHL41	0	0	0	0	1	0	0	0	0	0	0	0
TRIM54	NEB	0	0	0	0	1	1	0	0	0	0	0	0
TRIM54	MYH2	0	0	0	0	1	1	0	0	0	0	0	0
TRIM54	MYH7	0	0	1	0	1	1	0	0	0	0	0	0
TRIM54	XIRP1	0	0	0	0	1	1	0	0	0	0	0	0
TRIM54	MYO18B	0	0	1	1	1	1	0	0	0	0	0	0
TRIM54	CKM	0	0	1	1	1	1	0	0	0	0	0	0
TRIM54	CRYAB	0	0	0	1	1	1	0	0	0	0	0	0
TRIM54	CKMT2	0	0	1	1	1	1	0	0	0	0	0	0
TRIM54	ACTA1	0	0	0	0	1	1	0	0	0	0	0	0
TRIM54	EEF1A2	0	0	1	1	1	1	1	0	0	0	0	0
TRIM54	MYBPC1	0	0	0	0	1	1	0	0	0	0	0	0
TRIM54	ACTC1	0	0	1	1	1	0	0	0	0	0	0	0
TRIM54	SGCA	0	0	1	0	1	0	1	0	0	0	0	0
TRIM54	DES	0	0	1	1	1	1	1	0	0	0	0	0
TRIM54	FLNC	1	0	0	0	1	1	0	0	0	0	0	0
TRIM54	FHL1	0	0	0	0	1	0	0	0	0	0	0	0
TRIM54	ACTN2	0	0	1	1	1	1	0	0	0	0	0	0
TRIM54	CMYA5	0	0	1	1	0	1	0	0	0	0	0	0
TRIM54	TRIM54	1	0	0	0	0	0	0	0	0	0	0	0
HSPB8	SRL	0	0	0	1	0	1	0	0	0	0	0	0
HSPB8	SMPX	0	0	0	1	0	0	0	1	1	1	0	0
HSPB8	ALPK3	0	0	1	0	0	0	0	1	0	1	1	0
HSPB8	PLIN4	0	0	0	0	0	0	0	1	0	0	1	0
HSPB8	UNC45B	0	0	1	1	0	0	0	0	0	0	0	0
HSPB8	HSPB7	1	0	0	0	0	0	0	0	0	0	0	1
HSPB8	CFL2	0	0	0	0	0	0	0	0	0	0	0	1
HSPB8	MYH14	0	0	0	1	0	1	0	0	0	0	0	0
HSPB8	KLHL41	0	0	0	1	0	0	0	0	0	0	0	0
HSPB8	NEB	0	1	0	0	0	0	0	0	0	0	0	0
HSPB8	CKM	0	0	0	1	0	0	0	0	0	0	0	0
HSPB8	CRYAB	1	0	0	0	0	0	0	0	0	0	0	1
HSPB8	CKMT2	0	0	0	1	0	0	0	0	0	0	0	0
HSPB8	ATP2A2	0	0	0	1	0	0	0	0	0	0	0	0
HSPB8	ACTA1	0	1	0	0	0	0	0	0	0	0	0	0
HSPB8	EEF1A2	1	0	0	1	0	0	0	0	0	0	0	0
HSPB8	ACTC1	0	0	0	1	0	0	0	0	1	0	0	0
HSPB8	SGCA	0	0	0	0	0	0	0	0	0	0	0	1
HSPB8	DES	0	0	0	0	0	0	0	0	0	0	0	1
HSPB8	FLNC	0	0	0	0	0	0	0	0	0	0	0	1
HSPB8	FHL1	0	0	0	0	0	0	0	0	0	0	0	1
HSPB8	DMD	0	0	0	0	0	0	0	1	0	1	1	0
HSPB8	ACTN2	0	0	0	1	0	0	0	0	0	0	0	0
HSPB8	CMYA5	0	0	0	1	0	0	0	0	0	0	1	0
HSPB8	TRIM54	0	0	0	1	0	0	0	0	0	0	0	0
HSPB8	HSPB8	1	0	0	0	0	0	0	0	0	0	0	0
TRIM55	SRL	0	0	1	0	1	0	0	0	0	0	0	0
TRIM55	SMPX	0	0	1	0	1	0	0	0	0	0	0	0
TRIM55	ALPK3	0	0	0	0	1	0	0	0	0	0	0	0
TRIM55	CASQ1	0	0	1	0	1	0	0	0	0	0	0	0
TRIM55	XIRP2	0	0	1	0	1	0	0	0	0	0	0	0
TRIM55	UNC45B	0	0	0	0	1	0	0	0	0	0	0	0
TRIM55	CACNA1S	0	0	0	0	1	0	0	0	0	0	0	0
TRIM55	HSPB7	0	0	1	1	1	0	0	0	0	0	0	0
TRIM55	CFL2	0	0	0	1	1	0	0	0	0	0	0	0
TRIM55	MB	0	0	0	0	1	0	0	0	0	0	0	0
TRIM55	MYH14	0	0	1	0	0	0	0	0	0	0	0	0
TRIM55	ENO3	0	0	0	0	1	0	0	0	0	0	0	0
TRIM55	KLHL41	0	0	1	0	1	0	0	0	0	0	0	0
TRIM55	NEB	1	0	0	0	1	0	0	0	0	0	0	0
TRIM55	MYH2	0	0	0	0	1	0	0	0	0	0	0	0
TRIM55	MYH7	0	0	0	0	1	0	0	0	0	0	0	0
TRIM55	XIRP1	0	0	1	1	1	0	0	0	0	0	0	0
TRIM55	MYO18B	0	0	1	1	1	0	0	0	0	0	0	0
TRIM55	CKM	1	0	0	0	1	0	0	0	0	0	0	0
TRIM55	CRYAB	0	0	1	1	1	0	0	0	0	0	0	0
TRIM55	CKMT2	0	0	1	0	1	0	0	0	0	0	0	0
TRIM55	ACTA1	1	0	0	0	1	0	0	0	0	0	0	0
TRIM55	EEF1A2	0	0	1	0	1	0	0	0	0	0	0	0
TRIM55	MYBPC1	1	0	0	0	1	0	0	0	0	0	0	0
TRIM55	ACTC1	0	0	1	1	1	0	0	0	0	0	0	0
TRIM55	SGCA	0	0	0	0	1	0	0	0	0	0	0	0
TRIM55	DES	1	0	1	0	1	0	0	0	0	0	0	0
TRIM55	FLNC	1	0	1	1	1	0	0	0	0	0	0	0
TRIM55	FHL1	0	0	0	0	1	0	0	0	0	0	0	0
TRIM55	ACTN2	0	0	1	1	1	0	0	0	0	0	0	0
TRIM55	CMYA5	0	0	1	0	1	0	0	0	0	0	0	0
TRIM55	TRIM54	1	0	1	1	1	0	0	0	0	0	0	0
TRIM55	HSPB8	0	0	0	1	0	0	0	0	0	0	0	0
TRIM55	TRIM55	1	0	0	0	0	0	0	0	0	0	0	0
DNAJB6	ANO5	0	1	0	0	0	0	0	0	0	0	0	0
DNAJB6	CASQ1	0	1	0	0	0	0	0	0	0	0	0	0
DNAJB6	ENO3	0	1	0	0	0	0	0	0	0	0	0	0
DNAJB6	TIA1	0	1	0	0	0	0	0	0	0	0	0	0
DNAJB6	MATR3	1	0	0	0	0	0	0	0	0	0	0	0
DNAJB6	CRYAB	0	1	0	0	0	0	0	0	0	0	0	0
DNAJB6	ACTA1	0	1	0	0	0	0	0	0	0	0	0	0
DNAJB6	MYBPC1	1	0	0	0	0	0	0	0	0	0	0	0
DNAJB6	SGCA	0	1	0	0	0	0	0	0	0	0	0	0
DNAJB6	FLNC	0	1	0	0	0	0	0	0	0	0	0	0
DNAJB6	FHL1	0	1	0	0	0	0	0	0	0	0	0	0
DNAJB6	DMD	0	1	0	0	0	0	0	0	0	0	0	0
DNAJB6	HSPB8	1	0	0	0	0	0	0	0	0	0	0	0
DNAJB6	DNAJB6	1	0	0	0	0	0	0	0	0	0	0	0
HSPB3	SRL	0	0	1	1	1	0	0	0	0	0	0	0
HSPB3	SMPX	0	0	1	1	0	0	0	0	0	0	0	0
HSPB3	ANO5	0	0	0	1	0	0	0	0	0	0	0	0
HSPB3	ALPK3	0	0	0	0	1	0	0	0	0	0	0	0
HSPB3	CASQ1	0	0	0	0	1	0	0	0	0	0	0	0
HSPB3	PLIN4	0	0	1	0	0	0	0	0	0	0	0	0
HSPB3	XIRP2	0	0	0	0	1	0	0	0	0	0	0	0
HSPB3	UNC45B	0	0	0	1	1	0	0	0	0	0	0	0
HSPB3	CACNA1S	0	0	0	0	1	0	0	0	0	0	0	0
HSPB3	HSPB7	0	0	1	1	1	0	0	0	0	0	0	0
HSPB3	CFL2	0	1	0	0	1	0	0	0	0	0	0	0
HSPB3	MB	0	0	1	1	1	0	0	0	0	0	0	0
HSPB3	MYH14	0	1	1	1	0	0	0	0	0	0	0	0
HSPB3	ENO3	0	0	1	0	1	0	0	0	0	0	0	0
HSPB3	KLHL41	0	0	0	0	1	0	0	0	0	0	0	0
HSPB3	NEB	0	0	0	0	1	0	0	0	0	0	0	0
HSPB3	TIA1	0	1	0	0	0	0	0	0	0	0	0	0
HSPB3	MYH2	0	0	0	0	1	0	0	0	0	0	0	0
HSPB3	MYH7	0	0	1	0	1	0	0	0	0	0	0	0
HSPB3	XIRP1	0	0	0	0	1	0	0	0	0	0	0	0
HSPB3	MYO18B	0	0	0	0	1	0	0	0	0	0	0	0
HSPB3	CKM	0	0	1	1	1	0	0	0	0	0	0	0
HSPB3	CRYAB	0	0	0	0	1	0	0	0	0	0	0	0
HSPB3	CKMT2	0	0	1	1	1	0	0	0	0	0	0	0
HSPB3	ACTA1	0	1	0	0	1	0	0	0	0	0	0	0
HSPB3	EEF1A2	0	0	1	1	1	0	0	0	0	0	0	0
HSPB3	ACTC1	0	0	1	1	1	0	0	0	0	0	0	0
HSPB3	SGCA	0	0	0	0	1	0	0	0	0	0	0	0
HSPB3	DES	0	0	1	0	1	0	0	0	0	0	0	0
HSPB3	FLNC	0	1	0	0	1	0	0	0	0	0	0	0
HSPB3	FHL1	0	1	0	0	1	0	0	0	0	0	0	0
HSPB3	ACTN2	0	0	1	1	1	0	0	0	0	0	0	0
HSPB3	CMYA5	0	0	1	1	0	0	0	0	0	0	0	0
HSPB3	TRIM54	0	0	1	1	1	0	0	0	0	0	0	0
HSPB3	HSPB8	1	1	0	1	0	0	0	0	0	0	0	0
HSPB3	TRIM55	0	0	1	0	1	0	0	0	0	0	0	0
HSPB3	DNAJB6	0	1	0	0	0	0	0	0	0	0	0	0
TCAP	SRL	0	0	0	1	1	1	0	0	0	0	0	0
TCAP	SMPX	0	0	1	1	1	0	0	0	0	0	0	0
TCAP	ANO5	0	0	0	1	0	0	0	0	0	0	0	0
TCAP	ALPK3	0	0	0	0	1	0	0	0	0	0	0	0
TCAP	CASQ1	0	1	0	0	1	0	0	0	0	0	0	0
TCAP	XIRP2	0	0	0	0	1	0	0	0	0	0	0	0
TCAP	UNC45B	0	0	0	1	1	0	0	0	0	0	0	0
TCAP	CACNA1S	0	0	0	0	1	1	0	0	0	0	0	0
TCAP	HSPB7	0	0	1	1	1	0	0	0	0	0	0	0
TCAP	MB	0	0	0	0	0	0	0	0	0	0	0	1
TCAP	MYH14	0	0	1	1	0	0	0	0	0	0	0	0
TCAP	ENO3	1	0	1	0	1	1	0	0	0	0	0	0
TCAP	KLHL41	1	0	0	0	1	0	0	0	0	0	0	0
TCAP	NEB	0	0	0	0	1	0	0	0	0	0	0	0
TCAP	TIA1	0	1	0	0	0	0	0	0	0	0	0	0
TCAP	MYH2	0	0	0	0	1	0	0	0	0	0	0	0
TCAP	MYH7	0	1	1	0	1	0	1	0	0	0	0	0
TCAP	GNE	0	1	0	0	0	0	0	0	0	0	0	0
TCAP	XIRP1	0	0	0	0	1	0	0	0	0	0	0	0
TCAP	MYO18B	0	0	0	0	1	0	0	0	0	0	0	0
TCAP	CKM	0	0	1	1	1	1	0	0	0	0	0	0
TCAP	CRYAB	0	1	0	0	1	0	0	0	0	0	0	0
TCAP	CKMT2	0	0	1	1	1	1	0	0	0	0	0	0
TCAP	ACTA1	0	1	0	0	1	1	1	0	0	0	0	0
TCAP	EEF1A2	0	0	1	1	1	1	0	0	0	0	0	0
TCAP	MYBPC1	0	0	0	0	1	0	0	0	0	0	0	0
TCAP	ACTC1	0	1	1	1	1	0	0	0	0	0	0	0
TCAP	SGCA	0	0	0	0	1	1	0	0	0	0	0	0
TCAP	DES	0	1	1	1	1	1	0	0	0	0	0	0
TCAP	FLNC	0	1	0	0	1	0	0	0	0	0	0	0
TCAP	FHL1	0	1	0	0	1	0	0	0	0	0	0	0
TCAP	DMD	0	1	0	0	0	0	0	0	0	0	0	0
TCAP	ACTN2	0	1	1	1	1	0	1	0	0	0	0	0
TCAP	CMYA5	0	0	1	1	1	0	0	0	0	0	0	0
TCAP	TRIM54	0	0	1	1	1	1	0	0	0	0	0	0
TCAP	TRIM55	1	0	1	0	1	0	0	0	0	0	0	0
TCAP	DNAJB6	0	1	0	0	0	0	0	0	0	0	0	0
TCAP	HSPB3	1	1	1	1	1	0	0	0	0	0	0	0
ACSS2	PLIN4	0	0	0	1	0	0	0	0	0	0	0	0
ACSS2	MYH14	0	0	0	0	0	0	0	1	0	1	1	0
ACSS2	ILVBL	0	0	0	1	0	0	0	0	0	0	0	0
ACSS2	GNE	0	0	0	0	0	0	0	0	0	1	0	0
DYSF	ANO5	0	1	0	0	0	0	0	0	0	0	0	0
DYSF	CASQ1	0	1	0	0	0	0	0	0	0	0	0	0
DYSF	PLIN4	0	0	0	0	0	1	0	0	0	0	0	0
DYSF	XIRP2	1	0	0	0	0	0	0	0	0	0	0	0
DYSF	HSPB7	0	0	0	0	0	0	0	1	0	0	0	0
DYSF	CFL2	0	1	0	0	0	0	0	0	0	0	1	0
DYSF	MYH14	0	1	0	0	0	0	0	0	0	0	0	0
DYSF	ENO3	0	1	0	0	0	0	0	0	0	0	0	0
DYSF	NEB	1	1	0	0	0	0	0	0	0	0	0	0
DYSF	TIA1	0	1	0	0	0	0	0	0	0	0	0	0
DYSF	GNE	0	1	0	0	0	0	0	0	0	0	0	0
DYSF	CRYAB	0	1	0	0	0	0	0	1	0	0	0	0
DYSF	ACTA1	0	1	0	0	0	0	0	0	0	0	0	0
DYSF	MYBPC1	1	0	0	0	0	0	0	0	0	0	0	0
DYSF	SGCA	0	1	0	0	0	0	0	0	0	0	0	0
DYSF	DES	1	1	0	0	0	0	0	0	0	0	0	0
DYSF	FLNC	1	1	0	0	0	0	0	1	0	0	0	0
DYSF	FHL1	0	1	0	0	0	0	0	0	0	0	0	0
DYSF	ACTN2	1	0	0	0	0	0	0	0	0	0	0	0
DYSF	CMYA5	1	0	0	0	0	0	0	0	0	0	0	0
DYSF	HSPB8	0	1	0	0	0	0	0	0	0	0	0	0
DYSF	DNAJB6	1	1	0	0	0	0	0	0	0	0	0	0
DYSF	HSPB3	0	1	0	0	0	0	0	0	0	0	0	0
DYSF	TCAP	0	1	0	0	0	0	0	0	0	0	0	0
SMYD1	SRL	0	0	1	1	1	0	0	0	0	0	0	0
SMYD1	SMPX	0	0	0	0	0	0	0	0	0	0	0	1
SMYD1	ANO5	0	0	1	1	0	0	0	0	0	0	0	0
SMYD1	ALPK3	0	0	0	0	1	0	0	0	0	0	0	0
SMYD1	CASQ1	0	0	1	0	1	0	0	0	0	0	0	0
SMYD1	PLIN4	0	0	0	0	0	0	0	1	0	0	1	0
SMYD1	XIRP2	0	0	1	0	1	0	0	0	0	0	0	0
SMYD1	UNC45B	0	0	1	1	1	0	0	0	1	0	0	0
SMYD1	CACNA1S	0	0	0	0	1	0	0	0	0	0	0	0
SMYD1	HSPB7	0	0	1	0	1	0	0	1	1	0	1	0
SMYD1	CFL2	0	0	0	0	0	0	0	0	0	1	0	0
SMYD1	MB	0	0	0	0	0	0	0	0	0	0	0	1
SMYD1	MYH14	0	0	1	1	0	0	0	0	0	0	0	0
SMYD1	ENO3	0	0	1	0	1	0	0	0	0	0	0	0
SMYD1	KLHL41	0	0	1	1	1	0	0	0	0	0	0	0
SMYD1	NEB	0	0	0	0	1	0	1	0	0	0	0	0
SMYD1	MYH2	0	0	0	0	1	0	0	0	0	0	0	0
SMYD1	MYH7	0	0	0	0	0	0	0	0	0	0	0	1
SMYD1	XIRP1	0	0	0	0	1	0	0	0	0	0	0	0
SMYD1	MYO18B	0	0	0	0	1	0	0	0	0	0	0	0
SMYD1	CKM	0	0	0	0	0	0	0	0	0	0	0	1
SMYD1	CRYAB	0	0	0	0	0	0	0	0	1	0	0	0
SMYD1	CKMT2	0	0	1	1	1	0	0	0	0	0	0	0
SMYD1	ATP2A2	0	0	0	1	0	0	0	0	0	0	0	0
SMYD1	ACTA1	0	0	0	0	1	0	0	0	0	0	0	0
SMYD1	EEF1A2	0	0	1	1	1	0	0	0	0	0	1	0
SMYD1	MYBPC1	0	0	0	0	1	0	1	0	0	0	0	0
SMYD1	ACTC1	0	0	1	1	1	0	0	0	1	0	0	0
SMYD1	SGCA	0	0	0	0	1	0	0	0	0	1	1	0
SMYD1	DES	0	0	0	0	0	0	0	0	0	0	0	1
SMYD1	FLNC	0	0	0	0	1	0	0	1	1	1	1	0
SMYD1	FHL1	0	0	0	0	1	0	0	0	0	0	0	0
SMYD1	ACTN2	0	0	1	1	1	0	0	0	1	0	0	0
SMYD1	CMYA5	0	0	1	1	1	0	0	0	0	0	0	0
SMYD1	TRIM54	0	0	1	1	1	0	0	0	0	0	0	0
SMYD1	HSPB8	0	0	0	1	0	0	0	1	1	1	0	0
SMYD1	TRIM55	0	0	1	0	1	0	0	0	0	0	0	0
SMYD1	HSPB3	0	0	1	1	1	0	0	0	0	0	0	0
SMYD1	TCAP	0	0	1	1	1	0	0	0	0	0	0	0
PTGIR	ANO5	1	0	0	0	0	0	0	0	0	0	0	0
PTGIR	PTGIR	1	0	0	0	0	0	0	0	0	0	0	0
VCP	MATR3	0	1	0	0	0	0	0	0	0	0	0	0
VCP	ATP2A2	0	0	0	0	0	0	0	0	0	0	0	1
VCP	EEF1A2	1	0	0	0	0	0	0	0	0	0	0	0
VCP	HSPB8	0	1	0	0	0	0	0	0	0	0	0	0
VCP	DNAJB6	0	0	0	0	1	0	0	0	0	0	0	0
VCP	DYSF	0	0	0	1	0	0	0	0	0	0	0	0
VCP	VCP	1	0	0	0	0	0	0	0	0	0	0	0
LDB3	SRL	0	0	0	0	0	0	0	0	0	0	0	1
LDB3	SMPX	0	0	0	0	0	0	0	0	0	0	0	1
LDB3	ANO5	0	0	1	1	0	0	0	0	0	0	0	0
LDB3	ALPK3	0	0	0	0	1	0	0	1	0	1	1	0
LDB3	CASQ1	0	0	0	0	1	0	1	0	0	0	0	0
LDB3	PLIN4	0	0	1	0	0	0	0	1	0	0	1	0
LDB3	XIRP2	0	0	0	0	1	1	0	0	0	0	0	0
LDB3	UNC45B	0	0	0	1	1	0	0	0	0	0	0	0
LDB3	CACNA1S	0	0	0	0	1	1	1	0	0	0	0	0
LDB3	HSPB7	0	0	0	0	0	0	0	0	0	0	0	1
LDB3	CFL2	0	0	0	0	0	0	0	0	0	0	0	1
LDB3	MB	0	0	1	0	1	1	0	0	0	0	0	0
LDB3	MYH14	0	0	1	1	0	0	0	0	0	0	0	0
LDB3	ENO3	0	0	1	0	1	0	0	0	0	0	0	0
LDB3	KLHL41	0	0	0	0	1	1	0	0	0	0	0	0
LDB3	NEB	0	0	0	0	1	1	0	0	0	0	0	0
LDB3	TIA1	0	1	0	0	0	0	0	0	0	0	0	0
LDB3	MYH2	0	0	0	0	1	1	0	0	0	0	0	0
LDB3	MYH7	0	1	1	0	1	1	0	0	0	0	0	0
LDB3	XIRP1	0	0	0	0	1	1	0	0	0	0	0	0
LDB3	MYO18B	0	0	0	0	1	1	0	0	0	0	0	0
LDB3	CKM	0	0	1	1	1	1	0	0	0	0	0	0
LDB3	CRYAB	0	1	0	0	1	1	0	1	1	0	1	0
LDB3	CKMT2	0	0	1	1	1	1	0	0	0	0	0	0
LDB3	ATP2A2	0	0	0	1	0	0	0	0	0	0	0	0
LDB3	ACTA1	0	1	0	0	1	1	0	0	0	0	0	0
LDB3	EEF1A2	0	0	1	0	1	1	0	0	0	0	0	0
LDB3	MYBPC1	0	0	0	0	1	1	0	0	0	0	0	0
LDB3	ACTC1	0	1	1	1	1	0	0	0	0	0	0	0
LDB3	SGCA	0	0	0	0	0	0	0	0	0	0	0	1
LDB3	DES	0	1	0	0	0	0	0	0	0	0	0	1
LDB3	FLNC	0	1	0	0	0	0	0	0	0	0	0	1
LDB3	FHL1	0	0	0	0	0	0	0	0	0	0	0	1
LDB3	DMD	0	1	0	0	0	0	0	0	0	0	0	1
LDB3	ACTN2	1	1	0	0	0	0	0	0	0	0	0	1
LDB3	CMYA5	0	0	1	1	0	1	0	0	1	0	1	0
LDB3	TRIM54	0	0	1	0	1	1	0	0	0	0	0	0
LDB3	HSPB8	0	0	0	0	0	0	0	1	0	1	1	0
LDB3	TRIM55	0	0	0	0	1	0	0	0	0	0	0	0
LDB3	HSPB3	0	0	1	1	1	0	0	0	0	0	0	0
LDB3	TCAP	0	1	1	1	1	1	1	0	0	0	0	0
LDB3	DYSF	0	1	0	0	0	0	0	0	0	1	0	0
LDB3	SMYD1	0	0	1	1	1	0	0	1	0	0	0	0
TNNC2	SRL	0	0	0	0	1	1	0	0	0	0	0	0
TNNC2	ALPK3	0	0	0	0	1	0	0	0	0	0	0	0
TNNC2	CASQ1	0	0	0	0	1	0	0	0	0	0	0	0
TNNC2	XIRP2	0	0	0	0	1	0	0	0	0	0	0	0
TNNC2	UNC45B	0	0	0	0	1	0	0	0	0	0	0	0
TNNC2	CACNA1S	0	0	0	0	1	1	0	0	0	0	0	0
TNNC2	HSPB7	0	0	0	0	1	0	0	0	0	0	0	0
TNNC2	MB	0	0	0	0	1	1	0	0	0	0	0	0
TNNC2	ENO3	0	0	0	0	1	0	0	0	0	0	0	0
TNNC2	KLHL41	0	0	0	0	1	0	0	0	0	0	0	0
TNNC2	NEB	0	0	0	0	1	0	0	0	0	1	0	0
TNNC2	MYH2	0	0	0	0	1	1	0	0	0	0	0	0
TNNC2	MYH7	0	0	0	0	1	1	0	0	0	0	0	0
TNNC2	XIRP1	0	0	0	0	1	0	0	0	0	0	0	0
TNNC2	MYO18B	0	0	0	0	1	0	0	0	0	0	0	0
TNNC2	CKM	0	0	0	0	1	1	0	0	0	0	0	0
TNNC2	CKMT2	0	0	0	0	1	0	0	0	0	0	0	0
TNNC2	ACTA1	0	0	0	0	1	1	0	0	0	0	0	0
TNNC2	EEF1A2	0	0	0	0	1	1	0	0	0	0	0	0
TNNC2	MYBPC1	0	0	0	0	1	1	0	0	0	0	0	0
TNNC2	ACTC1	0	0	0	0	1	0	0	0	0	0	0	0
TNNC2	SGCA	0	0	0	0	1	1	0	0	0	0	0	0
TNNC2	DES	0	0	0	0	1	1	0	0	0	0	0	0
TNNC2	FLNC	0	0	0	0	1	1	0	0	0	0	0	0
TNNC2	FHL1	0	0	0	0	1	0	0	0	0	0	0	0
TNNC2	ACTN2	0	0	0	0	1	1	0	0	0	0	0	0
TNNC2	TRIM54	0	0	0	0	1	1	0	0	0	0	0	0
TNNC2	TRIM55	0	0	0	0	1	0	0	0	0	0	0	0
TNNC2	HSPB3	0	0	0	0	1	0	0	0	0	0	0	0
TNNC2	TCAP	0	0	0	0	1	1	0	0	0	0	0	0
TNNC2	SMYD1	0	0	0	0	1	0	0	0	0	0	0	0
TNNC2	LDB3	0	0	0	0	1	1	0	0	0	0	0	0
TNNC1	SRL	0	0	1	1	1	1	0	0	0	0	0	0
TNNC1	SMPX	0	0	1	1	1	0	0	0	0	0	0	0
TNNC1	ALPK3	0	0	0	0	1	0	0	0	0	0	0	0
TNNC1	CASQ1	0	0	0	0	1	0	0	0	0	0	0	0
TNNC1	XIRP2	0	0	0	0	0	0	0	0	0	0	0	1
TNNC1	UNC45B	0	0	0	1	1	0	0	0	0	0	0	0
TNNC1	CACNA1S	0	0	0	0	1	1	0	0	0	0	0	0
TNNC1	HSPB7	0	0	1	1	1	1	0	0	0	0	0	0
TNNC1	CFL2	0	0	0	0	1	0	0	0	0	0	0	0
TNNC1	MB	0	0	0	0	0	0	0	0	0	0	0	1
TNNC1	MYH14	0	0	1	1	0	0	0	0	0	0	0	0
TNNC1	ENO3	0	0	1	0	1	0	0	0	0	0	0	0
TNNC1	KLHL41	0	0	0	0	1	0	0	0	0	0	0	0
TNNC1	NEB	0	0	0	0	1	1	0	0	0	0	0	0
TNNC1	MYH2	0	0	0	0	1	1	0	0	0	0	0	0
TNNC1	MYH7	0	1	0	0	0	0	0	0	0	0	0	1
TNNC1	XIRP1	0	0	0	0	1	1	0	0	0	0	0	0
TNNC1	MYO18B	0	0	0	1	1	1	0	0	0	0	0	0
TNNC1	CKM	0	0	0	0	0	0	0	0	0	0	0	1
TNNC1	CRYAB	0	1	0	1	1	1	0	0	0	0	0	0
TNNC1	CKMT2	0	0	1	1	1	1	0	0	0	0	0	0
TNNC1	ATP2A2	0	0	0	0	1	0	1	0	0	0	0	0
TNNC1	ACTA1	0	0	0	0	1	1	0	0	0	0	0	0
TNNC1	EEF1A2	0	0	1	1	1	1	0	0	0	0	0	0
TNNC1	MYBPC1	0	0	0	0	1	1	0	0	0	0	0	0
TNNC1	ACTC1	0	1	1	1	1	0	0	0	0	0	0	0
TNNC1	SGCA	0	0	0	1	1	1	0	0	0	0	0	0
TNNC1	DES	0	1	1	1	1	1	0	0	0	0	0	0
TNNC1	FLNC	0	0	0	0	1	1	0	0	0	0	0	0
TNNC1	FHL1	0	0	0	0	1	0	0	0	0	0	0	0
TNNC1	DMD	0	1	0	0	0	0	0	0	0	0	0	0
TNNC1	ACTN2	0	1	0	0	0	0	0	0	0	0	0	1
TNNC1	CMYA5	0	0	1	1	0	1	0	0	0	0	0	0
TNNC1	TRIM54	0	0	1	1	1	1	0	0	0	0	0	0
TNNC1	HSPB8	0	0	0	1	0	1	0	0	0	0	0	0
TNNC1	TRIM55	0	0	1	0	1	0	0	0	0	0	0	0
TNNC1	HSPB3	0	0	1	1	1	0	0	0	0	0	0	0
TNNC1	TCAP	0	1	0	0	0	0	0	0	0	0	0	1
TNNC1	SMYD1	0	0	1	1	1	0	0	0	0	0	0	0
TNNC1	LDB3	0	1	1	1	1	1	0	0	0	0	0	0
TNNC1	TNNC2	0	0	0	0	1	1	0	0	0	0	0	0
TNNC1	TNNC1	1	0	0	0	0	0	0	0	0	0	0	0
TNNI1	SRL	0	0	0	0	1	1	0	0	0	0	0	0
TNNI1	SMPX	0	0	0	0	1	0	0	0	0	0	0	0
TNNI1	ALPK3	0	0	0	0	1	0	0	0	0	0	0	0
TNNI1	CASQ1	0	0	0	0	1	0	0	0	0	0	0	0
TNNI1	XIRP2	0	0	0	0	1	0	0	0	0	0	0	0
TNNI1	UNC45B	0	0	0	0	1	0	0	0	0	0	0	0
TNNI1	CACNA1S	0	0	0	0	1	1	0	0	0	0	0	0
TNNI1	HSPB7	0	0	0	0	1	1	0	0	0	0	0	0
TNNI1	MB	0	0	0	0	1	1	0	0	0	0	0	0
TNNI1	ENO3	0	0	0	0	1	0	0	0	0	0	0	0
TNNI1	KLHL41	0	0	0	0	1	0	0	0	0	0	0	0
TNNI1	NEB	0	0	0	0	1	1	0	0	0	0	0	0
TNNI1	MYH2	0	0	0	0	1	1	0	0	0	0	0	0
TNNI1	MYH7	1	0	0	0	0	0	0	0	0	0	0	1
TNNI1	XIRP1	0	0	0	0	1	0	0	0	0	0	0	0
TNNI1	MYO18B	0	0	0	0	1	1	0	0	0	0	0	0
TNNI1	CKM	0	0	0	0	0	0	0	0	0	0	0	1
TNNI1	CRYAB	0	0	0	0	0	1	0	0	0	0	0	0
TNNI1	CKMT2	0	0	0	0	1	1	0	0	0	0	0	0
TNNI1	ACTA1	1	0	0	0	0	0	0	0	0	0	0	1
TNNI1	EEF1A2	0	0	0	0	1	1	0	0	0	0	0	0
TNNI1	MYBPC1	0	0	0	0	0	0	0	0	0	0	0	1
TNNI1	ACTC1	0	0	0	0	1	0	0	0	0	0	0	0
TNNI1	SGCA	0	0	0	0	1	0	0	0	0	0	0	0
TNNI1	DES	0	0	0	0	1	1	0	0	0	0	0	0
TNNI1	FLNC	0	0	0	0	1	1	0	0	0	0	0	0
TNNI1	FHL1	0	0	0	0	1	0	0	0	0	0	0	0
TNNI1	ACTN2	1	0	0	0	1	1	1	0	0	0	0	0
TNNI1	CMYA5	0	0	0	0	1	0	0	0	0	0	0	0
TNNI1	TRIM54	0	0	0	0	1	1	0	0	0	0	0	0
TNNI1	TRIM55	1	0	0	0	1	0	0	0	0	0	0	0
TNNI1	HSPB3	0	0	0	0	1	0	0	0	0	0	0	0
TNNI1	TCAP	0	0	0	0	1	1	1	0	0	0	0	0
TNNI1	SMYD1	0	0	0	0	1	0	0	0	0	0	0	0
TNNI1	LDB3	0	0	0	0	1	1	1	0	0	0	0	0
TNNI1	TNNC2	0	0	0	0	1	1	0	0	0	0	0	0
TNNI1	TNNC1	1	0	0	0	0	0	0	0	0	0	0	1
TNNT1	SRL	0	0	0	0	1	0	0	0	0	0	0	0
TNNT1	SMPX	0	0	0	0	1	0	0	0	0	0	0	0
TNNT1	ALPK3	0	0	0	0	1	0	0	0	0	0	0	0
TNNT1	CASQ1	0	0	0	0	1	0	0	0	0	0	0	0
TNNT1	XIRP2	0	0	0	0	0	0	0	0	0	0	0	1
TNNT1	UNC45B	0	0	0	0	1	0	0	0	0	0	0	0
TNNT1	CACNA1S	0	0	0	0	1	0	0	0	0	0	0	0
TNNT1	HSPB7	0	0	0	0	1	0	0	0	0	0	0	0
TNNT1	CFL2	0	1	0	0	0	0	0	0	0	0	0	0
TNNT1	MB	0	0	0	0	0	0	0	0	0	0	0	1
TNNT1	ENO3	0	0	0	0	1	0	0	0	0	0	0	0
TNNT1	KLHL41	0	0	0	0	1	0	0	0	0	0	0	0
TNNT1	NEB	0	1	0	0	1	0	0	0	0	1	0	0
TNNT1	MYH2	0	0	0	0	1	0	0	0	0	0	0	0
TNNT1	MYH7	0	0	0	0	0	0	0	0	0	0	0	1
TNNT1	XIRP1	0	0	0	0	1	0	0	0	0	0	0	0
TNNT1	MYO18B	0	0	0	0	1	0	0	0	0	0	0	0
TNNT1	CKM	0	0	0	0	0	0	0	0	0	0	0	1
TNNT1	CKMT2	0	0	0	0	1	0	0	0	0	0	0	0
TNNT1	ATP2A2	0	0	0	0	0	0	1	0	0	0	0	0
TNNT1	ACTA1	0	1	0	0	0	0	0	0	0	0	0	1
TNNT1	EEF1A2	0	0	0	0	1	0	0	0	0	0	0	0
TNNT1	MYBPC1	0	0	0	0	0	0	0	0	0	0	0	1
TNNT1	ACTC1	0	0	0	0	1	0	0	0	0	0	0	0
TNNT1	SGCA	0	0	0	0	1	0	0	0	0	0	0	0
TNNT1	DES	0	0	0	0	1	0	0	0	0	0	0	0
TNNT1	FLNC	0	0	0	0	1	0	0	0	0	0	0	0
TNNT1	FHL1	0	0	0	0	1	0	0	0	0	0	0	0
TNNT1	ACTN2	0	0	0	0	1	0	0	0	0	0	0	0
TNNT1	TRIM54	0	0	0	0	1	0	0	0	0	0	0	0
TNNT1	TRIM55	0	0	0	0	1	0	0	0	0	0	0	0
TNNT1	HSPB3	0	0	0	0	1	0	0	0	0	0	0	0
TNNT1	TCAP	0	0	0	0	1	0	1	0	0	0	0	0
TNNT1	SMYD1	0	0	0	0	1	0	0	0	0	0	0	0
TNNT1	LDB3	0	0	0	0	1	0	0	0	0	0	0	0
TNNT1	TNNC2	0	0	0	0	1	0	0	0	0	0	0	0
TNNT1	TNNC1	1	0	0	0	1	0	1	0	0	0	0	0
TNNT1	TNNI1	1	0	0	0	0	0	0	0	0	0	0	1
TNNT1	TNNT1	1	0	0	0	0	0	0	0	0	0	0	0
MYPN	SRL	0	0	1	1	1	0	0	0	0	0	0	0
MYPN	SMPX	0	0	1	1	1	0	0	0	0	0	0	0
MYPN	ALPK3	0	0	0	1	1	0	0	0	0	0	0	0
MYPN	CASQ1	0	0	1	0	1	0	0	0	0	0	0	0
MYPN	XIRP2	0	0	0	0	0	0	0	0	0	0	0	1
MYPN	UNC45B	0	0	1	1	1	0	1	0	0	0	0	0
MYPN	CACNA1S	0	0	0	0	1	0	0	0	0	0	0	0
MYPN	HSPB7	0	0	1	1	1	0	0	0	0	0	0	0
MYPN	CFL2	0	0	0	1	0	0	0	0	0	0	0	0
MYPN	MB	0	0	0	0	1	0	0	0	0	0	0	0
MYPN	MYH14	0	0	1	0	0	0	0	0	0	0	0	0
MYPN	ENO3	0	0	0	0	1	0	0	0	0	0	0	0
MYPN	KLHL41	0	0	1	0	1	0	1	0	0	0	0	0
MYPN	NEB	1	0	0	0	1	0	1	0	0	0	0	0
MYPN	MYH2	0	0	0	0	1	0	0	0	0	0	0	0
MYPN	MYH7	0	1	0	0	1	0	0	0	0	0	0	0
MYPN	XIRP1	0	0	1	1	1	0	0	0	0	0	0	0
MYPN	MYO18B	0	0	1	1	1	0	0	0	0	0	0	0
MYPN	CKM	0	0	0	0	1	0	0	0	0	0	0	0
MYPN	CRYAB	0	1	1	1	1	0	0	0	0	0	0	0
MYPN	CKMT2	0	0	1	0	1	0	0	0	0	0	0	0
MYPN	ACTA1	0	0	0	0	1	0	0	0	0	0	0	0
MYPN	EEF1A2	0	0	1	1	1	0	0	0	0	0	0	0
MYPN	MYBPC1	0	0	0	0	1	0	1	0	0	0	0	0
MYPN	ACTC1	0	1	1	1	1	0	0	0	0	0	0	0
MYPN	SGCA	0	0	0	0	1	0	0	0	0	0	0	0
MYPN	DES	0	1	1	1	1	0	0	0	0	0	0	0
MYPN	FLNC	0	0	1	1	1	0	0	0	0	0	0	0
MYPN	FHL1	0	0	0	0	1	0	0	0	0	0	0	0
MYPN	DMD	0	1	0	0	0	0	0	0	0	0	0	0
MYPN	ACTN2	1	1	1	1	1	0	0	0	0	0	0	0
MYPN	CMYA5	0	0	1	1	0	0	0	0	0	0	0	0
MYPN	TRIM54	0	0	1	1	1	0	1	0	0	0	0	0
MYPN	HSPB8	0	0	0	1	0	0	0	0	0	0	0	0
MYPN	TRIM55	0	0	1	1	1	0	0	0	0	0	0	0
MYPN	HSPB3	0	0	1	0	1	0	0	0	0	0	0	0
MYPN	TCAP	0	1	1	0	1	0	0	0	0	0	0	0
MYPN	SMYD1	0	0	1	0	1	0	1	0	0	0	0	0
MYPN	LDB3	0	1	0	0	1	0	0	0	0	0	0	0
MYPN	TNNC2	0	0	0	0	1	0	0	0	0	0	0	0
MYPN	TNNC1	0	1	1	1	1	0	0	0	0	0	0	0
MYPN	TNNI1	0	0	0	0	1	0	0	0	0	0	0	0
MYPN	TNNT1	0	0	0	0	1	0	0	0	0	0	0	0
MYPN	MYPN	1	0	0	0	0	0	0	0	0	0	0	0
GABPA	KLHL9	0	0	0	0	0	0	0	0	0	0	0	1
GABPA	TIA1	0	0	1	1	0	1	0	0	0	0	0	0
GABPA	ZNF652	0	0	0	1	0	0	0	0	0	0	0	0
GABPA	GNE	1	0	0	0	0	0	0	0	0	0	0	0
ANKRD1	SRL	0	0	0	0	1	0	0	0	0	0	0	0
ANKRD1	SMPX	0	0	1	1	0	0	0	0	0	0	0	0
ANKRD1	XIRP2	0	0	1	0	0	0	0	0	0	0	0	0
ANKRD1	HSPB7	0	0	1	0	0	0	0	0	0	0	0	0
ANKRD1	CFL2	0	0	0	1	0	0	0	0	0	0	0	0
ANKRD1	MYH7	0	1	0	0	0	0	0	0	0	0	0	0
ANKRD1	XIRP1	0	0	0	0	0	0	0	0	0	0	0	1
ANKRD1	MYO18B	0	0	1	1	0	0	0	0	0	0	0	0
ANKRD1	CRYAB	0	1	0	0	0	0	0	0	0	0	0	0
ANKRD1	EEF1A2	0	0	1	1	1	0	0	0	0	0	0	0
ANKRD1	MYBPC1	1	0	0	0	0	0	0	0	0	0	0	0
ANKRD1	ACTC1	0	1	0	1	0	0	0	0	0	0	0	0
ANKRD1	DES	0	1	1	1	0	0	0	0	0	0	0	0
ANKRD1	FLNC	0	0	1	1	0	0	0	0	0	0	0	0
ANKRD1	DMD	0	1	0	0	0	0	0	0	0	0	0	0
ANKRD1	ACTN2	0	1	1	1	0	0	0	0	0	0	0	0
ANKRD1	TRIM54	0	0	0	1	0	0	0	0	0	0	0	0
ANKRD1	TRIM55	1	0	1	1	0	0	0	0	0	0	0	0
ANKRD1	DNAJB6	1	0	0	0	0	0	0	0	0	0	0	0
ANKRD1	TCAP	0	1	0	0	0	0	0	0	0	0	0	0
ANKRD1	DYSF	1	0	0	0	0	0	0	0	0	0	0	0
ANKRD1	LDB3	0	1	0	0	0	0	0	0	0	0	0	0
ANKRD1	TNNC1	0	1	0	0	0	0	0	0	0	0	0	0
ANKRD1	MYPN	1	1	1	1	1	0	0	0	0	0	0	0
TRIM63	SRL	0	0	1	1	1	1	0	0	0	0	0	0
TRIM63	SMPX	0	0	1	1	0	0	0	0	0	0	0	0
TRIM63	ALPK3	0	0	0	0	1	0	0	0	0	0	0	0
TRIM63	CASQ1	0	0	0	0	1	0	0	0	0	0	0	0
TRIM63	XIRP2	0	0	0	0	1	1	0	0	0	0	0	0
TRIM63	UNC45B	0	0	0	1	1	0	0	0	0	0	0	0
TRIM63	CACNA1S	0	0	0	0	1	0	0	0	0	0	0	0
TRIM63	HSPB7	0	0	1	1	1	1	0	0	0	0	0	0
TRIM63	MB	0	0	1	1	1	1	0	0	0	0	0	0
TRIM63	MYH14	0	0	1	1	0	0	0	0	0	0	0	0
TRIM63	ENO3	1	0	1	0	1	0	0	0	0	0	0	0
TRIM63	KLHL41	0	0	0	0	1	1	0	0	0	0	0	0
TRIM63	NEB	1	0	0	0	1	1	0	0	0	0	0	0
TRIM63	MYH2	0	0	0	0	1	0	0	0	0	0	0	0
TRIM63	MYH7	0	0	1	0	1	1	0	0	0	0	0	0
TRIM63	XIRP1	0	0	1	0	1	0	0	0	0	0	0	0
TRIM63	MYO18B	0	0	1	1	1	1	0	0	0	0	0	0
TRIM63	CKM	1	0	0	0	0	0	0	0	0	0	0	1
TRIM63	CKMT2	0	0	1	1	1	1	0	0	0	0	0	0
TRIM63	ACTA1	1	0	0	0	1	1	0	0	0	0	0	0
TRIM63	EEF1A2	0	0	1	1	1	0	0	0	0	0	0	0
TRIM63	MYBPC1	1	0	0	0	1	1	0	0	0	0	0	0
TRIM63	ACTC1	1	0	1	0	0	0	0	0	0	0	0	0
TRIM63	SGCA	0	0	0	0	1	0	0	0	0	0	0	0
TRIM63	DES	1	0	1	1	1	1	0	0	0	0	0	0
TRIM63	FLNC	1	0	0	0	1	1	0	0	0	0	0	0
TRIM63	FHL1	0	0	0	0	1	0	0	0	0	0	0	0
TRIM63	ACTN2	0	0	1	1	1	1	0	0	0	0	0	0
TRIM63	CMYA5	0	0	1	1	1	1	0	0	0	0	0	0
TRIM63	TRIM54	1	0	1	1	1	1	0	0	0	0	0	0
TRIM63	TRIM55	1	0	1	0	1	0	0	0	0	0	0	0
TRIM63	HSPB3	0	0	1	0	1	0	0	0	0	0	0	0
TRIM63	TCAP	1	0	1	1	1	0	0	0	0	0	0	0
TRIM63	SMYD1	0	0	1	0	1	0	0	0	0	0	0	0
TRIM63	LDB3	0	0	1	0	1	0	0	0	0	0	0	0
TRIM63	TNNC2	0	0	0	0	1	0	0	0	0	0	0	0
TRIM63	TNNC1	1	0	1	1	1	1	0	0	0	0	0	0
TRIM63	TNNI1	1	0	0	0	1	0	0	0	0	0	0	0
TRIM63	TNNT1	1	0	0	0	1	0	0	0	0	0	0	0
TRIM63	MYPN	0	0	1	1	1	0	0	0	0	0	0	0
TRIM63	ANKRD1	1	0	1	0	0	0	0	0	0	0	0	0
TRIM63	TRIM63	1	0	0	0	0	0	0	0	0	0	0	0
MYOM2	SRL	0	0	0	1	1	0	0	0	0	0	0	0
MYOM2	SMPX	0	0	1	1	1	0	0	0	0	0	0	0
MYOM2	ANO5	0	0	0	1	0	0	0	0	0	0	0	0
MYOM2	ALPK3	0	0	0	0	1	0	0	0	0	0	0	0
MYOM2	CASQ1	0	0	0	0	1	0	0	0	0	0	0	0
MYOM2	PLIN4	0	0	1	0	0	0	0	0	0	0	0	0
MYOM2	XIRP2	0	0	0	0	1	0	0	0	0	0	0	0
MYOM2	UNC45B	0	0	0	1	1	0	0	0	0	0	0	0
MYOM2	CACNA1S	0	0	0	0	1	0	0	0	0	0	0	0
MYOM2	HSPB7	0	0	0	0	1	0	0	0	0	0	0	0
MYOM2	CFL2	0	0	0	0	1	0	0	0	0	0	0	0
MYOM2	MB	0	0	1	1	1	0	0	0	0	0	0	0
MYOM2	MYH14	0	0	1	1	0	0	0	0	0	0	0	0
MYOM2	ENO3	0	0	1	0	1	0	0	0	0	0	0	0
MYOM2	KLHL41	0	0	0	0	1	0	0	0	0	0	0	0
MYOM2	NEB	1	0	0	0	1	0	0	0	0	0	0	0
MYOM2	MYH2	0	0	0	0	1	0	0	0	0	0	0	0
MYOM2	MYH7	1	0	1	0	1	0	0	0	0	0	0	0
MYOM2	XIRP1	0	0	0	0	1	0	0	0	0	0	0	0
MYOM2	MYO18B	0	0	0	0	1	0	0	0	0	0	0	0
MYOM2	CKM	1	0	1	1	1	0	0	0	0	0	0	0
MYOM2	CRYAB	0	0	0	0	1	0	0	0	0	0	0	0
MYOM2	CKMT2	0	0	1	1	1	0	0	0	0	0	0	0
MYOM2	ACTA1	0	0	0	0	1	0	1	0	0	0	0	0
MYOM2	EEF1A2	0	0	1	1	1	0	0	0	0	0	0	0
MYOM2	MYBPC1	0	0	0	0	1	0	0	0	0	0	0	0
MYOM2	ACTC1	0	0	1	1	1	0	0	0	0	0	0	0
MYOM2	SGCA	0	0	0	0	1	0	0	0	0	0	0	0
MYOM2	DES	0	0	1	0	1	0	0	0	0	0	0	0
MYOM2	FLNC	0	0	0	0	1	0	0	0	0	0	0	0
MYOM2	FHL1	0	0	0	0	1	0	0	0	0	0	0	0
MYOM2	ACTN2	1	0	1	1	1	0	0	0	0	0	0	0
MYOM2	CMYA5	0	0	1	1	0	0	0	0	0	0	0	0
MYOM2	TRIM54	0	0	1	1	1	0	0	0	0	0	0	0
MYOM2	HSPB8	0	0	0	1	0	0	0	0	0	0	0	0
MYOM2	TRIM55	0	0	0	0	1	0	0	0	0	0	0	0
MYOM2	HSPB3	0	0	1	1	1	0	0	0	0	0	0	0
MYOM2	TCAP	0	0	1	1	1	0	0	0	0	0	0	0
MYOM2	DYSF	1	0	0	0	0	0	0	0	0	0	0	0
MYOM2	SMYD1	0	0	1	1	1	0	0	0	0	0	0	0
MYOM2	LDB3	0	0	1	1	1	0	0	0	0	0	0	0
MYOM2	TNNC2	0	0	0	0	1	0	0	0	0	0	0	0
MYOM2	TNNC1	0	0	1	1	1	0	0	0	0	0	0	0
MYOM2	TNNI1	0	0	0	0	1	0	0	0	0	0	0	0
MYOM2	TNNT1	1	0	0	0	1	0	0	0	0	0	0	0
MYOM2	MYPN	0	0	0	0	1	0	0	0	0	0	0	0
MYOM2	ANKRD1	1	0	0	0	0	0	0	0	0	0	0	0
MYOM2	TRIM63	0	0	1	1	1	0	0	0	0	0	0	0
MYOM2	MYOM2	1	0	0	0	0	0	0	0	0	0	0	0
MYOM1	SRL	0	0	1	1	1	0	0	0	0	0	0	0
MYOM1	SMPX	0	0	0	0	0	0	0	0	0	0	0	1
MYOM1	ANO5	0	0	1	1	0	0	1	0	0	0	0	0
MYOM1	ALPK3	0	0	0	0	1	0	0	1	0	1	1	0
MYOM1	CASQ1	0	0	0	0	1	0	0	0	0	0	0	0
MYOM1	PLIN4	0	0	0	0	0	0	0	1	0	1	0	0
MYOM1	UNC45B	0	0	1	1	1	0	0	0	0	0	0	0
MYOM1	CACNA1S	0	0	0	0	1	0	1	0	0	0	0	0
MYOM1	HSPB7	0	0	0	0	0	0	0	0	0	0	0	1
MYOM1	CFL2	0	0	0	0	0	0	0	0	0	0	0	1
MYOM1	MB	0	0	0	0	1	0	0	0	0	0	0	0
MYOM1	MYH14	0	0	1	1	0	0	0	0	0	0	0	0
MYOM1	ENO3	0	0	0	0	1	0	0	0	0	0	0	0
MYOM1	KLHL41	0	0	1	1	1	0	0	0	0	0	0	0
MYOM1	NEB	0	0	0	0	1	0	0	0	0	0	0	0
MYOM1	MYH7	0	0	0	0	1	0	0	0	0	0	0	0
MYOM1	MYO18B	0	0	1	0	1	0	0	0	0	0	0	0
MYOM1	CKM	0	0	0	0	1	0	0	0	0	0	0	0
MYOM1	CRYAB	0	0	0	1	1	0	0	1	0	0	1	0
MYOM1	CKMT2	0	0	1	1	1	0	0	0	0	0	0	0
MYOM1	ATP2A2	0	0	0	1	0	0	0	0	0	0	0	0
MYOM1	ACTA1	0	0	0	0	1	0	0	0	0	0	0	0
MYOM1	MYBPC1	0	0	0	0	0	0	1	0	0	0	0	0
MYOM1	ACTC1	0	0	1	1	1	0	0	0	0	0	0	0
MYOM1	SGCA	0	0	0	0	0	0	0	0	0	0	0	1
MYOM1	DES	0	0	0	0	1	0	0	1	0	1	1	0
MYOM1	FLNC	0	0	0	0	1	0	0	1	0	1	1	0
MYOM1	FHL1	0	0	0	0	0	0	0	0	0	0	0	1
MYOM1	DMD	0	0	0	0	0	0	0	0	0	0	0	1
MYOM1	ACTN2	0	0	1	1	1	0	1	0	0	0	0	0
MYOM1	CMYA5	0	0	1	1	0	0	0	1	1	0	1	0
MYOM1	TRIM54	0	0	1	1	1	0	0	0	0	0	0	0
MYOM1	HSPB8	0	0	0	1	0	0	0	1	0	1	1	0
MYOM1	TRIM55	0	0	1	0	1	0	0	0	0	0	0	0
MYOM1	DNAJB6	1	0	0	0	0	0	0	0	0	0	0	0
MYOM1	HSPB3	0	0	1	1	1	0	0	0	0	0	0	0
MYOM1	TCAP	0	0	0	1	1	0	1	0	0	0	0	0
MYOM1	DYSF	1	0	0	0	0	0	0	0	0	1	0	0
MYOM1	SMYD1	0	0	1	1	1	0	0	0	0	0	1	0
MYOM1	LDB3	0	0	0	0	0	0	0	0	0	0	0	1
MYOM1	TNNC2	0	0	0	0	1	0	0	0	0	0	0	0
MYOM1	TNNC1	0	0	1	1	1	0	0	0	0	0	0	0
MYOM1	TNNI1	0	0	0	0	1	0	1	0	0	0	0	0
MYOM1	MYPN	0	0	1	1	1	0	0	0	0	0	0	0
MYOM1	TRIM63	0	0	0	0	1	0	0	0	0	0	0	0
MYOM1	MYOM2	0	0	0	0	0	0	0	0	0	0	0	1
MYOM1	MYOM1	1	0	0	0	0	0	0	0	0	0	0	0
MYOZ2	SRL	0	0	1	1	1	0	0	0	0	0	0	0
MYOZ2	SMPX	0	0	1	1	0	0	0	0	0	0	0	0
MYOZ2	ANO5	0	0	1	1	0	0	0	0	0	0	0	0
MYOZ2	ALPK3	0	0	0	0	1	0	0	0	0	0	0	0
MYOZ2	CASQ1	0	0	1	0	1	0	0	0	0	0	0	0
MYOZ2	XIRP2	0	0	1	0	1	0	0	0	0	0	0	0
MYOZ2	UNC45B	0	0	1	1	1	0	0	0	0	0	0	0
MYOZ2	CACNA1S	0	0	0	0	1	0	0	0	0	0	0	0
MYOZ2	HSPB7	0	0	1	1	1	0	0	0	0	0	0	0
MYOZ2	CFL2	0	0	0	0	1	0	0	0	0	0	0	0
MYOZ2	MB	0	0	1	1	1	0	0	0	0	0	0	0
MYOZ2	MYH14	0	0	1	1	0	0	0	0	0	0	0	0
MYOZ2	ENO3	0	0	0	0	1	0	0	0	0	0	0	0
MYOZ2	KLHL41	0	0	1	1	1	0	0	0	0	0	0	0
MYOZ2	NEB	0	0	0	0	1	0	0	0	0	0	0	0
MYOZ2	MYH2	0	0	0	0	1	0	0	0	0	0	0	0
MYOZ2	MYH7	0	0	1	0	1	0	0	0	0	0	0	0
MYOZ2	XIRP1	0	0	0	0	1	0	0	0	0	0	0	0
MYOZ2	MYO18B	0	0	1	1	1	0	0	0	0	0	0	0
MYOZ2	CKM	0	0	0	1	1	0	0	0	0	0	0	0
MYOZ2	CRYAB	0	0	1	1	1	0	0	0	0	0	0	0
MYOZ2	CKMT2	0	0	1	1	1	0	0	0	0	0	0	0
MYOZ2	ATP2A2	0	0	0	1	0	0	0	0	0	0	0	0
MYOZ2	ACTA1	0	0	0	0	1	0	0	0	0	0	0	0
MYOZ2	EEF1A2	0	0	1	1	1	0	0	0	0	0	0	0
MYOZ2	MYBPC1	0	0	0	0	1	0	0	0	0	0	0	0
MYOZ2	ACTC1	0	1	1	1	1	0	0	0	0	0	0	0
MYOZ2	SGCA	0	0	0	0	1	0	0	0	0	0	0	0
MYOZ2	DES	0	0	1	1	1	0	0	0	0	0	0	0
MYOZ2	FLNC	1	0	0	0	1	0	0	0	0	0	0	0
MYOZ2	FHL1	0	0	0	0	1	0	0	0	0	0	0	0
MYOZ2	ACTN2	1	1	1	1	1	0	1	0	0	0	0	0
MYOZ2	CMYA5	0	0	1	1	0	0	0	0	0	0	0	0
MYOZ2	TRIM54	0	0	1	1	1	0	0	0	0	0	0	0
MYOZ2	HSPB8	0	0	0	1	0	0	0	0	0	0	0	0
MYOZ2	TRIM55	0	0	1	1	1	0	0	0	0	0	0	0
MYOZ2	HSPB3	0	0	1	1	1	0	0	0	0	0	0	0
MYOZ2	TCAP	1	0	1	1	1	0	0	0	0	0	0	0
MYOZ2	SMYD1	0	0	1	1	1	0	0	0	0	0	0	0
MYOZ2	LDB3	1	0	1	1	1	0	0	0	0	0	0	0
MYOZ2	TNNC2	0	0	0	0	1	0	0	0	0	0	0	0
MYOZ2	TNNC1	0	0	1	1	1	0	1	0	0	0	0	0
MYOZ2	TNNI1	0	0	0	0	1	0	0	0	0	0	0	0
MYOZ2	TNNT1	0	0	0	0	1	0	0	0	0	0	0	0
MYOZ2	MYPN	0	1	1	1	1	0	0	0	0	0	0	0
MYOZ2	ANKRD1	0	0	0	1	0	0	0	0	0	0	0	0
MYOZ2	TRIM63	0	0	1	1	1	0	0	0	0	0	0	0
MYOZ2	MYOM2	0	0	1	1	1	0	0	0	0	0	0	0
MYOZ2	MYOM1	0	0	1	1	1	0	0	0	0	0	0	0
NRAP	SRL	0	0	1	0	1	1	0	0	0	0	0	0
NRAP	SMPX	0	0	1	1	0	0	0	0	0	0	0	0
NRAP	ALPK3	0	0	0	1	1	0	0	0	0	0	0	0
NRAP	CASQ1	0	0	0	0	1	0	0	0	0	0	0	0
NRAP	XIRP2	0	0	0	0	0	0	0	0	0	0	0	1
NRAP	UNC45B	0	0	0	0	1	0	0	0	0	0	0	0
NRAP	CACNA1S	0	0	0	0	1	1	0	0	0	0	0	0
NRAP	HSPB7	0	0	1	1	1	1	0	0	0	0	0	0
NRAP	MB	0	0	0	0	0	0	0	0	0	0	0	1
NRAP	MYH14	0	0	1	0	0	0	0	0	0	0	0	0
NRAP	ENO3	0	0	1	0	1	0	0	0	0	0	0	0
NRAP	KLHL41	1	0	0	0	0	0	0	0	0	0	0	1
NRAP	NEB	0	0	0	0	0	0	0	0	0	0	0	1
NRAP	MYH2	0	0	0	0	0	0	0	0	0	0	0	1
NRAP	MYH7	0	0	0	0	0	0	0	0	0	0	0	1
NRAP	XIRP1	0	0	1	1	1	1	0	0	0	0	0	0
NRAP	MYO18B	0	0	0	0	0	0	0	0	0	0	0	1
NRAP	CKM	0	0	0	0	0	0	0	0	0	0	0	1
NRAP	CRYAB	0	0	1	1	0	1	0	0	0	0	0	0
NRAP	CKMT2	0	0	1	0	1	1	0	0	0	0	0	0
NRAP	ACTA1	1	0	0	0	0	0	0	0	0	0	0	1
NRAP	EEF1A2	0	0	0	0	0	0	0	0	0	0	0	1
NRAP	MYBPC1	0	0	0	0	0	0	0	0	0	0	0	1
NRAP	ACTC1	0	0	1	1	1	0	0	0	0	0	0	0
NRAP	SGCA	0	0	0	0	1	0	0	0	0	0	0	0
NRAP	DES	0	0	1	1	1	1	0	0	0	0	0	0
NRAP	FLNC	0	0	1	1	1	1	0	0	0	0	0	0
NRAP	FHL1	0	0	0	0	1	0	0	0	0	0	0	0
NRAP	ACTN2	1	0	0	0	0	0	0	0	0	0	0	1
NRAP	CMYA5	0	0	1	0	0	1	0	0	0	0	0	0
NRAP	TRIM54	0	0	1	1	1	1	0	0	0	0	0	0
NRAP	TRIM55	0	0	1	1	1	0	0	0	0	0	0	0
NRAP	HSPB3	0	0	1	0	1	0	0	0	0	0	0	0
NRAP	TCAP	0	0	1	0	1	0	0	0	0	0	0	0
NRAP	SMYD1	0	0	0	0	0	0	0	0	0	0	0	1
NRAP	LDB3	0	0	1	0	1	1	0	0	0	0	0	0
NRAP	TNNC2	0	0	0	0	1	1	0	0	0	0	0	0
NRAP	TNNC1	0	0	0	0	0	0	0	0	0	0	0	1
NRAP	TNNI1	0	0	0	0	0	0	0	0	0	0	0	1
NRAP	TNNT1	0	0	0	0	0	0	0	0	0	0	0	1
NRAP	MYPN	0	0	0	0	0	0	0	0	0	0	0	1
NRAP	ANKRD1	0	0	1	1	0	0	0	0	0	0	0	0
NRAP	TRIM63	1	0	1	0	1	1	0	0	0	0	0	0
NRAP	MYOM2	0	0	1	0	1	0	0	0	0	0	0	0
NRAP	MYOM1	0	0	1	0	1	0	0	0	0	0	0	0
NRAP	MYOZ2	0	0	1	1	1	0	0	0	0	0	0	0
EGFR	ANO5	1	0	0	0	0	0	0	0	0	0	0	0
EGFR	ILVBL	1	0	0	0	0	0	0	0	0	0	0	0
EGFR	MATR3	1	0	0	0	0	0	0	0	0	0	0	0
EGFR	ATP2A2	1	0	0	0	0	0	0	0	0	0	0	0
EGFR	ACTA1	1	0	0	0	0	0	0	0	0	0	0	0
EGFR	EGFR	1	0	0	0	0	0	0	0	0	0	0	0
CSRP3	SRL	0	0	0	1	1	1	0	0	0	0	0	0
CSRP3	SMPX	0	0	1	1	0	0	1	0	0	0	0	0
CSRP3	CASQ1	0	0	0	0	1	0	0	0	0	0	0	0
CSRP3	XIRP2	0	0	1	0	1	0	0	0	0	0	0	0
CSRP3	UNC45B	0	0	0	1	1	0	0	0	0	0	0	0
CSRP3	CACNA1S	0	0	0	0	1	0	0	0	0	0	0	0
CSRP3	HSPB7	0	0	1	1	0	1	0	0	0	0	0	0
CSRP3	CFL2	1	0	0	0	0	0	0	0	0	0	0	0
CSRP3	MB	0	0	0	0	0	0	0	0	0	0	0	1
CSRP3	ENO3	0	0	1	0	1	0	0	0	0	0	0	0
CSRP3	KLHL41	0	0	0	0	1	0	0	0	0	0	0	0
CSRP3	NEB	0	0	0	0	1	0	0	0	0	0	0	0
CSRP3	MYH2	0	0	0	0	1	0	0	0	0	0	0	0
CSRP3	MYH7	0	1	0	0	0	0	0	0	0	0	0	1
CSRP3	XIRP1	0	0	0	0	0	0	0	0	0	0	0	1
CSRP3	MYO18B	0	0	0	1	1	0	0	0	0	0	0	0
CSRP3	CKM	0	0	0	0	0	0	0	0	0	0	0	1
CSRP3	CRYAB	0	0	0	1	0	1	0	0	0	0	0	0
CSRP3	CKMT2	0	0	0	1	0	1	0	0	0	0	0	0
CSRP3	ACTA1	0	0	0	0	1	1	0	0	0	0	0	0
CSRP3	EEF1A2	0	0	1	1	1	0	0	0	0	0	0	0
CSRP3	MYBPC1	0	0	0	0	1	0	0	0	0	0	0	0
CSRP3	ACTC1	0	1	0	1	1	0	0	0	0	0	0	0
CSRP3	SGCA	0	0	0	0	1	0	0	0	0	0	0	0
CSRP3	DES	0	1	1	1	1	1	0	0	0	0	0	0
CSRP3	FLNC	0	0	0	0	1	1	0	0	0	0	0	0
CSRP3	FHL1	1	0	0	0	1	0	0	0	0	0	0	0
CSRP3	DMD	0	1	0	0	0	0	0	0	0	0	0	0
CSRP3	ACTN2	1	1	1	1	1	1	0	0	0	0	0	0
CSRP3	CMYA5	0	0	1	0	0	0	0	0	0	0	0	0
CSRP3	TRIM54	0	0	1	1	1	0	0	0	0	0	0	0
CSRP3	HSPB8	0	0	0	1	0	0	0	0	0	0	0	0
CSRP3	TRIM55	0	0	1	1	1	0	0	0	0	0	0	0
CSRP3	HSPB3	0	0	1	0	1	0	0	0	0	0	0	0
CSRP3	TCAP	1	1	1	0	1	0	0	0	0	0	0	0
CSRP3	SMYD1	0	0	1	0	1	0	0	0	0	0	0	0
CSRP3	LDB3	0	1	0	0	1	1	0	0	0	0	0	0
CSRP3	TNNC2	0	0	0	0	1	0	0	0	0	0	0	0
CSRP3	TNNC1	0	1	0	0	0	0	0	0	0	0	0	1
CSRP3	TNNI1	0	0	0	0	1	0	0	0	0	0	0	0
CSRP3	TNNT1	0	0	0	0	1	0	0	0	0	0	0	0
CSRP3	MYPN	0	1	1	1	1	0	0	0	0	0	0	0
CSRP3	ANKRD1	0	1	1	1	0	0	0	0	0	0	0	0
CSRP3	TRIM63	0	0	1	1	1	0	0	0	0	0	0	0
CSRP3	MYOM2	0	0	1	0	1	0	0	0	0	0	0	0
CSRP3	MYOZ2	0	0	1	1	1	0	0	0	0	0	0	0
CSRP3	NRAP	1	0	0	0	0	0	0	0	0	0	0	1
CSRP3	CSRP3	1	0	0	0	0	0	0	0	0	0	0	0
CAV3	SRL	0	0	1	0	1	0	0	0	0	0	0	0
CAV3	SMPX	0	0	1	1	0	0	0	0	0	0	0	0
CAV3	ALPK3	0	0	0	0	1	0	0	0	0	0	0	0
CAV3	CASQ1	0	1	0	0	1	0	0	0	0	0	0	0
CAV3	PLIN4	0	0	1	0	0	0	0	0	0	0	0	0
CAV3	XIRP2	0	0	0	0	1	0	0	0	0	0	0	0
CAV3	UNC45B	0	0	1	1	1	0	0	0	0	0	0	0
CAV3	CACNA1S	0	0	0	0	1	0	1	0	0	0	0	0
CAV3	HSPB7	0	0	1	0	1	0	0	0	0	0	0	0
CAV3	MB	0	0	0	1	1	0	0	0	0	0	0	0
CAV3	MYH14	0	0	1	1	0	0	0	0	0	0	0	0
CAV3	ENO3	0	1	1	0	1	0	0	0	0	0	0	0
CAV3	KLHL41	0	0	0	0	1	0	0	0	0	0	0	0
CAV3	NEB	0	0	0	0	1	0	0	0	0	0	0	0
CAV3	MYH2	0	0	0	0	1	0	0	0	0	0	0	0
CAV3	MYH7	0	1	0	0	1	0	0	0	0	0	0	0
CAV3	XIRP1	0	0	0	0	1	0	0	0	0	0	0	0
CAV3	MYO18B	0	0	0	0	1	0	0	0	0	0	0	0
CAV3	CKM	0	0	0	1	1	0	0	0	0	0	0	0
CAV3	CRYAB	0	0	0	0	1	0	0	0	0	0	0	0
CAV3	CKMT2	0	0	1	0	1	0	0	0	0	0	0	0
CAV3	ACTA1	0	0	0	0	1	0	0	0	0	0	0	0
CAV3	EEF1A2	0	0	1	1	1	0	0	0	0	0	0	0
CAV3	MYBPC1	0	0	0	0	1	0	0	0	0	0	0	0
CAV3	ACTC1	0	0	1	0	1	0	0	0	0	0	0	0
CAV3	SGCA	0	1	1	0	1	0	0	0	0	0	0	0
CAV3	DES	0	1	1	0	1	0	0	0	0	0	0	0
CAV3	FLNC	0	0	0	0	1	0	0	0	0	0	0	0
CAV3	FHL1	0	0	0	0	1	0	0	0	0	0	0	0
CAV3	ACTN2	0	0	1	0	1	0	0	0	0	0	0	0
CAV3	CMYA5	0	0	1	0	0	0	0	0	0	0	0	0
CAV3	TRIM54	0	0	1	0	1	0	0	0	0	0	0	0
CAV3	TRIM55	0	0	0	0	1	0	0	0	0	0	0	0
CAV3	HSPB3	0	0	1	1	1	0	0	0	0	0	0	0
CAV3	TCAP	0	0	1	1	1	0	0	0	0	0	0	0
CAV3	DYSF	1	0	0	0	0	0	0	0	0	0	0	0
CAV3	SMYD1	0	0	1	1	1	0	0	0	0	0	0	0
CAV3	LDB3	0	0	1	1	1	0	0	0	0	0	0	0
CAV3	TNNC2	0	0	0	0	1	0	0	0	0	0	0	0
CAV3	TNNC1	0	0	1	0	1	0	0	0	0	0	0	0
CAV3	TNNI1	0	0	0	0	1	0	0	0	0	0	0	0
CAV3	TNNT1	0	0	0	0	1	0	0	0	0	0	0	0
CAV3	MYPN	0	0	0	0	1	0	0	0	0	0	0	0
CAV3	TRIM63	0	0	0	0	1	0	0	0	0	0	0	0
CAV3	MYOM2	0	0	1	1	1	0	0	0	0	0	0	0
CAV3	MYOM1	0	0	1	0	1	0	0	0	0	0	0	0
CAV3	MYOZ2	0	0	1	1	1	0	0	0	0	0	0	0
CAV3	NRAP	0	0	0	0	1	0	0	0	0	0	0	0
CAV3	EGFR	1	0	0	0	0	0	0	0	0	0	0	0
CAV3	CSRP3	0	0	0	0	1	0	0	0	0	0	0	0
TRDN	SRL	0	0	0	1	1	1	0	0	0	0	0	0
TRDN	SMPX	0	0	0	1	0	0	0	0	0	0	0	0
TRDN	ANO5	0	0	0	1	0	0	0	0	0	0	0	0
TRDN	ALPK3	0	0	0	0	1	0	0	0	0	0	0	0
TRDN	CASQ1	0	0	0	0	1	0	1	0	0	0	0	0
TRDN	XIRP2	0	0	0	0	1	1	0	0	0	0	0	0
TRDN	UNC45B	0	0	0	1	1	0	0	0	0	0	0	0
TRDN	CACNA1S	0	0	0	0	1	1	0	0	0	0	0	0
TRDN	HSPB7	0	0	0	0	1	1	0	0	0	0	0	0
TRDN	MB	0	0	0	0	0	0	0	0	0	0	0	1
TRDN	MYH14	0	0	0	1	0	0	0	0	0	0	0	0
TRDN	ENO3	0	0	0	0	1	0	0	0	0	0	0	0
TRDN	KLHL41	0	0	0	0	1	1	0	0	0	0	0	0
TRDN	NEB	0	0	0	0	1	1	0	0	0	0	0	0
TRDN	MYH2	0	0	0	0	1	1	0	0	0	0	0	0
TRDN	MYH7	0	0	1	0	1	1	0	0	0	0	0	0
TRDN	XIRP1	0	0	0	0	1	0	0	0	0	0	0	0
TRDN	MYO18B	0	0	0	0	1	0	0	0	0	0	0	0
TRDN	CKM	0	0	0	0	0	0	0	0	0	0	0	1
TRDN	CKMT2	0	0	0	1	1	1	0	0	0	0	0	0
TRDN	ACTA1	0	0	0	0	1	1	0	0	0	0	0	0
TRDN	EEF1A2	0	0	1	1	1	0	0	0	0	0	0	0
TRDN	MYBPC1	0	0	0	0	1	1	0	0	0	0	0	0
TRDN	ACTC1	0	0	0	0	1	0	0	0	0	0	0	0
TRDN	SGCA	0	0	0	0	1	0	0	0	0	0	0	0
TRDN	DES	0	0	1	0	1	1	0	0	0	0	0	0
TRDN	FLNC	0	0	0	0	1	1	0	0	0	0	0	0
TRDN	FHL1	0	0	0	0	1	0	0	0	0	0	0	0
TRDN	ACTN2	0	0	0	0	1	1	0	0	0	0	0	0
TRDN	CMYA5	0	0	0	1	0	1	0	0	0	0	0	0
TRDN	TRIM54	0	0	1	1	1	1	0	0	0	0	0	0
TRDN	TRIM55	0	0	0	0	1	0	0	0	0	0	0	0
TRDN	HSPB3	0	0	1	1	1	0	0	0	0	0	0	0
TRDN	TCAP	0	0	1	1	1	0	0	0	0	0	0	0
TRDN	SMYD1	0	0	1	1	1	0	0	0	0	0	0	0
TRDN	LDB3	0	0	1	1	1	1	0	0	0	0	0	0
TRDN	TNNC2	0	0	0	0	1	0	0	0	0	0	0	0
TRDN	TNNC1	0	0	0	0	0	0	0	0	0	0	0	1
TRDN	TNNI1	0	0	0	0	1	1	0	0	0	0	0	0
TRDN	TNNT1	0	0	0	0	1	0	0	0	0	0	0	0
TRDN	MYPN	0	0	0	0	1	0	1	0	0	0	0	0
TRDN	TRIM63	0	0	0	0	1	1	0	0	0	0	0	0
TRDN	MYOM2	0	0	1	1	1	0	0	0	0	0	0	0
TRDN	MYOM1	0	0	0	1	1	0	0	0	0	0	0	0
TRDN	MYOZ2	0	0	0	1	1	0	0	0	0	0	0	0
TRDN	NRAP	0	0	0	0	0	0	0	0	0	0	0	1
TRDN	CSRP3	0	0	1	0	1	0	0	0	0	0	0	0
TRDN	CAV3	0	0	0	1	1	0	0	0	0	0	0	0
SPINK7	SMPX	1	0	0	0	0	0	0	0	0	0	0	0
SPINK7	SPINK7	1	0	0	0	0	0	0	0	0	0	0	0
TPM3	ALPK3	0	0	0	0	1	0	0	0	0	0	0	0
TPM3	CFL2	0	1	0	0	1	0	0	0	0	0	0	0
TPM3	MB	0	0	0	0	0	0	1	0	0	0	0	0
TPM3	KLHL41	0	1	0	0	0	0	0	0	0	0	0	0
TPM3	NEB	0	1	0	0	0	0	0	0	0	0	0	0
TPM3	MYH2	0	1	0	0	0	0	0	0	0	0	0	0
TPM3	MYH7	0	1	0	0	0	0	1	0	0	0	0	0
TPM3	GNE	0	1	0	0	0	0	0	0	0	0	0	0
TPM3	CRYAB	0	1	0	0	1	0	0	0	0	0	0	0
TPM3	ATP2A2	0	0	0	0	1	0	1	0	0	0	0	0
TPM3	ACTA1	1	1	0	0	0	0	0	0	0	0	0	0
TPM3	SGCA	0	1	0	0	0	0	0	0	0	0	0	0
TPM3	DES	0	1	0	0	1	0	0	0	0	0	0	0
TPM3	FLNC	0	0	0	0	1	0	0	0	0	0	0	0
TPM3	FHL1	0	1	0	0	1	0	0	0	0	0	0	0
TPM3	ACTN2	1	0	0	0	0	0	0	0	0	0	0	0
TPM3	HSPB8	0	1	0	0	1	0	0	0	0	0	0	0
TPM3	DYSF	0	0	0	0	1	0	0	0	0	0	0	0
TPM3	VCP	0	0	0	0	0	0	0	0	0	0	0	1
TPM3	TNNC1	0	0	0	0	1	0	1	0	0	0	0	0
TPM3	TNNI1	0	0	0	0	0	0	1	0	0	0	0	0
TPM3	TNNT1	1	1	0	0	1	0	1	0	0	0	0	0
TPM3	MYOM2	0	0	0	0	1	0	0	0	0	0	0	0
TPM3	EGFR	1	0	0	0	0	0	0	0	0	0	0	0
TPM3	TPM3	1	0	0	0	0	0	0	0	0	0	0	0
SQSTM1	MYH14	0	0	0	0	0	0	1	0	0	0	0	0
SQSTM1	TIA1	0	1	0	0	0	0	0	0	0	0	0	0
SQSTM1	MATR3	0	1	0	0	0	0	0	0	0	0	0	0
SQSTM1	GNE	0	1	0	0	0	0	0	0	0	0	0	0
SQSTM1	ATP2A2	0	0	0	0	0	0	0	0	1	0	0	0
SQSTM1	ACTA1	0	1	0	0	0	0	0	0	0	0	0	0
SQSTM1	SGCA	0	1	0	0	0	0	0	0	0	0	0	0
SQSTM1	DES	0	1	0	0	0	0	0	0	0	0	0	0
SQSTM1	FLNC	0	1	0	0	0	0	0	0	0	0	0	0
SQSTM1	FHL1	0	1	0	0	0	0	0	0	0	0	0	0
SQSTM1	TRIM55	1	0	0	0	0	0	0	0	0	0	0	0
SQSTM1	DNAJB6	0	1	0	1	0	0	0	0	0	0	0	0
SQSTM1	HSPB3	0	1	0	0	0	0	0	0	0	0	0	0
SQSTM1	VCP	0	1	0	0	0	0	1	0	0	0	0	0
SQSTM1	TRIM63	1	0	0	0	0	0	0	0	0	0	0	0
SQSTM1	SQSTM1	1	0	0	0	0	0	0	0	0	0	0	0
SGCG	SRL	0	0	1	1	1	0	0	0	0	0	0	0
SGCG	SMPX	0	0	1	1	0	0	0	0	0	0	0	0
SGCG	ANO5	0	1	1	1	0	0	0	0	0	0	0	0
SGCG	ALPK3	0	0	0	0	1	0	0	0	0	0	0	0
SGCG	CASQ1	0	0	0	0	1	0	0	0	0	0	0	0
SGCG	PLIN4	0	0	1	0	0	0	0	0	0	0	0	0
SGCG	XIRP2	0	0	0	0	1	0	0	0	0	0	0	0
SGCG	UNC45B	0	0	0	1	1	0	0	0	0	0	0	0
SGCG	CACNA1S	0	0	0	0	1	0	0	0	0	0	0	0
SGCG	HSPB7	0	0	1	0	1	0	0	0	0	0	0	0
SGCG	MB	0	0	1	1	1	0	0	0	0	0	0	0
SGCG	MYH14	0	0	1	1	0	0	0	0	0	0	0	0
SGCG	ENO3	1	0	1	0	1	0	0	0	0	0	0	0
SGCG	KLHL41	0	0	0	0	1	0	0	0	0	0	0	0
SGCG	NEB	0	0	0	0	1	0	0	0	0	0	0	0
SGCG	MYH2	0	0	0	0	1	0	0	0	0	0	0	0
SGCG	MYH7	0	1	1	0	1	0	0	0	0	0	0	0
SGCG	MYO18B	0	0	0	0	1	0	0	0	0	0	0	0
SGCG	CKM	0	0	1	1	1	0	0	0	0	0	0	0
SGCG	CKMT2	0	0	1	1	1	0	0	0	0	0	0	0
SGCG	ACTA1	0	1	0	0	1	0	0	0	0	0	0	0
SGCG	EEF1A2	0	0	1	1	0	0	0	0	0	0	0	0
SGCG	MYBPC1	1	0	0	0	0	0	0	0	0	0	0	0
SGCG	ACTC1	0	0	1	0	1	0	0	0	0	0	0	0
SGCG	SGCA	0	1	0	0	1	0	0	0	0	0	0	0
SGCG	DES	0	1	1	0	1	0	0	0	0	0	0	0
SGCG	FLNC	1	0	0	0	1	0	0	0	0	0	0	0
SGCG	FHL1	0	1	0	0	1	0	0	0	0	0	0	0
SGCG	ACTN2	0	0	1	0	1	0	0	0	0	0	0	0
SGCG	CMYA5	0	0	1	1	0	0	0	0	0	0	0	0
SGCG	TRIM54	0	0	1	1	1	0	0	0	0	0	0	0
SGCG	TRIM55	0	0	1	0	1	0	0	0	0	0	0	0
SGCG	DNAJB6	1	0	0	0	0	0	0	0	0	0	0	0
SGCG	HSPB3	0	0	1	1	1	0	0	0	0	0	0	0
SGCG	TCAP	0	0	1	1	1	0	0	0	0	0	0	0
SGCG	DYSF	1	0	0	0	0	0	0	0	0	0	0	0
SGCG	SMYD1	0	0	1	1	1	0	0	0	0	0	0	0
SGCG	LDB3	0	0	1	1	1	0	0	0	0	0	0	0
SGCG	TNNC2	0	0	0	0	1	0	0	0	0	0	0	0
SGCG	TNNC1	0	0	1	1	1	0	0	0	0	0	0	0
SGCG	TNNI1	0	0	0	0	1	0	0	0	0	0	0	0
SGCG	TNNT1	0	0	0	0	1	0	0	0	0	0	0	0
SGCG	MYPN	0	0	1	0	1	0	0	0	0	0	0	0
SGCG	TRIM63	0	0	1	1	1	0	0	0	0	0	0	0
SGCG	MYOM2	0	0	1	1	1	0	0	0	0	0	0	0
SGCG	MYOM1	0	0	1	1	1	0	0	0	0	0	0	0
SGCG	MYOZ2	0	0	1	1	1	0	0	0	0	0	0	0
SGCG	NRAP	0	0	1	0	1	0	0	0	0	0	0	0
SGCG	CSRP3	0	0	1	0	1	0	0	0	0	0	0	0
SGCG	CAV3	0	0	1	1	1	0	0	0	0	0	0	0
SGCG	TRDN	0	0	1	1	1	0	0	0	0	0	0	0
PYGM	SRL	0	0	0	0	1	0	1	0	0	0	0	0
PYGM	SMPX	0	0	0	0	0	0	0	1	1	0	0	0
PYGM	ALPK3	0	0	0	0	1	1	0	1	0	1	0	0
PYGM	CASQ1	0	1	0	0	1	0	1	0	0	0	0	0
PYGM	PLIN4	0	0	1	0	0	0	0	1	0	1	0	0
PYGM	XIRP2	0	0	0	0	1	0	0	0	0	0	0	0
PYGM	UNC45B	0	0	0	0	1	0	0	0	0	0	0	0
PYGM	CACNA1S	0	0	0	0	1	0	0	0	0	0	0	0
PYGM	HSPB7	0	0	0	0	1	0	0	1	1	0	0	0
PYGM	CFL2	0	0	0	0	0	0	0	1	0	1	1	0
PYGM	MB	0	0	0	0	1	0	1	0	0	0	0	0
PYGM	ENO3	0	1	1	0	1	0	1	0	0	0	0	0
PYGM	KLHL41	0	0	0	0	1	0	0	0	0	0	0	0
PYGM	NEB	0	0	0	0	1	0	0	0	0	0	0	0
PYGM	TIA1	0	1	0	0	0	0	0	0	0	0	0	0
PYGM	MYH2	0	0	0	0	1	0	0	0	0	0	0	0
PYGM	MYH7	0	0	0	0	1	0	0	0	0	0	0	0
PYGM	XIRP1	0	0	0	0	1	0	0	0	0	0	0	0
PYGM	MYO18B	0	0	0	0	1	0	0	0	0	0	0	0
PYGM	CKM	0	0	0	0	1	0	1	0	0	0	0	0
PYGM	CRYAB	0	0	0	0	1	0	0	1	1	0	0	0
PYGM	CKMT2	0	0	1	1	1	0	0	0	0	0	0	0
PYGM	ACTA1	0	0	0	0	1	0	1	0	0	0	0	0
PYGM	EEF1A2	0	0	0	0	1	0	0	0	0	0	0	0
PYGM	MYBPC1	0	0	0	0	1	0	0	0	0	0	0	0
PYGM	ACTC1	0	0	1	0	1	0	0	0	0	0	0	0
PYGM	SGCA	0	0	0	0	0	0	0	0	0	0	0	1
PYGM	DES	0	0	0	0	1	0	0	1	1	0	0	0
PYGM	FLNC	0	0	0	0	1	0	0	1	1	0	0	0
PYGM	FHL1	0	0	0	0	1	0	0	1	1	0	0	0
PYGM	DMD	0	0	0	0	0	0	0	1	1	0	0	0
PYGM	ACTN2	0	0	0	0	1	0	1	0	1	0	0	0
PYGM	CMYA5	0	0	0	0	0	0	0	1	1	0	1	0
PYGM	TRIM54	1	0	0	0	1	0	0	0	0	0	0	0
PYGM	HSPB8	0	0	0	0	0	0	0	1	0	1	1	0
PYGM	TRIM55	1	0	0	0	1	0	0	0	0	0	0	0
PYGM	HSPB3	0	0	1	1	1	0	0	0	0	0	0	0
PYGM	TCAP	0	0	0	0	1	0	0	0	0	0	0	0
PYGM	DYSF	0	0	0	0	0	0	0	1	0	1	0	0
PYGM	SMYD1	0	0	0	0	1	0	0	1	1	0	0	0
PYGM	LDB3	0	0	0	0	0	0	0	0	0	0	0	1
PYGM	TNNC2	0	0	0	0	1	0	0	0	0	0	0	0
PYGM	TNNC1	0	0	0	0	1	0	0	0	0	0	0	0
PYGM	TNNI1	0	0	0	0	1	0	0	0	0	0	0	0
PYGM	TNNT1	0	0	0	0	1	0	0	0	0	0	0	0
PYGM	MYPN	0	0	0	0	1	0	0	0	0	0	0	0
PYGM	TRIM63	1	0	0	0	1	0	0	0	0	0	0	0
PYGM	MYOM2	0	0	1	0	1	0	1	0	0	0	0	0
PYGM	MYOM1	0	0	0	0	0	0	0	0	0	0	0	1
PYGM	MYOZ2	0	0	0	0	1	0	0	0	0	0	0	0
PYGM	NRAP	0	0	0	0	1	0	0	0	0	0	0	0
PYGM	CSRP3	0	0	0	0	1	0	0	0	0	0	0	0
PYGM	CAV3	0	1	1	0	1	0	0	0	0	0	0	0
PYGM	TRDN	0	0	0	0	1	0	0	0	0	0	0	0
PYGM	SGCG	1	0	1	0	1	0	0	0	0	0	0	0
PYGM	PYGM	1	0	0	0	0	0	0	0	0	0	0	0
RYR1	SRL	0	0	0	0	1	0	0	0	0	0	0	0
RYR1	SMPX	0	0	0	0	1	0	0	0	0	0	0	0
RYR1	ALPK3	0	0	0	0	1	0	0	0	0	0	0	0
RYR1	CASQ1	0	0	0	0	1	0	0	0	0	0	0	0
RYR1	XIRP2	0	0	0	0	1	0	0	0	0	0	0	0
RYR1	UNC45B	0	0	0	0	1	0	1	0	0	0	0	0
RYR1	CACNA1S	1	0	0	0	1	0	0	0	0	0	0	0
RYR1	HSPB7	0	0	0	0	1	0	0	0	0	0	0	0
RYR1	CFL2	0	1	0	0	0	0	0	0	0	0	0	0
RYR1	MB	0	0	0	0	1	0	0	0	0	0	0	0
RYR1	ENO3	0	1	0	0	1	0	0	0	0	0	0	0
RYR1	KLHL41	0	1	0	0	1	0	1	0	0	0	0	0
RYR1	NEB	0	1	0	0	1	1	1	0	0	0	0	0
RYR1	MYH2	0	1	0	0	1	0	0	0	0	0	0	0
RYR1	MYH7	0	1	0	0	1	0	0	0	0	0	0	0
RYR1	XIRP1	0	0	0	0	1	0	0	0	0	0	0	0
RYR1	MYO18B	0	0	0	0	1	0	1	0	0	0	0	0
RYR1	CKM	0	0	0	0	1	0	0	0	0	0	0	0
RYR1	CRYAB	0	1	0	0	1	0	0	0	0	0	0	0
RYR1	CKMT2	0	0	0	0	1	0	0	0	0	0	0	0
RYR1	ACTA1	0	1	0	0	1	0	0	0	0	0	0	0
RYR1	EEF1A2	0	0	0	0	1	1	1	0	0	0	0	0
RYR1	MYBPC1	0	0	0	0	1	0	0	0	0	0	0	0
RYR1	ACTC1	0	0	0	0	1	0	0	0	0	0	0	0
RYR1	SGCA	0	1	0	0	1	1	0	0	0	0	0	0
RYR1	DES	0	1	0	0	1	0	1	0	0	0	0	0
RYR1	FLNC	0	1	0	0	1	0	0	0	0	0	0	0
RYR1	FHL1	0	1	0	0	1	0	0	0	0	0	0	0
RYR1	DMD	0	1	0	0	0	0	0	0	0	0	0	0
RYR1	ACTN2	0	0	0	0	1	0	0	0	0	0	0	0
RYR1	CMYA5	0	0	0	0	1	0	1	0	0	0	0	0
RYR1	TRIM54	0	0	0	0	1	0	1	0	0	0	0	0
RYR1	TRIM55	0	0	0	0	1	0	0	0	0	0	0	0
RYR1	HSPB3	0	0	0	0	1	0	0	0	0	0	0	0
RYR1	TCAP	0	0	0	0	1	0	0	0	0	0	0	0
RYR1	DYSF	0	1	0	0	0	0	0	0	0	0	0	0
RYR1	SMYD1	0	0	0	0	1	0	0	0	0	0	0	0
RYR1	LDB3	0	0	0	0	1	0	0	0	0	0	0	0
RYR1	TNNC2	0	0	0	0	1	0	0	0	0	0	0	0
RYR1	TNNC1	0	0	0	0	1	1	0	0	0	0	0	0
RYR1	TNNI1	0	0	0	0	1	0	0	0	0	0	0	0
RYR1	TNNT1	0	0	0	0	1	0	0	0	0	0	0	0
RYR1	MYPN	0	0	0	0	1	0	1	0	0	0	0	0
RYR1	TRIM63	0	0	0	0	1	0	0	0	0	0	0	0
RYR1	MYOM2	1	0	0	0	1	0	0	0	0	0	0	0
RYR1	MYOM1	0	0	0	0	1	0	0	0	0	0	0	0
RYR1	MYOZ2	0	0	0	0	1	0	0	0	0	0	0	0
RYR1	NRAP	0	0	0	0	1	0	0	0	0	0	0	0
RYR1	CSRP3	0	0	0	0	1	0	0	0	0	0	0	0
RYR1	CAV3	0	0	0	0	1	0	0	0	0	0	0	0
RYR1	TRDN	1	0	0	0	1	0	0	0	0	0	0	0
RYR1	TPM3	0	1	0	0	0	0	0	0	0	0	0	0
RYR1	SGCG	0	0	0	0	1	0	0	0	0	0	0	0
RYR1	PYGM	0	0	0	0	1	0	0	0	0	0	0	0
RYR1	RYR1	1	0	0	0	0	0	0	0	0	0	0	0
AKAP6	SRL	0	0	0	1	0	0	0	0	0	0	0	0
AKAP6	SMPX	0	0	0	0	0	0	0	1	1	0	1	0
AKAP6	ALPK3	0	0	0	0	0	0	0	0	0	0	0	1
AKAP6	PLIN4	0	0	0	0	0	0	0	1	0	0	0	0
AKAP6	UNC45B	0	0	1	1	0	0	0	0	0	0	0	0
AKAP6	HSPB7	0	0	0	1	0	0	0	1	1	0	0	0
AKAP6	CFL2	0	0	0	0	0	0	0	1	1	0	1	0
AKAP6	MYH14	0	0	0	1	0	0	0	0	0	0	0	0
AKAP6	KLHL41	0	0	0	1	0	0	0	0	0	0	0	0
AKAP6	CRYAB	0	0	0	0	0	0	0	1	1	0	1	0
AKAP6	CKMT2	0	0	0	1	0	0	0	0	0	0	0	0
AKAP6	ATP2A2	0	0	1	1	0	0	0	0	0	0	0	0
AKAP6	EEF1A2	0	0	0	0	0	0	0	0	0	0	1	0
AKAP6	SGCA	0	0	0	0	0	0	0	0	0	0	0	1
AKAP6	DES	0	0	0	0	0	0	0	1	1	0	1	0
AKAP6	FLNC	0	0	0	0	0	0	0	1	1	1	1	0
AKAP6	FHL1	0	0	0	0	0	0	0	1	1	0	0	0
AKAP6	DMD	0	0	0	0	0	0	0	0	0	0	0	1
AKAP6	ACTN2	0	0	0	1	0	0	0	0	1	0	0	0
AKAP6	CMYA5	0	0	0	1	0	0	0	0	1	0	1	0
AKAP6	HSPB8	0	0	1	1	0	0	0	1	1	0	0	0
AKAP6	SMYD1	0	0	0	0	0	0	0	0	1	0	1	0
AKAP6	LDB3	0	0	0	0	0	0	0	1	1	1	1	0
AKAP6	MYPN	0	0	0	1	0	0	0	0	0	0	0	0
AKAP6	MYOM2	0	0	0	1	0	0	0	0	0	0	0	0
AKAP6	MYOM1	0	0	0	0	0	0	0	0	0	0	0	1
AKAP6	MYOZ2	0	0	0	1	0	0	0	0	0	0	0	0
AKAP6	PYGM	0	0	0	0	0	0	0	1	1	0	0	0
PKIA	SRL	0	0	1	1	1	0	0	0	0	0	0	0
PKIA	SMPX	0	0	1	1	1	0	1	0	0	0	0	0
PKIA	ANO5	0	0	1	1	0	0	1	0	0	0	0	0
PKIA	ALPK3	0	0	0	0	1	0	0	0	0	0	0	0
PKIA	CASQ1	0	0	0	0	1	0	1	0	0	0	0	0
PKIA	XIRP2	0	0	0	0	1	0	0	0	0	0	0	0
PKIA	UNC45B	0	0	1	1	1	0	0	0	0	0	0	0
PKIA	CACNA1S	0	0	0	0	1	0	1	0	0	0	0	0
PKIA	HSPB7	0	0	0	0	1	0	0	0	0	0	0	0
PKIA	CFL2	0	0	0	0	0	0	1	0	0	0	0	0
PKIA	MB	0	0	0	0	1	0	0	0	0	0	0	0
PKIA	MYH14	0	0	1	1	0	0	0	0	0	0	0	0
PKIA	ENO3	0	0	0	0	1	0	0	0	0	0	0	0
PKIA	KLHL41	0	0	1	1	1	0	0	0	0	0	0	0
PKIA	NEB	0	0	0	0	1	0	0	0	0	0	0	0
PKIA	MYH2	0	0	0	0	1	0	0	0	0	0	0	0
PKIA	MYH7	0	0	0	0	1	0	0	0	0	0	0	0
PKIA	XIRP1	0	0	0	0	1	0	0	0	0	0	0	0
PKIA	MYO18B	0	0	0	0	1	0	0	0	0	0	0	0
PKIA	CKM	0	0	0	0	1	0	0	0	0	0	0	0
PKIA	CKMT2	0	0	1	1	1	0	0	0	0	0	0	0
PKIA	ATP2A2	0	0	1	0	0	0	0	0	0	0	0	0
PKIA	ACTA1	0	0	0	0	1	0	0	0	0	0	0	0
PKIA	EEF1A2	0	0	1	1	1	0	0	1	0	0	0	0
PKIA	MYBPC1	0	0	0	0	1	0	0	0	0	0	0	0
PKIA	ACTC1	0	0	0	0	1	0	0	0	0	0	0	0
PKIA	SGCA	0	0	0	0	1	0	0	0	0	0	0	0
PKIA	DES	0	0	0	0	1	0	0	0	0	0	0	0
PKIA	FLNC	0	0	0	0	1	0	0	0	0	0	0	0
PKIA	FHL1	0	0	0	0	1	0	1	0	0	0	0	0
PKIA	ACTN2	0	0	1	1	1	0	1	0	0	0	0	0
PKIA	CMYA5	0	0	1	1	0	0	0	0	0	0	0	0
PKIA	TRIM54	0	0	0	1	1	0	0	0	0	0	0	0
PKIA	HSPB8	0	0	0	1	0	0	0	0	0	0	0	0
PKIA	TRIM55	0	0	0	0	1	0	0	0	0	0	0	0
PKIA	HSPB3	0	0	1	0	1	0	0	0	0	0	0	0
PKIA	TCAP	0	0	0	0	1	0	0	0	0	0	0	0
PKIA	SMYD1	0	0	1	0	1	0	0	0	0	0	0	0
PKIA	LDB3	0	0	0	0	1	0	1	0	0	0	0	0
PKIA	TNNC2	0	0	0	0	1	0	0	0	0	0	0	0
PKIA	TNNC1	0	0	0	0	1	0	0	0	0	0	0	0
PKIA	TNNI1	0	0	0	0	1	0	0	0	0	0	0	0
PKIA	TNNT1	0	0	0	0	1	0	0	0	0	0	0	0
PKIA	MYPN	0	0	1	0	1	0	0	0	0	0	0	0
PKIA	TRIM63	0	0	1	0	1	0	0	0	0	0	0	0
PKIA	MYOM2	0	0	0	1	1	0	0	0	0	0	0	0
PKIA	MYOM1	0	0	1	0	1	0	1	0	0	0	0	0
PKIA	MYOZ2	0	0	1	1	1	0	0	0	0	0	0	0
PKIA	NRAP	0	0	1	0	1	0	0	0	0	0	0	0
PKIA	EGFR	1	0	0	0	0	0	0	0	0	0	0	0
PKIA	CSRP3	0	0	1	1	1	0	0	0	0	0	0	0
PKIA	CAV3	0	0	0	0	1	0	0	0	0	0	0	0
PKIA	TRDN	0	0	0	1	1	0	0	0	0	0	0	0
PKIA	TPM3	0	0	0	0	1	0	0	0	0	0	0	0
PKIA	SGCG	0	0	1	1	1	0	0	0	1	0	0	0
PKIA	PYGM	0	0	0	0	1	0	0	0	0	0	1	0
PKIA	RYR1	0	0	0	0	1	0	0	0	0	0	0	0
PKIA	AKAP6	0	0	0	1	0	0	0	0	0	0	0	0
MYOZ1	SRL	0	0	0	0	1	1	0	0	0	0	0	0
MYOZ1	SMPX	0	0	0	0	0	0	1	0	0	0	0	0
MYOZ1	ALPK3	0	0	0	0	1	0	0	0	0	0	0	0
MYOZ1	CASQ1	0	0	0	0	1	0	1	0	0	0	0	0
MYOZ1	XIRP2	0	0	0	0	1	0	0	0	0	0	0	0
MYOZ1	UNC45B	0	0	0	0	1	0	0	0	0	0	0	0
MYOZ1	CACNA1S	0	0	0	0	1	1	1	0	0	0	0	0
MYOZ1	HSPB7	0	0	0	0	1	1	0	0	0	0	0	0
MYOZ1	MB	0	0	0	0	1	1	0	0	0	0	0	0
MYOZ1	ENO3	0	0	0	0	1	0	0	0	0	0	0	0
MYOZ1	KLHL41	0	0	0	0	1	1	0	0	0	0	0	0
MYOZ1	NEB	0	0	0	0	1	1	0	0	0	0	0	0
MYOZ1	MYH2	0	0	0	0	1	1	0	0	0	0	0	0
MYOZ1	MYH7	0	0	0	0	1	1	0	0	0	0	0	0
MYOZ1	XIRP1	0	0	0	0	1	0	0	0	0	0	0	0
MYOZ1	MYO18B	0	0	0	0	1	1	0	0	0	0	0	0
MYOZ1	CKM	0	0	0	0	1	1	0	0	0	0	0	0
MYOZ1	CRYAB	0	0	0	0	0	1	0	0	0	0	0	0
MYOZ1	CKMT2	0	0	0	0	1	1	0	0	0	0	0	0
MYOZ1	ACTA1	0	0	0	0	1	1	0	0	0	0	0	0
MYOZ1	EEF1A2	0	0	0	0	1	1	0	0	0	0	0	0
MYOZ1	MYBPC1	0	0	0	0	1	1	0	0	0	0	0	0
MYOZ1	ACTC1	0	0	0	0	1	0	0	0	0	0	0	0
MYOZ1	SGCA	0	0	0	0	1	1	0	0	0	0	0	0
MYOZ1	DES	0	0	0	0	1	1	0	0	0	0	0	0
MYOZ1	FLNC	1	0	0	0	1	1	0	0	0	0	0	0
MYOZ1	FHL1	0	0	0	0	1	0	0	0	0	0	0	0
MYOZ1	ACTN2	1	0	0	0	1	1	1	0	0	0	0	0
MYOZ1	CMYA5	0	0	0	0	0	1	0	0	0	0	0	0
MYOZ1	TRIM54	0	0	0	0	1	1	0	0	0	0	0	0
MYOZ1	TRIM55	1	0	0	0	1	0	0	0	0	0	0	0
MYOZ1	HSPB3	0	0	0	0	1	0	0	0	0	0	0	0
MYOZ1	TCAP	1	0	0	0	1	1	1	0	0	0	0	0
MYOZ1	SMYD1	0	0	0	0	1	0	0	0	0	0	0	0
MYOZ1	LDB3	1	0	0	0	1	1	1	0	0	0	0	0
MYOZ1	TNNC2	0	0	0	0	1	1	1	0	0	0	0	0
MYOZ1	TNNC1	0	0	0	0	1	1	0	0	0	0	0	0
MYOZ1	TNNI1	0	0	0	0	1	1	0	0	0	0	0	0
MYOZ1	TNNT1	0	0	0	0	1	0	0	0	0	0	0	0
MYOZ1	MYPN	0	0	0	0	1	0	0	0	0	0	0	0
MYOZ1	TRIM63	1	0	0	0	1	1	0	0	0	0	0	0
MYOZ1	MYOM2	0	0	0	0	1	0	0	0	0	0	0	0
MYOZ1	MYOM1	0	0	0	0	1	0	1	0	0	0	0	0
MYOZ1	MYOZ2	0	0	0	0	1	0	0	0	0	0	0	0
MYOZ1	NRAP	0	0	0	0	1	1	0	0	0	0	0	0
MYOZ1	CSRP3	0	0	0	0	1	0	0	0	0	0	0	0
MYOZ1	CAV3	0	0	0	0	1	0	1	0	0	0	0	0
MYOZ1	TRDN	0	0	0	0	1	1	0	0	0	0	0	0
MYOZ1	SGCG	0	0	0	0	1	0	0	0	0	0	0	0
MYOZ1	PYGM	0	0	0	0	1	0	1	0	0	0	0	0
MYOZ1	RYR1	0	0	0	0	1	1	0	0	0	0	0	0
MYOZ1	PKIA	0	0	0	0	1	0	1	0	0	0	0	0
MYOT	SRL	0	0	0	0	1	1	0	0	0	0	0	0
MYOT	SMPX	0	0	0	0	1	0	1	0	0	0	0	0
MYOT	ANO5	0	1	0	0	0	0	0	0	0	0	0	0
MYOT	ALPK3	0	0	0	0	1	0	0	0	0	0	0	0
MYOT	CASQ1	0	1	1	0	1	0	0	0	0	0	0	0
MYOT	XIRP2	0	0	1	0	1	1	0	0	0	0	0	0
MYOT	UNC45B	0	0	0	0	1	0	0	0	0	0	0	0
MYOT	CACNA1S	0	0	0	0	1	1	0	0	0	0	0	0
MYOT	HSPB7	0	0	0	0	1	0	0	0	0	0	0	0
MYOT	CFL2	0	1	0	0	1	0	1	0	0	0	0	0
MYOT	MB	0	0	0	0	1	1	0	0	0	0	0	0
MYOT	MYH14	0	1	0	0	0	0	0	0	0	0	0	0
MYOT	ENO3	0	1	0	0	1	0	0	0	0	0	0	0
MYOT	KLHL41	0	0	0	0	1	1	0	0	0	0	0	0
MYOT	NEB	0	1	0	0	1	1	0	0	0	0	0	0
MYOT	TIA1	0	1	0	0	0	0	0	0	0	0	0	0
MYOT	MYH2	0	1	0	0	1	1	0	0	0	0	0	0
MYOT	MYH7	0	1	0	0	1	0	0	0	0	0	0	0
MYOT	GNE	0	1	0	0	0	0	0	0	0	0	0	0
MYOT	XIRP1	0	0	0	0	1	0	0	0	0	0	0	0
MYOT	MYO18B	0	0	0	0	1	0	0	0	0	0	0	0
MYOT	CKM	0	0	0	0	1	1	0	0	0	0	0	0
MYOT	CRYAB	0	1	0	0	1	0	0	0	0	0	0	0
MYOT	CKMT2	0	0	0	0	1	1	0	0	0	0	0	0
MYOT	ACTA1	0	1	0	0	1	1	0	0	0	0	0	0
MYOT	EEF1A2	0	0	0	0	1	0	0	0	0	0	0	0
MYOT	MYBPC1	0	0	0	0	1	1	0	0	0	0	0	0
MYOT	ACTC1	0	0	0	0	1	0	0	0	0	0	0	0
MYOT	SGCA	0	1	0	0	1	0	0	0	0	0	0	0
MYOT	DES	0	1	0	0	1	0	0	0	0	0	0	0
MYOT	FLNC	1	1	1	0	1	1	0	0	0	0	0	0
MYOT	FHL1	0	1	1	0	1	0	0	0	0	0	0	0
MYOT	DMD	0	1	0	0	0	0	0	0	0	0	0	0
MYOT	ACTN2	1	0	0	0	1	1	1	0	1	0	0	0
MYOT	CMYA5	0	0	0	0	0	1	0	0	1	0	0	0
MYOT	TRIM54	0	0	0	0	1	1	0	0	0	0	0	0
MYOT	HSPB8	0	1	0	0	0	0	0	0	0	0	0	0
MYOT	TRIM55	1	0	0	0	1	0	0	0	0	0	0	0
MYOT	DNAJB6	0	1	0	0	0	0	0	0	0	0	0	0
MYOT	HSPB3	0	1	0	0	1	0	0	0	0	0	0	0
MYOT	TCAP	0	1	0	0	1	0	0	0	0	0	0	0
MYOT	DYSF	0	1	0	0	0	0	0	0	0	0	0	0
MYOT	SMYD1	0	0	0	0	1	0	0	0	0	0	0	0
MYOT	LDB3	0	1	0	0	1	1	1	0	0	0	0	0
MYOT	TNNC2	0	0	0	0	1	0	0	0	0	0	0	0
MYOT	TNNC1	0	0	0	0	1	1	0	0	0	0	0	0
MYOT	TNNI1	0	0	0	0	1	1	0	0	0	0	0	0
MYOT	TNNT1	0	0	0	0	1	0	0	0	0	0	0	0
MYOT	MYPN	0	0	0	0	1	0	0	0	0	0	0	0
MYOT	TRIM63	1	0	0	0	1	0	0	0	0	0	0	0
MYOT	MYOM2	0	0	0	0	1	0	0	0	0	0	0	0
MYOT	MYOM1	0	0	0	0	1	0	1	0	0	0	0	0
MYOT	MYOZ2	0	0	0	0	1	0	0	0	0	0	0	0
MYOT	NRAP	0	0	0	0	1	1	0	0	0	0	0	0
MYOT	CSRP3	0	0	0	0	1	0	0	0	0	0	0	0
MYOT	CAV3	0	1	0	0	1	0	0	0	0	0	0	0
MYOT	TRDN	0	0	0	0	1	1	0	0	0	0	0	0
MYOT	TPM3	0	1	0	0	1	0	0	0	0	0	0	0
MYOT	SQSTM1	0	1	0	0	0	0	0	0	0	0	0	0
MYOT	SGCG	0	0	0	0	1	0	0	0	1	0	0	0
MYOT	PYGM	0	0	0	0	1	0	0	0	0	0	0	0
MYOT	RYR1	0	1	0	0	1	0	0	0	0	0	0	0
MYOT	PKIA	0	0	0	0	1	0	1	0	0	0	0	0
MYOT	MYOZ1	0	0	0	0	1	1	0	0	0	0	0	0
MYOT	MYOT	1	0	0	0	0	0	0	0	0	0	0	0
DNM2	MYH14	0	0	0	0	0	0	0	1	0	1	0	0
DNM2	NEB	0	1	0	0	0	0	0	0	0	0	0	0
DNM2	TIA1	0	1	0	0	0	0	0	0	0	0	0	0
DNM2	MYH7	0	1	0	0	0	0	0	0	0	0	0	0
DNM2	GNE	0	0	0	0	0	0	0	0	0	1	0	0
DNM2	ACTA1	0	1	0	0	0	0	0	0	0	0	0	0
DNM2	FLNC	0	1	0	0	0	0	0	0	0	0	0	0
DNM2	HSPB8	0	1	0	0	0	0	0	0	0	0	0	0
DNM2	HSPB3	0	1	0	0	0	0	0	0	0	0	0	0
DNM2	ACSS2	0	0	0	0	0	0	0	1	1	1	0	0
DNM2	DYSF	0	1	0	0	0	0	0	0	0	0	0	0
DNM2	VCP	0	0	0	1	0	1	0	0	0	0	0	0
DNM2	TNNI1	0	0	0	0	0	0	0	0	0	0	1	0
DNM2	EGFR	1	0	0	0	0	0	0	0	0	0	0	0
DNM2	TPM3	0	1	0	0	0	1	0	0	1	0	0	0
DNM2	PYGM	1	0	0	0	0	0	0	0	0	0	0	0
DNM2	RYR1	0	1	0	0	0	0	0	0	0	0	0	0
DNM2	DNM2	1	0	0	0	0	0	0	0	0	0	0	0
BAG3	ALPK3	0	0	0	0	0	0	0	0	1	0	1	0
BAG3	PLIN4	0	0	0	0	0	0	0	0	0	0	1	0
BAG3	HSPB7	0	0	0	0	0	0	0	0	0	0	1	0
BAG3	CFL2	0	0	0	0	0	0	0	0	0	0	1	0
BAG3	MYH7	0	1	0	0	0	0	0	0	0	0	0	0
BAG3	CRYAB	1	1	1	0	0	0	0	0	0	0	1	0
BAG3	ATP2A2	0	0	0	0	1	0	0	0	0	0	0	0
BAG3	ACTA1	0	1	0	0	0	0	0	0	0	0	0	0
BAG3	ACTC1	0	1	0	0	0	0	0	0	0	0	0	0
BAG3	SGCA	0	1	0	0	0	0	0	0	0	0	0	0
BAG3	DES	0	1	0	0	0	0	0	0	0	0	0	0
BAG3	FLNC	0	1	1	0	0	0	0	0	0	0	1	0
BAG3	FHL1	0	1	0	0	0	0	0	0	0	0	1	0
BAG3	DMD	0	1	0	0	0	0	0	0	0	0	1	0
BAG3	ACTN2	0	1	0	0	0	0	0	0	0	0	0	0
BAG3	HSPB8	1	1	0	0	1	0	0	0	0	0	1	0
BAG3	DNAJB6	1	0	0	0	0	0	0	1	0	0	0	0
BAG3	TCAP	0	1	0	0	0	0	0	0	0	0	0	0
BAG3	LDB3	1	1	0	0	0	0	0	0	0	0	0	0
BAG3	TNNC1	0	1	0	0	0	0	0	0	0	0	0	0
BAG3	MYPN	0	1	0	0	0	0	0	0	0	0	0	0
BAG3	ANKRD1	0	1	0	0	0	0	0	0	0	0	0	0
BAG3	CSRP3	0	1	0	0	0	0	0	0	0	0	0	0
BAG3	TPM3	0	1	0	0	1	0	0	0	0	0	0	0
BAG3	SQSTM1	1	0	0	0	0	0	0	0	0	0	0	0
BAG3	MYOT	0	1	0	0	0	0	0	0	0	0	0	0
BAG3	BAG3	1	0	0	0	0	0	0	0	0	0	0	0
YWHAZ	CACNA1S	1	0	0	0	0	0	0	0	0	0	0	0
YWHAZ	MYH2	1	0	0	0	0	0	0	0	0	0	0	0
YWHAZ	MYH7	1	0	0	0	0	0	0	0	0	0	0	0
YWHAZ	ADSSL1	1	0	0	0	0	0	0	0	0	0	0	0
YWHAZ	ATP2A2	0	0	0	0	0	0	0	0	1	0	0	0
YWHAZ	ACTA1	1	0	0	0	0	0	0	0	0	0	0	0
YWHAZ	DES	1	0	0	0	0	0	0	0	0	0	0	0
YWHAZ	ACTN2	1	0	0	0	0	0	0	0	0	0	0	0
YWHAZ	VCP	1	0	0	0	0	0	0	0	1	0	0	0
YWHAZ	EGFR	1	0	0	0	0	0	0	0	0	0	0	0
YWHAZ	TPM3	0	0	0	0	0	0	0	0	0	0	0	1
YWHAZ	SQSTM1	1	0	0	0	0	0	0	0	1	0	0	0
YWHAZ	BAG3	1	0	0	0	0	0	0	0	0	0	0	0
YWHAZ	YWHAZ	1	0	0	0	0	0	0	0	0	0	0	0
TTN	SRL	0	0	1	1	1	0	0	0	0	0	0	0
TTN	SMPX	0	0	1	1	1	0	0	0	0	0	0	0
TTN	ANO5	0	1	1	1	0	0	0	0	0	0	0	0
TTN	ALPK3	0	0	0	0	1	0	0	0	0	0	0	0
TTN	CASQ1	0	0	0	0	1	0	0	0	0	0	0	0
TTN	XIRP2	0	0	1	0	1	0	0	0	0	0	0	0
TTN	UNC45B	0	0	1	1	1	0	0	0	0	0	0	0
TTN	CACNA1S	0	0	0	0	1	0	0	0	0	0	0	0
TTN	HSPB7	0	0	1	1	1	0	0	0	0	0	0	0
TTN	CFL2	0	1	0	0	1	0	0	0	0	0	0	0
TTN	MB	0	0	1	1	1	0	0	0	0	0	0	0
TTN	MYH14	0	0	1	1	0	0	0	0	0	0	0	0
TTN	ENO3	1	1	0	0	1	0	0	0	0	0	0	0
TTN	KLHL41	0	0	0	0	0	0	0	0	0	0	0	1
TTN	NEB	1	0	0	0	0	0	0	0	0	0	0	1
TTN	TIA1	0	1	0	0	0	0	0	0	0	0	0	0
TTN	MYH2	0	1	0	0	1	0	0	0	0	0	0	0
TTN	MYH7	0	1	1	0	1	0	0	0	0	0	0	0
TTN	GNE	0	1	0	0	0	0	0	0	0	0	0	0
TTN	XIRP1	0	0	0	0	1	0	0	0	0	0	0	0
TTN	MYO18B	0	0	1	1	1	0	0	0	0	0	0	0
TTN	CKM	0	0	0	1	1	0	0	0	0	0	0	0
TTN	CRYAB	1	1	1	1	1	0	0	0	0	0	0	0
TTN	CKMT2	0	0	1	1	1	0	0	0	0	0	0	0
TTN	ATP2A2	0	0	0	1	0	0	0	0	0	0	0	0
TTN	ACTA1	1	1	0	0	1	0	0	0	0	0	0	0
TTN	EEF1A2	0	0	1	1	1	0	0	0	0	0	0	0
TTN	MYBPC1	1	0	0	0	1	0	1	0	0	0	0	0
TTN	ACTC1	0	1	1	1	1	0	0	0	0	0	0	0
TTN	SGCA	0	1	0	0	1	0	0	0	0	0	0	0
TTN	DES	0	1	1	1	1	0	0	0	0	0	0	0
TTN	FLNC	0	1	0	0	1	0	0	0	0	0	0	0
TTN	FHL1	1	1	0	0	1	0	0	0	0	0	0	0
TTN	DMD	0	1	0	0	0	0	0	0	0	0	0	0
TTN	ACTN2	1	1	1	1	1	0	0	0	0	0	0	0
TTN	CMYA5	0	0	0	0	0	0	0	0	0	0	0	1
TTN	TRIM54	0	0	1	1	1	0	0	0	0	0	0	0
TTN	HSPB8	0	0	0	1	0	0	0	0	0	0	0	0
TTN	TRIM55	1	0	1	1	1	0	0	0	0	0	0	0
TTN	DNAJB6	1	1	0	0	0	0	0	0	0	0	0	0
TTN	HSPB3	0	1	1	1	1	0	0	0	0	0	0	0
TTN	TCAP	1	1	0	0	0	0	0	0	0	0	0	1
TTN	DYSF	1	1	0	0	0	0	0	0	0	0	0	0
TTN	SMYD1	0	0	1	1	1	0	0	0	0	0	0	0
TTN	LDB3	0	1	1	1	1	0	0	0	0	0	0	0
TTN	TNNC2	0	0	0	0	1	0	0	0	0	0	0	0
TTN	TNNC1	0	1	1	1	1	0	0	0	0	0	0	0
TTN	TNNI1	0	0	0	0	1	0	0	0	0	0	0	0
TTN	TNNT1	0	0	0	0	1	0	0	0	0	0	0	0
TTN	MYPN	1	1	1	1	1	0	0	0	0	0	0	0
TTN	ANKRD1	1	1	0	0	0	0	0	0	0	0	0	0
TTN	TRIM63	1	0	1	1	1	0	0	0	0	0	0	0
TTN	MYOM2	1	0	1	1	1	0	0	0	0	0	0	0
TTN	MYOM1	1	0	1	1	1	0	0	0	0	0	0	0
TTN	MYOZ2	0	0	1	1	1	0	0	0	0	0	0	0
TTN	NRAP	0	0	1	1	1	0	0	0	0	0	0	0
TTN	EGFR	1	0	0	0	0	0	0	0	0	0	0	0
TTN	CSRP3	0	1	1	1	1	0	0	0	0	0	0	0
TTN	CAV3	0	1	1	0	1	0	0	0	0	0	0	0
TTN	TRDN	0	0	0	1	1	0	1	0	0	0	0	0
TTN	TPM3	0	1	0	0	0	0	0	0	0	0	0	0
TTN	SQSTM1	1	0	0	0	0	0	0	0	0	0	0	0
TTN	SGCG	1	0	1	1	1	0	0	0	0	0	0	0
TTN	PYGM	1	0	0	0	1	0	0	0	0	0	0	0
TTN	RYR1	1	1	0	0	1	0	1	0	1	0	0	0
TTN	AKAP6	0	0	0	1	0	0	0	0	0	0	0	0
TTN	PKIA	0	0	1	1	1	0	0	0	0	0	0	0
TTN	MYOZ1	0	0	0	0	1	0	0	0	0	0	0	0
TTN	MYOT	0	1	0	0	1	0	0	0	0	0	0	0
TTN	DNM2	0	1	0	0	0	0	0	0	0	0	0	0
TTN	BAG3	0	1	0	0	0	0	0	0	0	0	0	0
TTN	YWHAZ	1	0	0	0	0	0	0	0	0	0	0	0
TTN	TTN	1	0	0	0	0	0	0	0	0	0	0	0
SCN5A	SRL	0	0	1	1	0	0	0	0	0	0	0	0
SCN5A	SMPX	0	0	1	1	0	0	0	0	0	0	0	0
SCN5A	ANO5	0	0	1	1	0	0	0	0	0	0	0	0
SCN5A	CASQ1	0	0	1	0	0	0	0	0	0	0	0	0
SCN5A	XIRP2	0	0	1	0	0	0	0	0	0	0	0	0
SCN5A	UNC45B	0	0	1	1	0	0	0	0	0	0	0	0
SCN5A	HSPB7	0	0	1	1	0	0	0	0	0	0	0	0
SCN5A	MB	0	0	1	1	0	0	0	0	0	0	0	0
SCN5A	MYH14	0	0	1	1	0	0	0	0	0	0	0	0
SCN5A	ENO3	0	0	1	0	0	0	0	0	0	0	0	0
SCN5A	KLHL41	0	0	1	0	0	0	0	0	0	0	0	0
SCN5A	MYH7	0	1	1	0	0	0	0	0	0	0	0	0
SCN5A	MYO18B	0	0	1	1	0	0	0	0	0	0	0	0
SCN5A	CKM	0	0	0	1	0	0	0	0	0	0	0	0
SCN5A	CRYAB	1	0	0	0	0	0	0	0	0	0	0	0
SCN5A	CKMT2	0	0	1	1	0	0	0	0	0	0	0	0
SCN5A	ATP2A2	0	0	0	1	0	0	0	0	0	0	0	0
SCN5A	EEF1A2	0	0	1	1	0	0	0	0	0	0	0	0
SCN5A	ACTC1	0	1	1	1	0	0	0	0	0	0	0	0
SCN5A	DES	0	1	1	1	0	0	0	0	0	0	0	0
SCN5A	ACTN2	0	1	1	1	0	0	0	0	0	0	0	0
SCN5A	CMYA5	0	0	1	1	0	0	0	0	0	0	0	0
SCN5A	TRIM54	0	0	1	1	0	0	0	0	0	0	0	0
SCN5A	HSPB8	0	0	0	1	0	0	0	0	0	0	0	0
SCN5A	TRIM55	0	0	1	0	0	0	0	0	0	0	0	0
SCN5A	HSPB3	0	0	1	1	0	0	0	0	0	0	0	0
SCN5A	TCAP	0	1	1	1	0	0	0	0	0	0	0	0
SCN5A	SMYD1	0	0	1	1	0	0	0	0	0	0	0	0
SCN5A	LDB3	0	1	1	0	0	0	0	0	0	0	0	0
SCN5A	TNNC1	0	1	1	1	0	0	0	0	0	0	0	0
SCN5A	MYPN	0	1	1	1	0	0	0	0	0	0	0	0
SCN5A	ANKRD1	0	1	0	0	0	0	0	0	0	0	0	0
SCN5A	TRIM63	0	0	1	1	0	0	0	0	0	0	0	0
SCN5A	MYOM2	0	0	1	1	0	0	0	0	0	0	0	0
SCN5A	MYOM1	0	0	1	1	0	0	0	0	0	0	0	0
SCN5A	MYOZ2	0	1	1	1	0	0	0	0	0	0	0	0
SCN5A	NRAP	0	0	1	1	0	0	0	0	0	0	0	0
SCN5A	CSRP3	0	1	1	1	0	0	0	0	0	0	0	0
SCN5A	CAV3	1	1	1	0	0	0	0	0	0	0	0	0
SCN5A	TRDN	0	1	0	1	0	0	0	0	0	0	0	0
SCN5A	SGCG	0	0	1	1	0	0	0	0	0	0	0	0
SCN5A	AKAP6	0	0	0	1	0	0	0	0	0	0	0	0
SCN5A	PKIA	0	0	1	0	0	0	0	0	0	0	0	0
SCN5A	BAG3	0	1	0	0	0	0	0	0	0	0	0	0
SCN5A	TTN	0	1	1	1	0	0	0	0	0	0	0	0
SCN5A	SCN5A	1	0	0	0	0	0	0	0	0	0	0	0
TPM2	SRL	0	0	0	0	1	0	0	0	0	0	0	0
TPM2	SMPX	0	0	0	0	0	0	0	1	1	1	1	0
TPM2	ALPK3	0	0	0	0	1	0	0	1	0	1	1	0
TPM2	CASQ1	0	0	0	0	1	0	1	0	0	0	0	0
TPM2	PLIN4	0	0	0	0	0	0	0	1	0	0	1	0
TPM2	HSPB7	0	0	0	0	0	0	0	0	0	0	0	1
TPM2	CFL2	0	1	0	0	0	0	0	0	0	0	0	1
TPM2	MB	0	0	0	0	0	0	1	0	0	0	0	0
TPM2	ENO3	0	0	0	0	1	1	1	0	0	0	0	0
TPM2	KLHL41	0	1	0	0	0	0	0	0	0	0	0	0
TPM2	NEB	1	1	0	0	0	0	0	0	0	0	0	0
TPM2	MYH2	0	1	0	0	0	0	0	0	0	0	0	0
TPM2	MYH7	1	1	0	0	0	0	0	0	0	0	0	0
TPM2	GNE	0	1	0	0	0	0	0	0	0	0	0	0
TPM2	MYO18B	0	0	0	0	1	0	0	0	0	0	0	0
TPM2	CKM	0	0	0	0	0	0	1	0	0	0	0	0
TPM2	CRYAB	0	0	0	0	0	0	0	0	0	0	0	1
TPM2	CKMT2	0	0	0	0	1	0	0	0	0	0	0	0
TPM2	ACTA1	1	1	0	0	1	0	1	0	0	0	0	0
TPM2	EEF1A2	0	0	0	0	0	0	0	0	0	0	1	0
TPM2	MYBPC1	0	1	0	0	0	0	0	0	0	0	0	0
TPM2	ACTC1	0	0	0	0	0	0	0	0	1	0	0	0
TPM2	SGCA	0	0	0	0	0	0	0	0	0	0	0	1
TPM2	DES	0	1	0	0	0	0	0	0	0	0	0	1
TPM2	FLNC	1	0	0	0	0	0	0	0	0	0	0	1
TPM2	FHL1	0	1	0	0	0	0	0	0	0	0	0	1
TPM2	DMD	0	0	0	0	0	0	0	0	0	0	0	1
TPM2	ACTN2	1	0	0	0	0	0	0	0	1	0	0	0
TPM2	CMYA5	0	0	0	0	0	0	0	0	0	0	1	0
TPM2	TRIM54	0	0	0	0	1	0	0	0	0	0	0	0
TPM2	HSPB8	0	0	0	0	0	0	0	0	0	0	0	1
TPM2	TRIM55	0	0	0	0	1	0	0	0	0	0	0	0
TPM2	HSPB3	0	0	0	0	1	0	0	0	0	0	0	0
TPM2	TCAP	0	0	0	0	1	1	1	0	0	0	0	0
TPM2	DYSF	0	0	0	0	0	0	0	0	0	1	0	0
TPM2	SMYD1	0	0	0	0	0	0	0	1	1	1	1	0
TPM2	LDB3	0	0	0	0	0	0	0	0	0	0	0	1
TPM2	TNNC1	0	0	0	0	1	0	0	0	0	0	0	0
TPM2	TNNI1	1	0	0	0	0	0	0	0	0	0	0	0
TPM2	TNNT1	0	1	0	0	0	0	0	0	0	0	0	0
TPM2	MYOM2	0	0	0	0	1	0	1	0	0	0	0	0
TPM2	MYOM1	0	0	0	0	0	0	0	0	0	0	0	1
TPM2	CAV3	0	0	0	0	1	0	0	0	0	0	0	0
TPM2	TPM3	1	1	0	0	0	0	0	0	0	0	0	0
TPM2	PYGM	0	0	0	0	0	0	0	0	0	0	0	1
TPM2	RYR1	0	1	0	0	0	1	0	0	0	0	0	0
TPM2	AKAP6	0	0	0	0	0	0	0	0	0	0	0	1
TPM2	PKIA	0	0	0	0	1	0	0	0	0	0	0	0
TPM2	MYOZ1	0	0	0	0	1	0	1	0	0	0	0	0
TPM2	MYOT	0	1	0	0	1	0	0	0	0	0	0	0
TPM2	DNM2	0	1	0	0	0	0	0	0	0	0	0	0
TPM2	BAG3	0	0	0	0	0	0	0	0	0	0	1	0
TPM2	TTN	0	0	0	0	1	0	0	0	0	0	0	0
TPM2	TPM2	1	0	0	0	0	0	0	0	0	0	0	0
