V1	V2	HP.tsv	coex_BRB.tsv	ppi.tsv	coex_core.tsv	co-essential.tsv	coex_BRO.tsv	coex_LCL.tsv	coex_UTR.tsv	coex_ARG.tsv	coex_SMU.tsv
COQ5	COQ5	0	0	1	0	0	0	0	0	0	0
ZNF562	DNAJC11	0	0	0	0	0	0	0	1	0	0
COA7	COQ5	0	0	0	0	1	0	0	0	0	0
COA7	YIPF5	0	0	0	0	0	0	0	1	0	0
TDP2	YIPF5	0	0	0	1	0	0	0	0	0	0
THG1L	THG1L	0	0	1	0	0	0	0	0	0	0
KBTBD6	ZNF562	0	0	1	0	0	0	0	0	0	0
MRPS9	COQ5	0	0	0	1	1	0	0	0	0	0
MRPS9	ZNF562	0	0	0	0	0	0	0	1	0	0
MRPS9	PITRM1	0	0	0	0	1	0	0	0	0	0
MRPS9	COA7	0	0	0	0	1	0	0	0	0	0
MRPS9	TDP2	0	0	0	0	0	0	0	1	0	0
MRPS9	PUM1	0	0	0	0	0	0	0	0	1	0
UBA5	YIPF5	0	0	0	0	0	0	1	0	0	0
UBA5	MSTO1	0	0	0	0	0	0	0	1	0	0
UBA5	UBA5	0	0	1	0	0	0	0	0	0	0
PRDX3	COQ5	0	0	0	0	0	0	0	0	1	1
PRDX3	YIPF5	0	0	0	1	0	0	0	0	0	0
PRDX3	COA7	0	0	0	0	0	0	0	1	0	0
PRDX3	MRPS9	0	0	0	1	0	0	0	0	0	0
PRDX3	UBA5	0	0	1	0	0	0	0	0	0	0
PRDX3	PRDX3	0	0	1	0	0	0	0	0	0	0
ATG5	YIPF5	0	0	0	1	0	0	0	0	0	0
ATG5	ZNF562	0	0	0	0	0	0	0	1	0	0
ATG5	TDP2	0	0	0	1	0	0	0	0	0	0
ATG5	PUM1	0	0	0	0	0	0	0	0	1	0
ATG5	MRPS9	0	0	0	0	0	0	0	1	1	0
ATG5	PRDX3	0	0	0	1	0	0	0	0	0	0
ATG5	ATG5	0	0	1	0	0	0	0	0	0	0
SCYL1	YIPF5	0	0	0	0	1	0	0	0	0	0
SCYL1	SCYL1	0	0	1	0	0	0	0	0	0	0
VPS41	COQ5	0	0	0	0	0	0	0	0	1	0
VPS41	YIPF5	0	0	0	0	0	0	0	0	1	0
VPS41	PRDX3	0	0	0	0	0	0	0	0	1	0
VPS41	VPS41	0	0	1	0	0	0	0	0	0	0
ATG7	DNAJC11	0	0	0	0	0	1	0	0	0	0
ATG7	PUM1	0	0	0	0	0	0	0	0	1	0
ATG7	MRPS9	0	0	0	0	0	0	0	0	1	0
ATG7	ATG5	0	0	0	0	0	0	0	0	1	0
ATG7	VPS41	0	0	0	0	0	0	0	0	0	1
ATG7	ATG7	0	0	1	0	0	0	0	0	0	0
VPS13D	DNAJC11	0	0	0	0	0	1	0	0	0	0
VPS13D	PITRM1	0	0	0	1	0	0	0	0	0	0
VPS13D	COA7	0	0	0	0	0	0	0	0	0	1
VPS13D	PUM1	0	0	0	1	0	0	0	0	0	0
VPS13D	UBR4	0	0	0	1	0	0	0	0	0	0
VPS13D	ATG7	0	0	0	0	0	0	0	0	1	0
CAPN1	PUM1	0	0	0	0	0	0	0	0	1	0
CAPN1	MRPS9	0	0	0	0	0	0	0	0	1	0
CAPN1	ATG5	0	0	1	0	0	0	0	0	0	0
CAPN1	SCYL1	0	0	0	0	0	0	0	1	0	0
CAPN1	ATG7	0	0	0	0	0	0	0	0	1	0
CAPN1	VPS13D	0	0	0	0	0	0	0	0	1	0
TRIM25	DNAJC11	0	0	1	0	0	0	0	0	0	0
TRIM25	RNU12	0	0	1	0	0	0	0	0	0	0
TRIM25	GDAP2	0	0	1	0	0	0	0	0	0	0
TRIM25	PUM1	0	0	1	0	0	0	0	0	0	0
TRIM25	UBA5	0	0	0	0	0	0	0	1	0	0
TRIM25	ATG7	0	0	1	0	0	0	0	0	0	0
TRIM25	TRIM25	0	0	1	0	0	0	0	0	0	0
HIST1H3A	DNAJC11	0	0	1	0	0	0	0	0	0	0
HIST1H3A	TDP2	0	0	1	0	0	0	0	0	0	0
HIST1H3A	UBR4	0	0	1	0	0	0	0	0	0	0
HIST1H3A	MRPS9	0	0	1	0	0	0	0	0	0	0
HIST1H3A	HIST1H3A	0	0	1	0	0	0	0	0	0	0
NXF1	COQ5	0	0	1	0	0	0	0	0	0	0
NXF1	UBR4	0	0	1	0	0	0	0	0	0	0
NXF1	NXF1	0	0	1	0	0	0	0	0	0	0
MMS19	PITRM1	0	0	0	0	0	1	0	1	0	0
MMS19	MSTO1	0	0	0	0	0	0	0	1	0	0
MMS19	PUM1	0	0	0	0	0	0	1	0	0	0
MMS19	UBA5	0	0	0	0	0	0	0	1	0	0
MMS19	SCYL1	0	0	0	0	0	0	0	0	1	0
MMS19	ATG7	0	0	0	0	0	0	0	0	0	1
GTF2A1	YIPF5	0	0	0	1	0	0	0	0	0	0
GTF2A1	GDAP2	0	0	0	0	0	0	1	0	0	0
GTF2A1	TDP2	0	0	0	1	0	0	0	0	0	0
GTF2A1	PUM1	0	0	0	1	0	0	0	0	0	0
GTF2A1	ATG5	0	0	0	0	0	0	0	1	0	0
GTF2A1	VPS41	0	0	0	1	0	0	0	0	0	0
GTF2A1	ATG7	0	0	1	0	0	0	0	0	0	0
PKM	COQ5	0	0	0	0	0	0	0	0	1	0
PKM	CAPN1	0	0	0	0	0	1	0	0	0	0
PKM	TRIM25	0	0	1	0	0	0	0	0	0	0
PKM	HIST1H3A	0	0	1	0	0	0	0	0	0	0
PKM	MMS19	0	0	0	0	1	0	0	0	0	0
PKM	PKM	0	0	1	0	0	0	0	0	0	0
XRCC1	HIST1H3A	0	0	1	0	0	0	0	0	0	0
XRCC1	MMS19	0	0	0	1	0	0	0	0	0	0
PIGK	YIPF5	0	0	0	0	0	0	0	1	0	0
PIGK	MRPS9	0	0	0	0	0	0	1	0	0	0
PIGK	UBA5	0	0	0	0	0	0	0	0	0	1
PIGK	PRDX3	0	0	0	1	0	0	0	0	0	0
PIGK	ATG5	0	0	0	0	0	0	1	0	1	0
PIGK	VPS41	0	0	0	1	0	0	0	0	0	0
PIGK	ATG7	0	0	0	0	0	0	0	0	1	0
PIGK	VPS13D	0	0	0	0	0	0	0	0	1	0
PIGK	GTF2A1	0	0	0	1	0	0	0	0	0	0
DAXX	SCYL1	0	0	0	1	0	0	0	0	0	0
DAXX	CAPN1	0	0	0	0	0	0	1	0	0	0
DAXX	HIST1H3A	0	0	1	0	0	0	0	0	0	0
DAXX	DAXX	0	0	1	0	0	0	0	0	0	0
RNF220	DNAJC11	0	0	0	1	0	0	0	0	0	0
RNF220	ZNF562	0	0	0	0	0	0	0	1	0	0
RNF220	CAPN1	0	0	0	0	0	0	0	0	0	1
RNF220	TRIM25	0	0	1	0	0	0	0	0	0	0
RNF220	NXF1	0	0	0	0	0	0	1	0	0	0
RNF220	MMS19	0	0	0	1	0	0	0	0	0	0
RNF220	XRCC1	0	0	0	1	0	0	0	0	0	0
RNF220	DAXX	0	0	0	1	0	0	0	0	0	0
MME	MME	0	0	1	0	0	0	0	0	0	0
KIAA1671	DNAJC11	0	0	0	0	0	0	0	0	1	0
SIRT1	TDP2	0	0	0	0	0	0	0	1	0	0
SIRT1	PUM1	0	0	0	1	0	0	0	0	0	0
SIRT1	ATG5	0	0	1	0	0	0	0	0	0	0
SIRT1	ATG7	0	0	1	0	0	0	0	0	0	0
SIRT1	VPS13D	0	0	0	0	0	0	0	0	0	1
SIRT1	HIST1H3A	0	0	1	0	0	0	0	0	0	0
SIRT1	GTF2A1	0	0	1	0	0	0	0	0	0	0
SIRT1	SIRT1	0	0	1	0	0	0	0	0	0	0
TPPP	RNF220	0	1	0	0	0	1	0	0	0	0
TPPP	TPPP	0	0	1	0	0	0	0	0	0	0
NPTX1	TRIM25	0	0	1	0	0	0	0	0	0	0
NPTX1	NPTX1	0	0	1	0	0	0	0	0	0	0
VWA3B	SIRT1	0	0	1	0	0	0	0	0	0	0
TOMM70	YIPF5	0	0	0	1	0	0	0	0	0	0
TOMM70	DNAJC11	0	0	0	0	1	0	0	0	0	1
TOMM70	COA7	0	0	0	0	1	0	0	0	0	0
TOMM70	MRPS9	0	0	0	1	1	0	0	0	0	0
TOMM70	PRDX3	0	0	0	1	0	0	0	0	0	0
TOMM70	ATG5	0	0	0	1	0	0	0	0	0	0
TOMM70	GTF2A1	0	0	0	1	0	0	0	0	0	0
INA	CAPN1	0	0	1	0	0	0	0	0	0	0
INA	TPPP	0	0	0	0	0	0	0	0	1	0
INA	VWA3B	0	0	1	0	0	0	0	0	0	0
SYT16	TOMM70	0	1	0	0	0	0	0	0	0	0
SYT16	INA	0	1	0	0	0	1	0	0	0	0
SYT16	SYT16	0	0	1	0	0	0	0	0	0	0
MYC	TRIM25	0	0	1	0	0	0	0	0	0	0
MYC	MMS19	0	0	1	0	0	0	0	0	0	0
MYC	PKM	0	0	1	0	0	0	0	0	0	0
MYC	SAMD9L	0	0	1	0	0	0	0	0	0	0
MYC	SIRT1	0	0	1	0	0	0	0	0	0	0
MYC	MYC	0	0	1	0	0	0	0	0	0	0
SLC8A2	TPPP	0	0	0	0	0	0	0	0	1	0
SLC8A2	NPTX1	0	0	0	1	0	0	0	0	0	0
SLC8A2	INA	0	1	0	0	0	0	0	0	1	0
SLC8A2	SYT16	0	0	0	0	0	1	0	0	0	0
PLD3	PRDX3	0	0	0	0	0	0	0	0	1	0
PLD3	VPS41	0	0	0	0	0	0	0	0	1	0
PLD3	CAPN1	0	0	0	0	0	0	0	1	0	0
FAT2	DIRAS3	0	1	0	0	0	0	0	0	0	0
SLC9A7	INA	0	0	0	0	0	1	0	0	0	0
SLC9A7	SYT16	0	0	0	0	0	1	0	0	0	0
SLC9A7	SLC9A7	0	0	1	0	0	0	0	0	0	0
CACNA1G	INA	0	0	0	0	0	1	0	0	0	0
CACNA1G	MYC	0	0	1	0	0	0	0	0	0	0
IFRD1	IFRD1	0	0	1	0	0	0	0	0	0	0
SLC1A3	SLC1A3	0	0	1	0	0	0	0	0	0	0
NOP56	ZNF562	0	0	0	0	0	0	0	1	0	0
NOP56	COA7	0	0	0	1	0	0	0	0	0	0
NOP56	MSTO1	0	0	0	0	0	0	0	0	1	0
NOP56	TRIM25	0	0	1	0	0	0	0	0	0	0
NOP56	NXF1	0	0	1	0	0	1	0	0	0	0
NOP56	MYC	0	0	1	0	0	0	0	0	0	0
NOP56	NOP56	0	0	1	0	0	0	0	0	0	0
FGF14	HIST1H3A	0	0	1	0	0	0	0	0	0	0
FGF14	TPPP	0	0	0	0	0	0	0	0	1	0
FGF14	INA	0	1	0	0	0	1	0	0	1	0
FGF14	SYT16	0	1	0	0	0	1	0	0	0	0
FGF14	SLC8A2	0	0	0	0	0	1	0	0	1	0
FGF14	SLC9A7	0	0	0	0	0	1	0	0	0	0
FGF14	NOP56	1	0	0	0	0	0	0	0	0	0
SNX14	ZNF562	0	0	0	0	0	0	0	1	0	0
SNX14	TDP2	0	0	0	1	0	0	0	0	0	0
SNX14	PUM1	0	0	0	0	0	0	0	0	1	0
SNX14	MRPS9	0	0	0	1	0	0	0	0	0	0
SNX14	UBA5	0	0	0	1	0	0	0	0	0	0
SNX14	ATG5	0	0	0	1	0	0	0	0	0	0
SNX14	VPS41	0	0	0	1	0	0	0	0	0	0
SNX14	ATG7	0	0	0	0	0	0	0	0	1	0
SNX14	CAPN1	0	0	0	0	0	0	0	0	1	0
SNX14	NXF1	0	0	1	0	0	0	0	0	0	0
SNX14	GTF2A1	0	0	0	0	0	0	1	0	0	0
SLC9A1	SCYL1	0	0	0	0	0	0	0	1	0	0
SLC9A1	CAPN1	0	0	0	1	0	0	0	0	0	0
SLC9A1	DAXX	0	0	1	0	0	0	0	0	0	0
SLC9A1	NOP56	1	0	0	0	0	0	0	0	0	0
SLC9A1	FGF14	1	0	0	0	0	0	0	0	0	0
UQCRQ	COQ5	0	0	0	0	1	0	0	0	0	1
UQCRQ	COA7	0	0	0	0	1	0	0	0	0	0
UQCRQ	MRPS9	0	0	0	0	1	0	1	0	0	0
UQCRQ	PRDX3	0	0	0	1	0	0	0	0	0	0
ELOVL4	KBTBD6	0	0	0	0	0	1	0	0	0	0
ELOVL4	INA	0	1	0	0	0	1	0	0	0	0
ELOVL4	SYT16	0	1	0	0	0	0	0	0	0	0
ELOVL4	SLC9A7	0	0	0	0	0	1	0	0	0	0
ELOVL4	FGF14	0	1	0	0	0	1	0	0	0	0
ELOVL4	ELOVL4	0	0	1	0	0	0	0	0	0	0
KIF1C	SCYL1	0	0	0	0	0	0	1	0	0	0
KIF1C	TRIM25	0	0	1	0	0	0	0	0	0	0
KIF1C	PKM	0	0	0	0	0	0	0	0	1	0
KIF1C	NOP56	1	0	0	0	0	0	0	0	0	0
KIF1C	FGF14	1	0	0	0	0	0	0	0	0	0
KIF1C	SLC9A1	1	0	0	0	0	0	0	0	0	0
KIF1C	UQCRQ	1	0	0	0	0	0	0	0	0	0
KIF1C	KIF1C	0	0	1	0	0	0	0	0	0	0
ATXN10	YIPF5	0	0	0	1	0	0	0	0	0	0
ATXN10	PUM1	0	0	0	0	0	0	0	0	1	0
ATXN10	MRPS9	0	0	0	1	0	0	0	0	0	0
ATXN10	UBA5	0	0	0	0	0	0	0	0	0	1
ATXN10	PRDX3	0	0	0	1	0	0	0	0	0	0
ATXN10	ATG5	0	0	0	1	0	0	0	0	0	0
ATXN10	ATG7	0	0	0	0	0	0	0	0	1	0
ATXN10	PIGK	0	0	0	0	0	0	0	0	1	0
ATXN10	TOMM70	0	0	0	1	0	0	0	0	0	0
ATXN10	MYC	0	0	1	0	0	0	0	0	0	0
ATXN10	NOP56	1	0	0	0	0	0	0	0	0	0
ATXN10	FGF14	1	0	0	0	0	0	0	0	0	0
ATXN10	SNX14	0	0	0	0	0	0	0	0	1	0
ATXN10	SLC9A1	1	0	0	0	0	0	0	0	0	0
ATXN10	KIF1C	1	0	0	0	0	0	0	0	0	0
TGM6	MRPS9	0	0	1	0	0	0	0	0	0	0
TGM6	NOP56	1	0	0	0	0	0	0	0	0	0
TGM6	SLC9A1	1	0	0	0	0	0	0	0	0	0
TGM6	KIF1C	1	0	0	0	0	0	0	0	0	0
TGM6	ATXN10	1	0	0	0	0	0	0	0	0	0
ATXN3	ZNF562	0	0	0	0	0	1	0	0	0	1
ATXN3	COA7	0	0	1	0	0	0	0	0	0	0
ATXN3	MSTO1	0	0	0	0	0	0	0	0	0	1
ATXN3	PUM1	0	0	0	0	0	0	1	0	0	0
ATXN3	CAPN1	0	0	1	0	0	0	0	0	0	0
ATXN3	NOP56	1	0	0	0	0	0	0	0	0	0
ATXN3	FGF14	1	0	0	0	0	0	0	0	0	0
ATXN3	SLC9A1	1	0	0	0	0	0	0	0	0	0
ATXN3	KIF1C	1	0	0	0	0	0	0	0	0	0
ATXN3	ATXN10	1	0	0	0	0	0	0	0	0	0
ATXN3	TGM6	1	0	0	0	0	0	0	0	0	0
ATXN3	ATXN3	0	0	1	0	0	0	0	0	0	0
SYT14	KBTBD6	0	0	0	0	0	1	0	0	0	0
SYT14	SYT16	0	0	1	0	0	0	0	0	0	0
SYT14	NOP56	1	0	0	0	0	0	0	0	0	0
SYT14	FGF14	1	0	0	0	0	0	0	0	0	0
SYT14	SLC9A1	1	0	0	0	0	0	0	0	0	0
SYT14	KIF1C	1	0	0	0	0	0	0	0	0	0
SYT14	ATXN10	1	0	0	0	0	0	0	0	0	0
SYT14	TGM6	1	0	0	0	0	0	0	0	0	0
SYT14	ATXN3	1	0	0	0	0	0	0	0	0	0
SYT14	SYT14	0	0	1	0	0	0	0	0	0	0
FXN	COQ5	0	0	0	0	0	0	0	0	0	1
FXN	DNAJC11	0	0	0	0	0	0	0	0	1	0
FXN	MRPS9	0	0	0	1	0	0	0	0	0	0
FXN	PRDX3	0	0	0	0	0	0	0	0	0	1
FXN	NOP56	0	0	0	0	0	0	0	1	0	0
FXN	FGF14	1	0	0	0	0	0	0	0	0	0
FXN	UQCRQ	0	0	0	0	0	0	0	1	0	1
FXN	KIF1C	1	0	0	0	0	0	0	0	0	0
FXN	ATXN10	1	0	0	0	0	0	0	1	0	0
FXN	ATXN3	1	0	0	0	0	0	0	0	0	0
PLA2G6	XRCC1	0	0	0	0	0	0	0	0	0	1
PLA2G6	RNF220	0	0	0	0	0	1	0	0	0	0
PLA2G6	NOP56	1	0	0	0	0	0	0	0	0	0
PLA2G6	FGF14	1	0	0	0	0	0	0	0	0	0
PLA2G6	SNX14	1	0	0	0	0	0	0	0	0	0
PLA2G6	SLC9A1	1	0	0	0	0	0	0	0	0	0
PLA2G6	UQCRQ	1	0	0	0	0	0	0	0	0	0
PLA2G6	KIF1C	1	0	0	0	0	0	0	0	0	0
PLA2G6	ATXN10	1	0	0	0	0	0	0	0	0	0
PLA2G6	TGM6	1	0	0	0	0	0	0	0	0	0
PLA2G6	ATXN3	1	0	0	0	0	0	0	0	0	0
PLA2G6	SYT14	1	0	0	0	0	0	0	0	0	0
PLA2G6	FXN	1	0	0	0	0	0	0	0	0	0
PLA2G6	PLA2G6	0	0	1	0	0	0	0	0	0	0
CACNB4	TOMM70	0	1	0	0	0	0	0	0	0	0
CACNB4	INA	0	1	0	0	0	0	0	0	0	0
CACNB4	SYT16	0	1	0	0	0	0	0	0	0	0
CACNB4	SLC9A7	0	1	0	0	0	0	0	0	0	0
CACNB4	NOP56	1	0	0	0	0	0	0	0	0	0
CACNB4	FGF14	1	1	0	0	0	0	0	0	0	0
CACNB4	SLC9A1	1	0	0	0	0	0	0	0	0	0
CACNB4	ELOVL4	0	1	0	0	0	1	0	0	0	0
CACNB4	KIF1C	1	0	0	0	0	0	0	0	0	0
CACNB4	ATXN10	1	0	0	0	0	0	0	0	0	0
CACNB4	ATXN3	1	0	0	0	0	0	0	0	0	0
CACNB4	SYT14	1	0	0	0	0	0	0	0	0	0
APTX	COQ5	0	0	0	1	0	0	0	0	0	0
APTX	ZNF562	0	0	0	0	0	0	0	1	0	0
APTX	TDP2	0	0	0	0	0	0	1	0	0	1
APTX	MRPS9	0	0	0	0	0	0	1	0	0	0
APTX	UBA5	0	0	0	1	0	0	0	0	0	0
APTX	PRDX3	0	0	0	0	0	0	1	0	0	0
APTX	ATG5	0	0	0	0	0	0	0	0	0	1
APTX	XRCC1	0	0	1	0	0	0	0	0	0	0
APTX	DAXX	0	0	0	0	0	0	0	0	1	0
APTX	NOP56	1	0	0	0	0	0	0	0	0	0
APTX	FGF14	1	0	0	0	0	0	0	0	0	0
APTX	SLC9A1	1	0	0	0	0	0	0	0	0	0
APTX	KIF1C	1	0	0	0	0	0	0	0	0	0
APTX	TGM6	1	0	0	0	0	0	0	0	0	0
APTX	ATXN3	1	0	0	0	0	0	0	0	0	0
APTX	SYT14	1	0	0	0	0	0	0	0	0	0
APTX	FXN	1	0	0	0	0	0	0	0	0	0
APTX	PLA2G6	1	0	0	0	0	0	0	0	0	0
APTX	CACNB4	1	0	0	0	0	0	0	0	0	0
SPTBN2	DNAJC11	0	0	0	0	0	0	0	0	1	0
SPTBN2	TRIM25	0	0	1	0	0	0	0	0	0	0
SPTBN2	INA	0	1	0	0	0	0	0	0	0	0
SPTBN2	SYT16	0	0	0	0	0	1	0	0	0	0
SPTBN2	SLC8A2	0	1	0	0	0	1	0	0	0	0
SPTBN2	SLC9A7	0	1	0	0	0	0	0	0	0	0
SPTBN2	NOP56	1	0	0	0	0	0	0	0	0	0
SPTBN2	FGF14	1	0	0	0	0	1	0	0	0	0
SPTBN2	SLC9A1	1	0	0	0	0	0	0	0	1	0
SPTBN2	UQCRQ	1	0	0	0	0	0	0	0	0	0
SPTBN2	KIF1C	1	0	0	0	0	0	0	0	0	0
SPTBN2	ATXN10	1	0	0	0	0	0	0	0	0	0
SPTBN2	TGM6	1	0	0	0	0	0	0	0	0	0
SPTBN2	ATXN3	1	0	0	0	0	0	0	0	0	0
SPTBN2	SYT14	1	0	0	0	0	0	0	0	0	0
SPTBN2	FXN	1	0	0	0	0	0	0	0	0	0
SPTBN2	PLA2G6	1	0	0	0	0	0	0	0	0	0
SPTBN2	CACNB4	1	0	0	0	0	0	0	0	0	0
SPTBN2	APTX	1	0	0	0	0	0	0	0	0	0
WDR73	DNAJC11	0	0	1	0	0	0	0	0	0	0
WDR73	MSTO1	0	0	0	0	0	0	0	1	0	0
WDR73	UBR4	0	0	0	0	0	1	1	0	0	0
WDR73	VPS13D	0	0	0	0	0	0	1	0	0	0
WDR73	MMS19	0	0	0	0	0	0	0	1	0	0
WDR73	ATXN3	0	0	0	0	0	0	0	1	0	0
WDR73	PLA2G6	1	0	0	0	0	0	0	0	0	0
PCNA	COA7	0	0	0	0	0	0	0	1	0	0
PCNA	KBTBD6	0	0	0	0	0	0	0	1	0	0
PCNA	PRDX3	0	0	1	0	0	0	0	0	0	0
PCNA	TRIM25	0	0	1	0	0	0	0	0	0	0
PCNA	HIST1H3A	0	0	1	0	0	0	0	0	0	0
PCNA	XRCC1	0	0	1	0	0	0	0	0	0	0
PCNA	MME	0	0	1	0	0	0	0	0	0	0
PCNA	SIRT1	0	0	1	0	0	0	0	0	0	0
PCNA	NOP56	0	0	0	0	0	0	1	0	0	0
PCNA	SLC9A1	1	0	0	0	0	0	0	0	0	0
PCNA	KIF1C	1	0	0	0	0	0	0	0	0	0
PCNA	SYT14	1	0	0	0	0	0	0	0	0	0
PCNA	FXN	0	0	0	0	0	0	1	0	0	0
PCNA	PLA2G6	1	0	0	0	0	0	0	0	0	0
PCNA	PCNA	0	0	1	0	0	0	0	0	0	0
TTC19	PITRM1	0	0	0	0	0	0	0	1	0	0
TTC19	UBA5	0	0	0	1	0	0	0	0	0	0
TTC19	TRIM25	0	0	1	0	0	0	0	0	0	0
TTC19	MMS19	0	0	0	0	0	0	0	1	0	0
TTC19	SIRT1	0	0	0	0	0	0	1	0	0	0
TTC19	NOP56	1	0	0	0	0	0	0	0	0	0
TTC19	FGF14	1	0	0	0	0	0	0	0	0	0
TTC19	SLC9A1	1	0	0	0	0	0	0	0	0	0
TTC19	UQCRQ	1	0	0	0	0	0	0	0	0	0
TTC19	KIF1C	1	0	0	0	0	0	0	0	0	0
TTC19	ATXN10	1	0	0	0	0	0	0	0	0	0
TTC19	TGM6	1	0	0	0	0	0	0	0	0	0
TTC19	ATXN3	1	0	0	0	0	0	0	1	0	0
TTC19	SYT14	1	0	0	0	0	0	0	0	0	0
TTC19	PLA2G6	1	0	0	0	0	0	0	0	0	0
TTC19	CACNB4	1	0	0	0	0	0	0	0	0	0
TTC19	SPTBN2	1	0	0	0	0	0	0	0	0	0
TTC19	PCNA	1	0	0	0	0	0	0	0	0	0
ELOVL5	YIPF5	0	0	1	0	0	0	0	0	0	0
ELOVL5	NOP56	1	0	0	0	0	0	0	0	0	0
ELOVL5	FGF14	1	0	0	0	0	0	0	0	0	0
ELOVL5	SLC9A1	1	0	0	0	0	0	0	0	0	0
ELOVL5	KIF1C	1	0	0	0	0	0	0	0	0	0
ELOVL5	ATXN10	1	0	0	0	0	0	0	0	0	0
ELOVL5	TGM6	1	0	0	0	0	0	0	0	0	0
ELOVL5	ATXN3	1	0	0	0	0	0	0	0	0	0
ELOVL5	SYT14	1	0	0	0	0	0	0	0	0	0
ELOVL5	FXN	1	0	0	0	0	0	0	0	0	0
ELOVL5	PLA2G6	1	0	0	0	0	0	0	0	0	0
ELOVL5	CACNB4	1	0	0	0	0	0	0	0	0	0
ELOVL5	APTX	1	0	0	0	0	0	0	0	0	0
ELOVL5	SPTBN2	1	0	0	0	0	0	0	0	0	0
ELOVL5	TTC19	1	0	0	0	0	0	0	0	0	0
EEF2	THG1L	0	0	0	1	0	0	0	0	0	0
EEF2	SCYL1	0	0	0	1	0	0	0	0	0	0
EEF2	CAPN1	0	0	1	0	0	0	0	0	0	0
EEF2	TRIM25	0	0	1	0	0	0	0	0	0	0
EEF2	MMS19	0	0	0	0	0	0	1	0	0	0
EEF2	NOP56	1	0	1	0	0	0	0	0	0	0
EEF2	FGF14	1	0	0	0	0	0	0	0	0	0
EEF2	SLC9A1	1	0	0	0	0	0	0	0	0	0
EEF2	KIF1C	1	0	0	0	0	0	0	0	0	0
EEF2	ATXN10	1	0	0	0	0	0	0	0	0	0
EEF2	TGM6	1	0	0	0	0	0	0	0	0	0
EEF2	ATXN3	1	0	0	0	0	0	0	0	0	0
EEF2	SYT14	1	0	0	0	0	0	0	0	0	0
EEF2	PLA2G6	1	0	0	0	0	0	0	0	0	0
EEF2	CACNB4	1	0	0	0	0	0	0	0	0	0
EEF2	APTX	1	0	0	0	0	0	0	0	0	0
EEF2	SPTBN2	1	0	0	0	0	0	0	0	0	0
EEF2	TTC19	1	0	0	0	0	0	0	0	0	0
EEF2	ELOVL5	1	0	0	0	0	0	0	0	0	0
EEF2	EEF2	0	0	1	0	0	0	0	0	0	0
PIK3R5	SLC1A3	0	0	0	1	0	0	0	0	0	0
PIK3R5	NOP56	1	0	0	0	0	0	0	0	0	0
PIK3R5	FGF14	1	0	0	0	0	0	0	0	0	0
PIK3R5	SLC9A1	1	0	0	0	0	0	0	0	0	0
PIK3R5	KIF1C	1	0	0	0	0	0	0	0	0	0
PIK3R5	ATXN10	1	0	0	0	0	0	0	0	0	0
PIK3R5	TGM6	1	0	0	0	0	0	0	0	0	0
PIK3R5	ATXN3	1	0	0	0	0	0	0	0	0	0
PIK3R5	SYT14	1	0	0	0	0	0	0	0	0	0
PIK3R5	FXN	1	0	0	0	0	0	0	0	0	0
PIK3R5	PLA2G6	1	0	0	0	0	0	0	0	0	0
PIK3R5	CACNB4	1	0	0	0	0	0	0	0	0	0
PIK3R5	APTX	1	0	0	0	0	0	0	0	0	0
PIK3R5	SPTBN2	1	0	0	0	0	0	0	0	0	0
PIK3R5	TTC19	1	0	0	0	0	0	0	0	0	0
PIK3R5	ELOVL5	1	0	0	0	0	0	0	0	0	0
PIK3R5	EEF2	1	0	0	0	0	0	0	0	0	0
TDP1	PRDX3	0	0	0	0	0	0	1	0	0	0
TDP1	ATG7	0	0	0	0	0	0	1	0	0	0
TDP1	XRCC1	0	0	1	0	0	0	0	0	0	0
TDP1	SLC9A1	0	0	0	0	0	0	0	0	1	0
TDP1	KIF1C	1	0	0	0	0	0	0	0	0	0
TDP1	FXN	1	0	0	0	0	0	0	0	0	0
TDP1	APTX	1	0	0	0	0	0	0	0	0	0
TDP1	PCNA	0	0	0	1	0	0	0	0	0	0
TDP1	TDP1	0	0	1	0	0	0	0	0	0	0
TBP	PITRM1	0	0	0	0	0	0	0	1	0	0
TBP	PUM1	0	0	0	0	0	0	0	1	0	0
TBP	MRPS9	0	0	0	0	0	0	0	1	0	0
TBP	HIST1H3A	0	0	1	0	0	0	0	0	0	0
TBP	MMS19	0	0	0	0	0	0	0	0	1	0
TBP	GTF2A1	0	0	1	0	1	0	0	0	0	0
TBP	XRCC1	0	0	0	0	0	0	0	1	0	0
TBP	RNF220	0	0	0	1	0	0	0	0	0	0
TBP	MYC	0	0	1	0	0	0	0	0	0	0
TBP	NOP56	1	0	0	0	0	0	0	0	0	0
TBP	FGF14	1	0	0	0	0	0	0	0	0	0
TBP	SNX14	0	0	0	0	0	0	0	1	0	0
TBP	SLC9A1	1	0	0	0	0	0	0	0	0	0
TBP	KIF1C	1	0	0	0	0	0	0	0	0	0
TBP	ATXN10	1	0	0	0	0	0	0	0	0	0
TBP	TGM6	1	0	0	0	0	0	0	0	0	0
TBP	ATXN3	1	0	0	1	0	0	0	0	0	0
TBP	SYT14	1	0	0	0	0	0	0	0	0	0
TBP	PLA2G6	1	0	0	0	0	0	0	0	0	0
TBP	CACNB4	1	0	0	0	0	0	0	0	0	0
TBP	APTX	1	0	0	0	0	0	0	0	0	1
TBP	SPTBN2	1	0	0	0	0	0	0	0	0	0
TBP	TTC19	1	0	0	0	0	0	0	0	0	0
TBP	ELOVL5	1	0	0	0	0	0	0	0	0	0
TBP	EEF2	1	0	0	0	0	0	0	0	0	0
TBP	PIK3R5	1	0	0	0	0	0	0	0	0	0
TBP	TBP	0	0	1	0	0	0	0	0	0	0
SACS	TRIM25	0	0	1	0	0	0	0	0	0	0
SACS	MYC	0	0	1	0	0	0	0	0	0	0
SACS	NOP56	1	0	0	0	0	0	0	0	0	0
SACS	FGF14	1	0	0	0	0	0	0	0	0	0
SACS	SLC9A1	1	0	0	0	0	0	0	0	0	0
SACS	KIF1C	1	0	0	0	0	0	0	0	0	0
SACS	ATXN10	1	0	0	0	0	0	0	0	0	0
SACS	TGM6	1	0	0	0	0	0	0	0	0	0
SACS	ATXN3	1	0	0	0	0	0	0	0	0	0
SACS	SYT14	1	0	0	0	0	0	0	0	0	0
SACS	FXN	1	0	0	0	0	0	0	0	0	0
SACS	PLA2G6	1	0	0	0	0	0	0	0	0	0
SACS	CACNB4	1	0	0	0	0	0	0	0	0	0
SACS	APTX	1	0	0	0	0	0	0	0	0	0
SACS	SPTBN2	1	0	0	0	0	0	0	0	0	0
SACS	TTC19	1	0	0	0	0	0	0	0	0	0
SACS	ELOVL5	1	0	0	0	0	0	0	0	0	0
SACS	EEF2	1	0	0	0	0	0	0	0	0	0
SACS	PIK3R5	1	0	0	0	0	0	0	0	0	0
SACS	TDP1	1	0	0	0	0	0	0	0	0	0
ATXN7	GDAP2	0	0	0	0	0	0	0	1	0	0
ATXN7	PUM1	0	0	0	0	0	0	1	0	0	1
ATXN7	UBR4	0	0	0	0	0	0	1	0	0	0
ATXN7	UBA5	0	0	0	0	0	0	0	1	0	0
ATXN7	VPS13D	0	0	0	0	0	0	1	0	0	0
ATXN7	HIST1H3A	0	0	1	0	0	0	0	0	0	0
ATXN7	SIRT1	0	0	0	0	0	0	0	0	0	1
ATXN7	IFRD1	0	0	0	1	0	0	0	0	0	0
ATXN7	NOP56	1	0	0	0	0	0	0	0	0	0
ATXN7	FGF14	1	0	0	0	0	0	0	0	0	0
ATXN7	SLC9A1	1	0	0	0	0	0	0	0	0	0
ATXN7	KIF1C	1	0	0	0	0	0	0	0	0	0
ATXN7	ATXN10	1	0	0	0	0	0	0	0	0	0
ATXN7	ATXN3	1	0	0	0	0	0	0	1	0	0
ATXN7	SYT14	1	0	0	0	0	0	0	0	0	0
ATXN7	PLA2G6	1	0	0	0	0	0	0	0	0	0
ATXN7	CACNB4	1	0	0	0	0	0	0	0	0	0
ATXN7	SPTBN2	1	0	0	0	0	0	0	0	0	0
ATXN7	TTC19	1	0	0	0	0	0	0	0	0	0
ATXN7	ELOVL5	1	0	0	0	0	0	0	0	0	0
ATXN7	EEF2	1	0	0	0	0	0	0	0	0	0
ATXN7	PIK3R5	1	0	0	0	0	0	0	0	0	0
ATXN7	TBP	1	0	1	0	0	0	0	0	0	0
RUBCN	GDAP2	0	0	0	0	0	0	0	1	0	0
RUBCN	PITRM1	0	0	0	0	0	0	0	1	0	0
RUBCN	NOP56	1	0	0	0	0	0	0	0	0	0
RUBCN	FGF14	1	0	0	0	0	0	0	0	0	0
RUBCN	SLC9A1	1	0	0	0	0	0	0	0	0	0
RUBCN	UQCRQ	1	0	0	0	0	0	0	0	0	0
RUBCN	KIF1C	1	0	0	0	0	0	0	0	0	0
RUBCN	ATXN10	1	0	0	0	0	0	0	0	0	0
RUBCN	TGM6	1	0	0	0	0	0	0	0	0	0
RUBCN	ATXN3	1	0	0	0	0	0	0	1	0	0
RUBCN	SYT14	1	0	0	0	0	0	0	0	0	0
RUBCN	PLA2G6	1	0	0	0	0	0	0	0	0	0
RUBCN	CACNB4	1	0	0	0	0	0	0	0	0	0
RUBCN	APTX	1	0	0	0	0	0	0	0	0	0
RUBCN	SPTBN2	1	0	0	0	0	0	0	0	0	0
RUBCN	PCNA	1	0	0	0	0	0	0	0	0	0
RUBCN	TTC19	1	0	0	0	0	0	0	1	0	0
RUBCN	ELOVL5	1	0	0	0	0	0	0	0	0	0
RUBCN	EEF2	1	0	0	0	0	0	0	0	0	0
RUBCN	PIK3R5	1	0	0	0	0	0	0	0	0	0
RUBCN	TBP	1	0	0	0	0	0	0	0	0	0
RUBCN	SACS	1	0	0	0	0	0	0	0	0	0
RUBCN	ATXN7	0	0	0	0	0	0	0	1	0	0
CWF19L1	PITRM1	0	0	0	0	0	0	0	1	0	0
CWF19L1	HIST1H3A	0	0	1	0	0	0	0	0	0	0
CWF19L1	TOMM70	0	0	0	0	0	0	1	0	0	0
CWF19L1	FGF14	1	0	0	0	0	0	0	0	0	0
CWF19L1	SNX14	0	0	0	0	0	0	1	0	0	0
CWF19L1	SLC9A1	1	0	0	0	0	0	0	0	0	0
CWF19L1	UQCRQ	1	0	0	0	0	0	0	0	0	0
CWF19L1	KIF1C	1	0	0	0	0	0	0	0	0	0
CWF19L1	TGM6	1	0	0	0	0	0	0	0	0	0
CWF19L1	SYT14	1	0	0	0	0	0	0	0	0	0
CWF19L1	PLA2G6	1	0	0	0	0	0	0	0	0	0
CWF19L1	SPTBN2	1	0	0	0	0	0	0	0	0	0
CWF19L1	PCNA	1	0	0	0	0	0	0	0	0	0
CWF19L1	TTC19	1	0	0	1	0	0	0	0	0	0
CWF19L1	EEF2	1	0	0	0	0	0	0	0	0	0
CWF19L1	PIK3R5	1	0	0	0	0	0	0	0	0	0
CWF19L1	TBP	0	0	0	1	0	0	0	0	0	0
CWF19L1	SACS	1	0	0	0	0	0	0	0	0	0
CWF19L1	RUBCN	1	0	0	0	0	0	0	0	0	0
AFG3L2	YIPF5	0	0	0	0	0	0	0	1	0	0
AFG3L2	DNAJC11	0	0	0	1	0	0	0	0	0	0
AFG3L2	COA7	0	0	0	1	0	0	0	0	0	0
AFG3L2	MRPS9	0	0	0	0	0	0	0	0	0	1
AFG3L2	PRDX3	0	0	0	0	0	0	0	0	0	1
AFG3L2	TRIM25	0	0	1	0	0	0	0	0	0	0
AFG3L2	TOMM70	0	0	0	1	0	0	0	0	0	0
AFG3L2	NOP56	1	0	0	0	0	0	0	0	0	0
AFG3L2	FGF14	1	0	0	0	0	0	0	0	0	0
AFG3L2	SLC9A1	1	0	0	0	0	0	0	0	0	0
AFG3L2	UQCRQ	0	0	1	0	0	0	0	0	0	0
AFG3L2	KIF1C	1	0	0	0	0	0	0	0	0	0
AFG3L2	ATXN10	1	0	0	1	0	0	0	0	0	0
AFG3L2	TGM6	1	0	0	0	0	0	0	0	0	0
AFG3L2	ATXN3	1	0	0	0	0	0	0	0	0	0
AFG3L2	SYT14	1	0	0	0	0	0	0	0	0	0
AFG3L2	FXN	1	0	0	0	0	0	0	0	0	0
AFG3L2	PLA2G6	1	0	0	0	0	0	0	0	0	0
AFG3L2	CACNB4	1	0	0	0	0	0	0	0	0	0
AFG3L2	APTX	1	0	0	0	0	0	0	0	0	0
AFG3L2	SPTBN2	1	0	0	0	0	0	0	0	0	0
AFG3L2	TTC19	1	0	0	0	0	0	0	0	0	0
AFG3L2	ELOVL5	1	0	0	0	0	0	0	0	0	0
AFG3L2	EEF2	1	0	0	0	0	0	0	0	0	0
AFG3L2	PIK3R5	1	0	0	0	0	0	0	0	0	0
AFG3L2	TBP	1	0	0	0	0	0	0	0	0	0
AFG3L2	SACS	1	0	0	0	0	0	0	0	0	0
AFG3L2	ATXN7	1	0	0	0	0	0	0	0	0	0
AFG3L2	RUBCN	1	0	0	0	0	0	0	0	0	0
AFG3L2	CWF19L1	1	0	0	0	0	0	0	0	0	0
ATXN1	TDP2	0	0	1	0	0	0	0	0	0	0
ATXN1	PUM1	0	0	1	0	0	0	0	0	0	0
ATXN1	HIST1H3A	0	0	1	0	0	0	0	0	0	0
ATXN1	NOP56	1	0	0	0	0	0	0	0	0	0
ATXN1	FGF14	1	0	0	0	0	0	0	0	0	0
ATXN1	SLC9A1	1	0	0	0	0	0	0	0	0	0
ATXN1	KIF1C	1	0	0	0	0	0	0	0	0	0
ATXN1	ATXN10	1	0	0	0	0	0	0	0	0	0
ATXN1	TGM6	1	0	0	0	0	0	0	0	0	0
ATXN1	ATXN3	1	0	0	0	0	0	0	0	0	0
ATXN1	SYT14	1	0	0	0	0	0	0	0	0	0
ATXN1	FXN	1	0	0	0	0	0	0	0	0	0
ATXN1	PLA2G6	1	0	0	0	0	0	0	0	0	0
ATXN1	CACNB4	1	0	0	0	0	0	0	0	0	0
ATXN1	APTX	1	0	0	0	0	0	0	0	0	0
ATXN1	SPTBN2	1	0	0	0	0	0	0	0	0	0
ATXN1	TTC19	1	0	1	0	0	0	0	0	0	0
ATXN1	ELOVL5	1	0	0	0	0	0	0	0	0	0
ATXN1	EEF2	1	0	0	0	0	0	0	0	0	0
ATXN1	PIK3R5	1	0	0	0	0	0	0	0	0	0
ATXN1	TBP	1	0	0	0	0	0	0	0	0	0
ATXN1	SACS	1	0	0	0	0	0	0	0	0	0
ATXN1	ATXN7	1	0	0	0	0	0	0	0	0	0
ATXN1	RUBCN	1	0	0	0	0	0	0	0	0	0
ATXN1	AFG3L2	1	0	0	0	0	0	0	0	0	0
ATXN1	ATXN1	0	0	1	0	0	0	0	0	0	0
BEAN1	PKM	0	0	1	0	0	0	0	0	0	0
BEAN1	SLC8A2	0	0	0	0	0	1	0	0	0	0
BEAN1	NOP56	1	0	0	0	0	0	0	0	0	0
BEAN1	FGF14	1	0	0	0	0	1	0	0	0	0
BEAN1	SLC9A1	1	0	0	0	0	0	0	0	0	0
BEAN1	KIF1C	1	0	0	0	0	0	0	0	0	0
BEAN1	ATXN10	1	0	0	0	0	0	0	0	0	0
BEAN1	TGM6	1	0	0	0	0	0	0	0	0	0
BEAN1	ATXN3	1	0	0	0	0	0	0	0	0	0
BEAN1	SYT14	1	0	0	0	0	0	0	0	0	0
BEAN1	FXN	1	0	0	0	0	0	0	0	0	0
BEAN1	PLA2G6	1	0	0	0	0	0	0	0	0	0
BEAN1	CACNB4	1	0	0	0	0	0	0	0	0	0
BEAN1	APTX	1	0	0	0	0	0	0	0	0	0
BEAN1	SPTBN2	1	0	0	0	0	1	0	0	0	0
BEAN1	TTC19	1	0	0	0	0	0	0	0	0	0
BEAN1	ELOVL5	1	0	0	0	0	0	0	0	0	0
BEAN1	EEF2	1	0	0	0	0	0	0	0	0	0
BEAN1	PIK3R5	1	0	0	0	0	0	0	0	0	0
BEAN1	TBP	1	0	0	0	0	0	0	0	0	0
BEAN1	ATXN7	1	0	0	0	0	0	0	0	0	0
BEAN1	RUBCN	1	0	0	0	0	0	0	0	0	0
BEAN1	CWF19L1	1	0	0	0	0	0	0	0	0	0
BEAN1	AFG3L2	1	0	0	0	0	0	0	0	0	0
BEAN1	ATXN1	1	0	0	0	0	0	0	0	0	0
PMPCA	DNAJC11	0	0	0	1	0	0	0	0	0	0
PMPCA	PITRM1	0	0	0	1	0	0	0	0	0	0
PMPCA	SCYL1	0	0	0	1	0	0	0	0	0	0
PMPCA	CAPN1	0	0	0	0	0	1	0	0	0	0
PMPCA	MMS19	0	0	0	1	0	0	0	0	0	0
PMPCA	PKM	0	0	0	0	0	0	0	0	1	0
PMPCA	XRCC1	0	0	0	0	0	0	0	1	0	0
PMPCA	RNF220	0	0	0	0	0	0	1	0	0	0
PMPCA	FGF14	1	0	0	0	0	0	0	0	0	0
PMPCA	SLC9A1	1	0	0	0	0	0	0	0	0	0
PMPCA	KIF1C	1	0	0	0	0	0	0	0	0	0
PMPCA	ATXN10	0	0	0	0	0	0	0	0	0	1
PMPCA	SYT14	1	0	0	0	0	0	0	0	0	0
PMPCA	PLA2G6	1	0	0	0	0	0	0	0	0	0
PMPCA	APTX	1	0	0	1	0	0	0	0	0	0
PMPCA	SPTBN2	1	0	0	0	0	0	0	0	0	0
PMPCA	PCNA	1	0	0	0	0	0	0	0	0	0
PMPCA	TTC19	0	0	0	1	0	0	0	0	0	0
PMPCA	EEF2	1	0	0	0	0	0	0	0	0	0
PMPCA	PIK3R5	1	0	0	0	0	0	0	0	0	0
PMPCA	TBP	0	0	0	1	0	0	0	0	0	0
PMPCA	SACS	1	0	0	0	0	0	0	0	0	0
PMPCA	RUBCN	1	0	0	0	0	0	0	1	0	0
PMPCA	CWF19L1	1	0	0	0	0	0	0	1	0	0
PMPCA	AFG3L2	1	0	0	0	0	0	0	0	0	0
SIL1	MRPS9	0	0	0	0	0	0	0	0	1	0
SIL1	SCYL1	0	0	0	0	0	0	1	0	0	1
SIL1	ATG7	0	0	0	0	0	0	0	0	1	0
SIL1	PIGK	0	0	0	0	0	0	0	0	1	0
SIL1	SLC9A1	1	0	0	0	0	0	0	0	0	0
SIL1	UQCRQ	0	0	0	1	0	0	0	0	0	0
SIL1	PLA2G6	1	0	0	0	0	0	0	0	0	0
SIL1	SPTBN2	1	0	0	0	0	0	0	0	0	0
SIL1	PCNA	1	0	0	0	0	0	0	0	0	0
SIL1	CWF19L1	1	0	0	0	0	0	0	0	0	0
SIL1	PMPCA	1	0	0	0	0	0	0	0	0	0
GRM1	INA	0	0	0	0	0	1	0	0	0	0
GRM1	SYT16	0	0	0	0	0	1	0	0	0	0
GRM1	MYC	0	0	1	0	0	0	0	0	0	0
GRM1	SLC8A2	0	0	0	0	0	1	0	0	0	0
GRM1	NOP56	1	0	0	0	0	0	0	0	0	0
GRM1	FGF14	1	0	0	0	0	1	0	0	0	0
GRM1	SLC9A1	1	0	0	0	0	0	0	0	0	0
GRM1	ELOVL4	0	0	0	0	0	1	0	0	0	0
GRM1	KIF1C	1	0	0	0	0	0	0	0	0	0
GRM1	ATXN10	1	0	0	0	0	0	0	0	0	0
GRM1	TGM6	1	0	0	0	0	0	0	0	0	0
GRM1	ATXN3	1	0	0	0	0	0	0	0	0	0
GRM1	SYT14	1	0	0	0	0	0	0	0	0	0
GRM1	PLA2G6	1	0	0	0	0	0	0	0	0	0
GRM1	CACNB4	1	0	0	0	0	0	0	0	0	0
GRM1	SPTBN2	1	0	0	0	0	1	0	0	0	0
GRM1	PCNA	1	0	0	0	0	0	0	0	0	0
GRM1	TTC19	1	0	0	0	0	0	0	0	0	0
GRM1	ELOVL5	1	0	0	0	0	0	0	0	0	0
GRM1	EEF2	1	0	0	0	0	0	0	0	0	0
GRM1	PIK3R5	1	0	0	0	0	0	0	0	0	0
GRM1	SACS	1	0	0	0	0	0	0	0	0	0
GRM1	RUBCN	1	0	0	0	0	0	0	0	0	0
GRM1	CWF19L1	1	0	0	0	0	0	0	0	0	0
GRM1	AFG3L2	1	0	0	0	0	0	0	0	0	0
GRM1	ATXN1	1	0	0	0	0	0	0	0	0	0
GRM1	BEAN1	1	0	0	0	0	0	0	0	0	0
GRM1	PMPCA	1	0	0	0	0	0	0	0	0	0
GRM1	SIL1	1	0	0	0	0	0	0	0	0	0
GRM1	GRM1	0	0	1	0	0	0	0	0	0	0
KCND3	DIRAS3	0	0	0	0	1	0	0	0	0	0
KCND3	INA	0	0	0	0	0	1	0	0	0	0
KCND3	SYT16	0	0	0	0	0	1	0	0	0	0
KCND3	NOP56	1	0	0	0	0	0	0	0	0	0
KCND3	FGF14	1	0	0	0	0	0	0	0	0	0
KCND3	SLC9A1	1	0	0	0	0	0	0	0	0	0
KCND3	KIF1C	1	0	0	0	0	0	0	0	0	0
KCND3	ATXN10	1	0	0	0	0	0	0	0	0	0
KCND3	TGM6	1	0	0	0	0	0	0	0	0	0
KCND3	ATXN3	1	0	0	0	0	0	0	0	0	0
KCND3	SYT14	1	0	0	0	0	0	0	0	0	0
KCND3	FXN	1	0	0	0	0	0	0	0	0	0
KCND3	PLA2G6	1	0	0	0	0	0	0	0	0	0
KCND3	CACNB4	1	0	0	0	0	0	0	0	0	0
KCND3	APTX	1	0	0	0	0	0	0	0	0	0
KCND3	SPTBN2	1	0	0	0	0	1	0	0	0	0
KCND3	ELOVL5	1	0	0	0	0	0	0	0	0	0
KCND3	EEF2	1	0	0	0	0	0	0	0	0	0
KCND3	PIK3R5	1	0	0	0	0	0	0	0	0	0
KCND3	TBP	1	0	0	0	0	0	0	0	0	0
KCND3	SACS	1	0	0	0	0	0	0	0	0	0
KCND3	ATXN7	1	0	0	0	0	0	0	0	0	0
KCND3	RUBCN	1	0	0	0	0	0	0	0	0	0
KCND3	CWF19L1	1	0	0	0	0	0	0	0	0	0
KCND3	AFG3L2	1	0	0	0	0	0	0	0	0	0
KCND3	ATXN1	1	0	0	0	0	0	0	0	0	0
KCND3	BEAN1	1	0	0	0	0	0	0	0	0	0
KCND3	GRM1	1	0	0	0	0	1	0	0	0	0
KCND3	KCND3	0	0	1	0	0	0	0	0	0	0
AIFM1	COQ5	0	0	0	0	0	0	0	0	1	0
AIFM1	YIPF5	0	0	0	0	0	0	0	0	1	0
AIFM1	DNAJC11	0	0	1	1	0	0	0	0	0	0
AIFM1	COA7	0	0	1	0	0	0	0	0	0	0
AIFM1	MRPS9	0	0	0	1	0	0	0	0	0	0
AIFM1	PRDX3	0	0	0	1	0	0	0	0	0	0
AIFM1	VPS41	0	0	0	0	0	0	0	0	1	0
AIFM1	TRIM25	0	0	1	0	0	0	0	0	0	0
AIFM1	NXF1	0	0	1	0	0	0	0	0	0	0
AIFM1	PKM	0	0	0	0	0	0	0	0	1	0
AIFM1	XRCC1	0	0	1	0	0	0	0	0	0	0
AIFM1	TOMM70	0	0	1	0	0	0	0	0	0	0
AIFM1	NOP56	0	0	0	0	0	0	1	0	0	0
AIFM1	UQCRQ	0	0	0	1	0	0	0	0	0	0
AIFM1	ATXN10	0	0	0	1	0	0	0	0	0	0
AIFM1	FXN	0	0	0	1	0	0	0	0	0	0
AIFM1	PCNA	0	0	0	1	0	0	0	0	0	0
AIFM1	TTC19	0	0	1	0	0	0	0	0	0	0
AIFM1	TDP1	1	0	0	0	0	0	0	0	0	0
AIFM1	AFG3L2	0	0	1	1	0	0	0	0	0	0
AIFM1	PMPCA	0	0	1	0	0	0	0	0	0	0
AIFM1	SIL1	0	0	0	0	0	0	0	0	1	0
AIFM1	AIFM1	0	0	1	0	0	0	0	0	0	0
ABHD12	PRDX3	0	0	0	0	0	0	0	0	1	0
ABHD12	SCYL1	0	0	0	0	0	0	0	1	0	0
ABHD12	VPS41	0	0	0	0	0	0	0	0	1	0
ABHD12	TRIM25	0	0	1	0	0	0	0	0	0	0
ABHD12	PKM	0	0	0	0	0	0	0	0	1	0
ABHD12	XRCC1	0	0	0	0	0	0	0	1	0	0
ABHD12	PLD3	0	0	0	1	0	0	0	0	0	0
ABHD12	NOP56	1	0	0	0	0	0	0	0	0	0
ABHD12	FGF14	1	0	0	0	0	0	0	0	0	0
ABHD12	SLC9A1	1	0	0	0	0	0	0	0	0	0
ABHD12	KIF1C	1	0	0	0	0	0	0	0	1	0
ABHD12	ATXN10	1	0	0	0	0	0	0	0	0	0
ABHD12	TGM6	1	0	0	0	0	0	0	0	0	0
ABHD12	ATXN3	1	0	0	0	0	0	0	0	0	0
ABHD12	SYT14	1	0	0	0	0	0	0	0	0	0
ABHD12	FXN	1	0	0	0	0	0	0	0	0	0
ABHD12	PLA2G6	1	0	0	0	0	0	0	0	0	0
ABHD12	APTX	1	0	0	0	0	0	0	0	0	0
ABHD12	SPTBN2	1	0	0	0	0	0	0	0	0	0
ABHD12	TTC19	1	0	0	0	0	0	0	0	0	0
ABHD12	ELOVL5	1	0	0	0	0	0	0	0	0	0
ABHD12	EEF2	1	0	0	0	0	0	0	0	0	0
ABHD12	PIK3R5	1	0	0	0	0	0	0	0	0	0
ABHD12	TDP1	1	0	0	0	0	0	0	0	0	0
ABHD12	SACS	1	0	0	0	0	0	0	0	0	0
ABHD12	ATXN7	1	0	0	0	0	0	0	0	0	0
ABHD12	RUBCN	1	0	0	0	0	0	0	0	0	0
ABHD12	CWF19L1	1	0	0	0	0	0	0	0	0	0
ABHD12	AFG3L2	1	0	0	0	0	0	0	0	0	0
ABHD12	ATXN1	1	0	0	0	0	0	0	0	0	0
ABHD12	BEAN1	1	0	0	0	0	0	0	0	0	0
ABHD12	PMPCA	1	0	0	0	0	0	0	0	0	0
ABHD12	GRM1	1	0	0	0	0	0	0	0	0	0
ABHD12	KCND3	1	0	0	0	0	0	0	0	0	0
TK2	PUM1	0	0	0	0	0	0	0	0	1	0
TK2	MRPS9	0	0	0	0	0	0	0	0	1	0
TK2	PRDX3	0	0	0	0	0	0	0	0	1	0
TK2	ATG5	0	0	0	0	0	0	0	0	1	0
TK2	CAPN1	0	0	0	0	0	0	0	0	1	0
TK2	PLD3	0	0	0	1	0	0	0	0	0	0
TK2	TTC19	0	0	0	0	0	0	0	1	0	0
TK2	CWF19L1	1	0	0	0	0	0	0	0	0	0
TK2	PMPCA	0	0	0	0	0	0	0	1	0	0
TK2	ABHD12	0	0	0	0	0	0	0	0	0	1
WWOX	TRIM25	0	0	1	0	0	0	0	0	0	0
WWOX	NOP56	0	0	1	0	0	0	0	0	0	0
PEX7	COQ5	0	0	0	0	0	0	0	0	0	1
PEX7	MRPS9	0	0	0	0	0	0	0	0	1	0
PEX7	PRDX3	0	0	0	0	0	0	0	0	1	0
PEX7	ATXN10	0	0	0	0	0	0	0	0	1	0
PEX7	FXN	0	0	0	0	0	0	0	0	0	1
PEX7	AFG3L2	0	0	0	0	0	0	0	0	1	0
PEX7	SIL1	0	0	0	0	0	0	0	0	1	0
PEX7	AIFM1	0	0	0	0	0	0	0	0	1	0
PHYH	COQ5	0	0	0	0	0	0	0	0	0	1
PHYH	MRPS9	0	0	0	1	0	0	0	0	0	0
PHYH	PRDX3	0	0	0	1	0	0	0	0	0	0
PHYH	UQCRQ	0	0	0	0	0	0	0	0	0	1
PHYH	FXN	0	0	0	0	0	0	0	0	0	1
PHYH	SIL1	0	0	0	0	0	0	0	0	1	0
PHYH	AIFM1	0	0	0	0	0	0	0	0	1	0
PHYH	TK2	0	0	0	0	0	0	0	0	1	0
PHYH	WWOX	0	0	0	0	0	0	0	0	1	0
PHYH	PEX7	1	0	1	1	0	0	0	0	0	0
PHYH	PHYH	0	0	1	0	0	0	0	0	0	0
KCNC3	SLC8A2	0	1	0	0	0	1	0	0	0	0
KCNC3	SLC9A7	0	0	0	1	0	0	0	0	0	0
KCNC3	NOP56	1	0	0	0	0	0	0	0	0	0
KCNC3	FGF14	1	0	0	0	0	0	0	0	0	0
KCNC3	SLC9A1	1	0	0	0	0	0	0	0	0	0
KCNC3	UQCRQ	1	0	0	0	0	0	0	0	0	0
KCNC3	KIF1C	1	0	0	0	0	0	0	0	0	0
KCNC3	ATXN10	1	0	0	0	0	0	0	0	0	0
KCNC3	TGM6	1	0	0	0	0	0	0	0	0	0
KCNC3	ATXN3	1	0	0	0	0	0	0	0	0	0
KCNC3	SYT14	1	0	0	0	0	0	0	0	0	0
KCNC3	PLA2G6	1	0	0	0	0	0	0	0	0	0
KCNC3	CACNB4	1	0	0	0	0	0	0	0	0	0
KCNC3	APTX	1	0	0	0	0	0	0	0	0	0
KCNC3	SPTBN2	1	0	0	0	0	1	0	0	0	0
KCNC3	PCNA	1	0	0	0	0	0	0	0	0	0
KCNC3	TTC19	1	0	0	0	0	0	0	0	0	0
KCNC3	ELOVL5	1	0	0	0	0	0	0	0	0	0
KCNC3	EEF2	1	0	0	0	0	0	0	0	0	0
KCNC3	PIK3R5	1	0	0	0	0	0	0	0	0	0
KCNC3	TBP	1	0	0	0	0	0	0	0	0	0
KCNC3	SACS	1	0	0	0	0	0	0	0	0	0
KCNC3	ATXN7	1	0	0	0	0	0	0	0	0	0
KCNC3	RUBCN	1	0	0	0	0	0	0	0	0	0
KCNC3	CWF19L1	1	0	0	0	0	0	0	0	0	0
KCNC3	AFG3L2	1	0	0	0	0	0	0	0	0	0
KCNC3	ATXN1	1	0	0	0	0	0	0	0	0	0
KCNC3	BEAN1	1	0	0	0	0	0	0	0	0	0
KCNC3	PMPCA	1	0	0	0	0	0	0	0	0	0
KCNC3	SIL1	1	0	0	0	0	0	0	0	0	0
KCNC3	GRM1	1	0	0	0	0	0	0	0	0	0
KCNC3	KCND3	1	0	0	0	0	0	0	0	0	0
KCNC3	ABHD12	1	0	0	0	0	0	0	0	0	0
ATXN2	GDAP2	0	0	0	1	0	0	0	0	0	0
ATXN2	NXF1	0	0	1	0	0	0	0	0	0	0
ATXN2	MMS19	0	0	0	0	0	0	1	1	0	0
ATXN2	NOP56	1	0	0	0	0	0	0	0	0	0
ATXN2	FGF14	1	0	0	0	0	0	0	0	0	0
ATXN2	KIF1C	1	0	0	0	0	0	0	0	0	0
ATXN2	ATXN10	1	0	0	0	0	0	0	0	0	0
ATXN2	ATXN3	1	0	0	1	0	0	0	0	0	0
ATXN2	PLA2G6	1	0	0	0	0	0	0	0	0	0
ATXN2	CACNB4	1	0	0	0	0	0	0	0	0	0
ATXN2	SPTBN2	1	0	0	0	0	0	0	0	0	0
ATXN2	WDR73	0	0	0	1	0	0	0	0	0	0
ATXN2	TTC19	1	0	0	0	0	0	0	1	0	0
ATXN2	PIK3R5	1	0	0	0	0	0	0	0	0	0
ATXN2	TBP	1	0	0	0	0	0	0	0	0	0
ATXN2	ATXN7	1	0	0	1	0	0	0	0	0	0
ATXN2	RUBCN	0	0	0	0	0	0	0	1	0	0
ATXN2	AFG3L2	1	0	0	0	0	0	0	0	0	0
ATXN2	ATXN1	1	0	1	0	0	0	0	0	0	0
ATXN2	PMPCA	0	0	0	0	0	0	0	0	1	0
ATXN2	KCND3	1	0	0	0	0	0	0	0	0	0
ATXN2	WWOX	0	0	1	0	0	0	0	0	0	0
ATCAY	TPPP	0	0	0	0	0	0	0	0	1	0
ATCAY	INA	0	0	0	1	0	0	0	0	0	0
ATCAY	SYT16	0	0	0	0	0	1	0	0	0	0
ATCAY	SLC8A2	0	1	0	0	0	1	0	0	1	0
ATCAY	SLC9A7	0	0	0	0	0	1	0	0	0	0
ATCAY	NOP56	1	0	0	0	0	0	0	0	0	0
ATCAY	FGF14	1	1	0	0	0	1	0	0	1	0
ATCAY	SLC9A1	1	0	0	0	0	0	0	0	0	0
ATCAY	UQCRQ	1	0	0	0	0	0	0	0	0	0
ATCAY	KIF1C	1	0	0	0	0	0	0	0	0	0
ATCAY	TGM6	1	0	0	0	0	0	0	0	0	0
ATCAY	ATXN3	1	0	0	0	0	0	0	0	0	0
ATCAY	SYT14	1	0	0	0	0	0	0	0	0	0
ATCAY	FXN	1	0	0	0	0	0	0	0	0	0
ATCAY	PLA2G6	1	0	0	0	0	0	0	0	0	0
ATCAY	CACNB4	1	0	0	0	0	0	0	0	0	0
ATCAY	APTX	1	0	0	0	0	0	0	0	0	0
ATCAY	SPTBN2	1	1	0	0	0	1	0	0	0	0
ATCAY	PCNA	1	0	0	0	0	0	0	0	0	0
ATCAY	TTC19	1	0	0	0	0	0	0	0	0	0
ATCAY	ELOVL5	1	0	0	0	0	0	0	0	0	0
ATCAY	EEF2	1	0	0	0	0	0	0	0	0	0
ATCAY	PIK3R5	1	0	0	0	0	0	0	0	0	0
ATCAY	TBP	1	0	0	0	0	0	0	0	0	0
ATCAY	SACS	1	0	0	0	0	0	0	0	0	0
ATCAY	ATXN7	1	0	0	0	0	0	0	0	0	0
ATCAY	RUBCN	1	0	0	0	0	0	0	0	0	0
ATCAY	CWF19L1	1	0	0	0	0	0	0	0	0	0
ATCAY	AFG3L2	1	0	0	0	0	0	0	0	0	0
ATCAY	ATXN1	1	0	0	0	0	0	0	0	0	0
ATCAY	BEAN1	1	0	0	0	0	1	0	0	0	0
ATCAY	PMPCA	1	0	0	0	0	0	0	0	0	0
ATCAY	SIL1	1	0	0	0	0	0	0	0	0	0
ATCAY	GRM1	1	0	0	0	0	0	0	0	0	0
ATCAY	KCND3	1	0	0	0	0	1	0	0	0	0
ATCAY	ABHD12	1	0	0	0	0	0	0	0	0	0
ATCAY	KCNC3	1	0	0	0	0	0	0	0	0	0
ATCAY	ATXN2	1	0	0	0	0	0	0	0	0	0
ATCAY	ATCAY	0	0	1	0	0	0	0	0	0	0
BAG3	ATG7	0	0	1	0	0	0	0	0	0	0
BAG3	CAPN1	0	0	1	0	0	0	0	0	0	0
BAG3	NXF1	0	0	1	0	0	0	0	0	0	0
BAG3	ATXN3	0	0	1	0	0	0	0	0	0	0
BAG3	PLA2G6	0	0	1	0	0	0	0	0	0	0
BAG3	BEAN1	0	0	1	0	0	0	0	0	0	0
BAG3	AIFM1	0	0	1	0	0	0	0	0	0	0
BAG3	BAG3	0	0	1	0	0	0	0	0	0	0
GRID2	NOP56	1	0	0	0	0	0	0	0	0	0
GRID2	FGF14	1	0	0	0	0	0	0	0	0	0
GRID2	SLC9A1	1	0	0	0	0	0	0	0	0	0
GRID2	UQCRQ	1	0	0	0	0	0	0	0	0	0
GRID2	KIF1C	1	0	0	0	0	0	0	0	0	0
GRID2	ATXN10	1	0	0	0	0	0	0	0	0	0
GRID2	TGM6	1	0	0	0	0	0	0	0	0	0
GRID2	ATXN3	1	0	0	0	0	0	0	0	0	0
GRID2	SYT14	1	0	0	0	0	0	0	0	0	0
GRID2	FXN	1	0	0	0	0	0	0	0	0	0
GRID2	PLA2G6	1	0	0	0	0	0	0	0	0	0
GRID2	CACNB4	1	0	0	0	0	0	0	0	0	0
GRID2	APTX	1	0	0	0	0	0	0	0	0	0
GRID2	SPTBN2	1	0	0	0	0	0	0	0	0	0
GRID2	PCNA	1	0	0	0	0	0	0	0	0	0
GRID2	TTC19	1	0	0	0	0	0	0	0	0	0
GRID2	ELOVL5	1	0	0	0	0	0	0	0	0	0
GRID2	EEF2	1	0	0	0	0	0	0	0	0	0
GRID2	PIK3R5	1	0	0	0	0	0	0	0	0	0
GRID2	TBP	1	0	0	0	0	0	0	0	0	0
GRID2	SACS	1	0	0	0	0	0	0	0	0	0
GRID2	ATXN7	1	0	0	0	0	0	0	0	0	0
GRID2	RUBCN	1	0	0	0	0	0	0	0	0	0
GRID2	CWF19L1	1	0	0	0	0	0	0	0	0	0
GRID2	AFG3L2	1	0	0	0	0	0	0	0	0	0
GRID2	ATXN1	1	0	0	0	0	0	0	0	0	0
GRID2	BEAN1	1	0	0	0	0	0	0	0	0	0
GRID2	PMPCA	1	0	0	0	0	0	0	0	0	0
GRID2	SIL1	1	0	0	0	0	0	0	0	0	0
GRID2	GRM1	1	0	0	0	0	0	0	0	0	0
GRID2	KCND3	1	0	0	0	0	0	0	0	0	0
GRID2	ABHD12	1	0	0	0	0	0	0	0	0	0
GRID2	KCNC3	1	0	0	0	0	0	0	0	0	0
GRID2	ATXN2	1	0	0	0	0	0	0	0	0	0
GRID2	ATCAY	1	0	0	0	0	0	0	0	0	0
SETX	ZNF562	0	0	0	1	0	0	0	0	0	0
SETX	PUM1	0	0	0	1	0	0	0	0	0	0
SETX	UBA5	0	0	0	0	0	0	0	0	1	0
SETX	ATG5	0	0	0	0	0	0	0	1	0	0
SETX	TRIM25	0	0	1	0	0	0	1	0	0	0
SETX	MMS19	0	0	0	0	0	0	0	0	1	0
SETX	GTF2A1	0	0	0	0	0	0	0	1	0	0
SETX	MYC	0	0	1	0	0	0	0	0	0	0
SETX	NOP56	1	0	0	0	0	0	0	0	0	0
SETX	FGF14	1	0	0	0	0	0	0	0	0	0
SETX	SNX14	0	0	0	0	0	0	0	1	0	0
SETX	SLC9A1	1	0	0	0	0	0	0	0	0	0
SETX	KIF1C	1	0	0	0	0	0	0	0	0	0
SETX	ATXN10	1	0	0	0	0	0	0	0	0	0
SETX	TGM6	1	0	0	0	0	0	0	0	0	0
SETX	ATXN3	1	0	0	1	0	0	0	0	0	0
SETX	SYT14	1	0	0	0	0	0	0	0	0	0
SETX	FXN	1	0	0	0	0	0	0	0	0	0
SETX	PLA2G6	1	0	0	0	0	0	0	0	0	0
SETX	CACNB4	1	0	0	0	0	0	0	0	0	0
SETX	APTX	1	0	0	0	0	0	0	0	0	0
SETX	SPTBN2	1	0	0	0	0	0	0	0	0	0
SETX	PCNA	1	0	0	0	0	0	0	0	0	0
SETX	TTC19	1	0	0	0	0	0	0	0	0	0
SETX	ELOVL5	1	0	0	0	0	0	0	0	0	0
SETX	EEF2	1	0	0	0	0	0	0	0	0	0
SETX	PIK3R5	1	0	0	0	0	0	0	0	0	0
SETX	TDP1	1	0	0	0	0	0	0	0	0	0
SETX	TBP	1	0	0	1	0	0	0	0	0	0
SETX	SACS	1	0	0	0	0	0	1	0	0	0
SETX	RUBCN	1	0	0	0	0	0	0	0	0	0
SETX	AFG3L2	1	0	0	0	0	0	0	0	0	0
SETX	ATXN1	1	0	0	0	0	0	0	0	0	0
SETX	BEAN1	1	0	0	0	0	0	0	0	0	0
SETX	PMPCA	1	0	0	0	0	0	0	0	0	0
SETX	KCND3	1	0	0	0	0	0	0	0	0	0
SETX	ABHD12	1	0	0	0	0	0	0	0	0	0
SETX	KCNC3	1	0	0	0	0	0	0	0	0	0
SETX	ATXN2	1	0	0	0	0	0	0	0	0	0
SETX	ATCAY	1	0	0	0	0	0	0	0	0	0
SETX	GRID2	1	0	0	0	0	0	0	0	0	0
SETX	SETX	0	0	1	0	0	0	0	0	0	0
ADAR	DNAJC11	0	0	0	1	0	0	0	0	0	0
ADAR	ZNF562	0	0	0	0	0	0	0	1	0	0
ADAR	PITRM1	0	0	0	0	0	0	0	1	0	0
ADAR	COA7	0	0	0	0	0	0	0	0	1	0
ADAR	PUM1	0	0	0	1	0	0	0	0	0	0
ADAR	MRPS9	0	0	0	0	0	0	0	1	0	0
ADAR	VPS13D	0	0	0	0	0	0	1	0	1	0
ADAR	TRIM25	0	0	0	0	0	0	1	0	0	0
ADAR	MYC	0	0	1	0	0	0	0	0	0	0
ADAR	ATXN3	0	0	0	0	0	0	0	0	0	1
ADAR	SPTBN2	1	0	0	0	0	0	0	0	0	0
ADAR	TBP	0	0	0	0	0	0	0	1	0	0
ADAR	RUBCN	0	0	0	0	0	1	0	0	0	0
ADAR	CWF19L1	1	0	0	0	0	0	0	0	0	0
ADAR	ATCAY	1	0	0	0	0	0	0	0	0	0
ADAR	SETX	0	0	0	1	0	0	0	0	0	0
ADAR	ADAR	0	0	1	0	0	0	0	0	0	0
OPA3	DNAJC11	0	0	0	1	0	0	0	0	0	0
OPA3	COA7	0	0	0	1	0	0	0	0	0	0
OPA3	SCYL1	0	0	0	0	0	0	1	0	0	0
OPA3	CAPN1	0	0	0	0	0	0	1	0	0	0
OPA3	NXF1	0	0	1	0	0	0	0	0	0	0
OPA3	PKM	0	0	0	0	0	0	0	0	1	0
OPA3	PLD3	0	0	0	0	0	0	0	0	1	0
OPA3	NOP56	1	0	0	0	0	0	0	0	0	0
OPA3	FGF14	1	0	0	0	0	0	0	0	0	0
OPA3	SLC9A1	1	0	0	0	0	0	0	0	0	0
OPA3	UQCRQ	1	0	0	0	0	0	0	0	0	0
OPA3	KIF1C	1	0	0	0	0	0	0	0	1	0
OPA3	ATXN10	1	0	0	0	0	0	0	0	0	0
OPA3	ATXN3	1	0	0	0	0	0	0	0	0	0
OPA3	FXN	1	0	0	0	0	0	0	0	0	0
OPA3	PLA2G6	1	0	0	0	0	0	0	0	0	0
OPA3	CACNB4	1	0	0	0	0	0	0	0	0	0
OPA3	SPTBN2	1	0	0	0	0	0	0	0	0	0
OPA3	TTC19	1	0	0	0	0	0	0	0	0	0
OPA3	TBP	1	0	0	0	0	0	0	0	0	0
OPA3	SACS	1	0	0	0	0	0	0	0	0	0
OPA3	ATXN7	1	0	0	0	0	0	0	0	0	0
OPA3	RUBCN	1	0	0	0	0	0	0	0	0	0
OPA3	AFG3L2	1	0	1	0	0	0	0	0	0	0
OPA3	ATXN1	1	0	0	0	0	0	0	0	0	0
OPA3	PMPCA	0	0	0	0	0	0	0	0	1	0
OPA3	GRM1	1	0	0	0	0	0	0	0	0	0
OPA3	KCND3	1	0	0	0	0	0	0	0	0	0
OPA3	AIFM1	0	0	0	1	0	0	0	0	0	0
OPA3	ABHD12	1	0	0	0	0	0	0	0	1	0
OPA3	KCNC3	1	0	0	0	0	0	0	0	0	0
OPA3	ATXN2	0	0	0	0	0	0	0	0	1	0
OPA3	ATCAY	1	0	0	0	0	0	0	0	0	0
OPA3	GRID2	1	0	0	0	0	0	0	0	0	0
OPA3	SETX	1	0	0	0	0	0	0	0	0	0
OPA3	OPA3	0	0	1	0	0	0	0	0	0	0
MRE11	THG1L	0	0	0	0	1	0	0	0	0	0
MRE11	HIST1H3A	0	0	1	0	0	0	0	0	0	0
MRE11	MMS19	0	0	0	0	1	0	0	0	0	0
MRE11	PKM	0	0	0	0	1	0	0	0	0	0
MRE11	DAXX	0	0	1	0	0	0	0	0	0	0
MRE11	SIRT1	0	0	1	0	0	0	0	0	0	0
MRE11	NOP56	1	0	0	0	0	0	0	0	0	0
MRE11	FGF14	1	0	0	0	0	0	0	0	0	0
MRE11	SLC9A1	1	0	0	0	0	0	0	0	0	0
MRE11	KIF1C	1	0	0	0	0	0	0	0	0	0
MRE11	ATXN10	1	0	0	0	0	0	0	0	0	0
MRE11	TGM6	1	0	0	0	0	0	0	0	0	0
MRE11	ATXN3	1	0	0	1	0	0	0	0	0	0
MRE11	SYT14	1	0	0	0	0	0	0	0	0	0
MRE11	FXN	1	0	0	0	0	0	0	0	0	0
MRE11	PLA2G6	1	0	0	0	0	0	0	0	0	0
MRE11	CACNB4	1	0	0	0	0	0	0	0	0	0
MRE11	APTX	1	0	0	0	0	0	0	0	0	0
MRE11	SPTBN2	1	0	0	0	0	0	0	0	0	0
MRE11	PCNA	1	0	0	0	0	0	0	0	0	0
MRE11	TTC19	1	0	0	0	0	0	0	0	0	0
MRE11	ELOVL5	1	0	0	0	0	0	0	0	0	0
MRE11	EEF2	1	0	0	0	0	0	0	0	0	0
MRE11	PIK3R5	1	0	0	0	0	0	0	0	0	0
MRE11	TBP	1	0	0	0	0	0	0	0	0	0
MRE11	SACS	1	0	0	0	0	0	0	0	0	0
MRE11	ATXN7	1	0	0	0	0	0	0	0	0	0
MRE11	RUBCN	1	0	0	0	0	0	0	0	0	0
MRE11	CWF19L1	1	0	0	0	0	0	0	0	0	1
MRE11	AFG3L2	1	0	0	0	0	0	0	0	0	0
MRE11	ATXN1	1	0	0	0	0	0	0	0	0	0
MRE11	BEAN1	1	0	0	0	0	0	0	0	0	0
MRE11	PMPCA	1	0	0	0	0	0	0	0	0	0
MRE11	GRM1	1	0	0	0	0	0	0	0	0	0
MRE11	KCND3	1	0	0	0	0	0	0	0	0	0
MRE11	ABHD12	1	0	0	0	0	0	0	0	0	0
MRE11	TK2	0	0	0	0	0	0	0	1	0	0
MRE11	KCNC3	1	0	0	0	0	0	0	0	0	0
MRE11	ATXN2	1	0	0	0	0	0	0	0	1	0
MRE11	ATCAY	1	0	0	0	0	0	0	0	0	0
MRE11	GRID2	1	0	0	0	0	0	0	0	0	0
MRE11	SETX	1	0	0	0	0	0	0	0	0	0
MRE11	OPA3	1	0	0	0	0	0	0	0	0	0
MRE11	MRE11	0	0	1	0	0	0	0	0	0	0
TRPC3	NOP56	1	0	0	0	0	0	0	0	0	0
TRPC3	FGF14	1	0	0	0	0	0	0	0	0	0
TRPC3	SLC9A1	1	0	0	0	0	0	0	0	0	0
TRPC3	KIF1C	1	0	0	0	0	0	0	0	0	0
TRPC3	TGM6	1	0	0	0	0	0	0	0	0	0
TRPC3	PLA2G6	1	0	0	0	0	0	0	0	0	0
TRPC3	SPTBN2	1	0	0	0	0	0	0	0	0	0
TRPC3	PCNA	1	0	0	0	0	0	0	0	0	0
TRPC3	ELOVL5	1	0	0	0	0	0	0	0	0	0
TRPC3	EEF2	1	0	0	0	0	0	0	0	0	0
TRPC3	TBP	1	0	0	0	0	0	0	0	0	0
TRPC3	RUBCN	1	0	0	0	0	0	0	0	0	0
TRPC3	CWF19L1	1	0	0	0	0	0	0	0	0	0
TRPC3	AFG3L2	1	0	0	0	0	0	0	0	0	0
TRPC3	BEAN1	1	0	0	0	0	0	0	0	0	0
TRPC3	KCND3	1	0	0	0	0	0	0	0	0	0
TRPC3	KCNC3	1	0	0	0	0	0	0	0	0	0
TRPC3	SETX	1	0	0	0	0	0	0	0	0	0
TRPC3	MRE11	1	0	0	0	0	0	0	0	0	0
TRPC3	TRPC3	0	0	1	0	0	0	0	0	0	0
ATP1A3	PUM1	0	0	1	0	0	0	0	0	0	0
ATP1A3	TPPP	0	0	0	0	0	0	0	0	1	0
ATP1A3	INA	0	0	0	1	0	0	0	0	0	0
ATP1A3	SYT16	0	0	0	0	0	1	0	0	0	0
ATP1A3	SLC8A2	0	1	0	0	0	0	0	0	1	0
ATP1A3	SLC9A7	0	0	0	0	0	1	0	0	0	0
ATP1A3	SLC1A3	1	0	0	0	0	0	0	0	0	0
ATP1A3	NOP56	1	0	0	0	0	0	0	0	0	0
ATP1A3	FGF14	1	1	0	0	0	1	0	0	1	0
ATP1A3	SLC9A1	1	0	0	0	0	0	0	0	0	0
ATP1A3	ELOVL4	0	0	0	0	0	1	0	0	0	0
ATP1A3	KIF1C	1	0	0	0	0	0	0	0	0	0
ATP1A3	ATXN10	1	0	0	0	0	0	0	0	0	0
ATP1A3	TGM6	1	0	0	0	0	0	0	0	0	0
ATP1A3	ATXN3	1	0	0	0	0	0	0	0	0	0
ATP1A3	SYT14	1	0	0	0	0	0	0	0	0	0
ATP1A3	FXN	1	0	0	0	0	0	0	0	0	0
ATP1A3	PLA2G6	1	0	0	0	0	0	0	0	0	0
ATP1A3	CACNB4	1	0	0	0	0	0	0	0	0	0
ATP1A3	APTX	1	0	0	0	0	0	0	0	0	0
ATP1A3	SPTBN2	1	1	0	0	0	1	0	0	0	0
ATP1A3	PCNA	1	0	0	0	0	0	0	0	0	0
ATP1A3	TTC19	1	0	0	0	0	0	0	0	0	0
ATP1A3	ELOVL5	1	0	0	0	0	0	0	0	0	0
ATP1A3	EEF2	1	0	0	0	0	0	0	0	0	0
ATP1A3	PIK3R5	1	0	0	0	0	0	0	0	0	0
ATP1A3	TBP	1	0	0	0	0	0	0	0	0	0
ATP1A3	SACS	1	0	0	0	0	0	0	0	0	0
ATP1A3	ATXN7	1	0	0	0	0	0	0	0	0	0
ATP1A3	RUBCN	1	0	0	0	0	0	0	0	0	0
ATP1A3	CWF19L1	1	0	0	0	0	0	0	0	0	0
ATP1A3	AFG3L2	1	0	0	0	0	0	0	0	0	0
ATP1A3	ATXN1	1	0	1	0	0	0	0	0	0	0
ATP1A3	BEAN1	1	0	0	0	0	1	0	0	0	0
ATP1A3	PMPCA	1	0	0	0	0	0	0	0	0	0
ATP1A3	GRM1	1	0	0	0	0	1	0	0	0	0
ATP1A3	KCND3	1	0	0	0	0	1	0	0	0	0
ATP1A3	ABHD12	1	0	0	0	0	0	0	0	0	0
ATP1A3	KCNC3	1	1	0	0	0	0	0	0	0	0
ATP1A3	ATXN2	1	0	0	0	0	0	0	0	0	0
ATP1A3	ATCAY	1	0	0	1	0	0	0	0	0	0
ATP1A3	GRID2	1	0	0	0	0	0	0	0	0	0
ATP1A3	SETX	1	0	0	0	0	0	0	0	0	0
ATP1A3	OPA3	1	0	0	0	0	0	0	0	0	0
ATP1A3	MRE11	1	0	0	0	0	0	0	0	0	0
GJB1	NOP56	1	0	0	0	0	0	0	0	0	0
GJB1	FGF14	1	0	0	0	0	0	0	0	0	0
GJB1	SLC9A1	1	0	0	0	0	0	0	0	0	0
GJB1	KIF1C	1	0	0	0	0	0	0	0	0	0
GJB1	ATXN10	1	0	0	0	0	0	0	0	0	0
GJB1	TGM6	1	0	0	0	0	0	0	0	0	0
GJB1	ATXN3	1	0	0	0	0	0	0	0	0	0
GJB1	SYT14	1	0	0	0	0	0	0	0	0	0
GJB1	FXN	1	0	0	0	0	0	0	0	0	0
GJB1	PLA2G6	1	0	0	0	0	0	0	0	0	0
GJB1	APTX	1	0	0	0	0	0	0	0	0	0
GJB1	SPTBN2	1	0	0	0	0	0	0	0	0	0
GJB1	TTC19	1	0	0	0	0	0	0	0	0	0
GJB1	ELOVL5	1	0	0	0	0	0	0	0	0	0
GJB1	EEF2	1	0	0	0	0	0	0	0	0	0
GJB1	PIK3R5	1	0	0	0	0	0	0	0	0	0
GJB1	TDP1	1	0	0	0	0	0	0	0	0	0
GJB1	SACS	1	0	0	0	0	0	0	0	0	0
GJB1	RUBCN	1	0	0	0	0	0	0	0	0	0
GJB1	CWF19L1	1	0	0	0	0	0	0	0	0	0
GJB1	AFG3L2	1	0	0	0	0	0	0	0	0	0
GJB1	ATXN1	1	0	0	0	0	0	0	0	0	0
GJB1	BEAN1	1	0	0	0	0	0	0	0	0	0
GJB1	PMPCA	1	0	0	0	0	0	0	0	0	0
GJB1	KCND3	1	0	0	0	0	0	0	0	0	0
GJB1	AIFM1	1	0	0	0	0	0	0	0	0	0
GJB1	ABHD12	1	0	0	0	0	0	0	0	0	0
GJB1	KCNC3	1	0	0	0	0	0	0	0	0	0
GJB1	ATCAY	1	0	0	0	0	0	0	0	0	0
GJB1	GRID2	1	0	0	0	0	0	0	0	0	0
GJB1	SETX	1	0	0	0	0	0	0	0	0	0
GJB1	MRE11	1	0	0	0	0	0	0	0	0	0
GJB1	ATP1A3	1	0	0	0	0	0	0	0	0	0
APP	YIPF5	0	0	0	0	0	0	0	1	0	0
APP	PITRM1	0	0	1	0	0	0	0	0	0	0
APP	PUM1	0	0	0	0	0	0	0	0	1	0
APP	SCYL1	0	0	1	0	0	0	0	0	0	0
APP	VPS41	0	0	1	0	0	0	0	0	0	0
APP	ATG7	0	0	1	0	0	0	0	0	0	0
APP	VPS13D	0	0	0	0	0	0	0	0	1	0
APP	TRIM25	0	0	1	0	0	0	0	0	0	0
APP	PKM	0	0	1	0	0	0	0	0	0	0
APP	PIGK	0	0	0	1	0	0	0	0	0	0
APP	TPPP	0	0	1	0	0	0	0	0	0	0
APP	MYC	0	0	1	0	0	0	0	0	0	0
APP	ATXN3	0	0	1	0	0	0	0	0	0	0
APP	ELOVL5	0	0	0	0	0	0	0	0	0	1
APP	PIK3R5	0	0	1	0	0	0	0	0	0	0
APP	AFG3L2	0	0	1	0	0	0	0	0	0	0
APP	PHYH	0	0	1	0	0	0	0	0	0	0
APP	ATCAY	0	0	1	0	0	0	0	0	0	0
APP	OPA3	0	0	1	0	0	0	0	0	0	0
APP	GJB1	0	0	1	0	0	0	0	0	0	0
APP	APP	0	0	1	0	0	0	0	0	0	0
SCN2A	INA	0	1	0	0	0	1	0	0	0	0
SCN2A	SYT16	0	1	0	0	0	1	0	0	0	0
SCN2A	SLC8A2	0	0	0	0	0	1	0	0	0	0
SCN2A	SLC9A7	0	1	0	0	0	1	0	0	0	0
SCN2A	FGF14	0	1	0	0	0	1	0	0	0	0
SCN2A	ELOVL4	0	1	0	0	0	1	0	0	0	0
SCN2A	CACNB4	0	1	0	0	0	1	0	0	0	0
SCN2A	SPTBN2	0	1	0	0	0	1	0	0	0	0
SCN2A	CWF19L1	1	0	0	0	0	0	0	0	0	0
SCN2A	AFG3L2	1	0	0	0	0	0	0	0	0	0
SCN2A	GRM1	0	0	0	0	0	1	0	0	0	0
SCN2A	ATCAY	0	1	0	0	0	1	0	0	0	0
SCN2A	ATP1A3	1	1	0	0	0	1	0	0	0	0
TWNK	COQ5	0	0	0	0	1	0	0	0	0	0
TWNK	DNAJC11	0	0	0	0	1	0	0	0	0	0
TWNK	PITRM1	0	0	0	0	1	0	0	0	0	0
TWNK	COA7	0	0	0	1	1	0	0	0	0	0
TWNK	MSTO1	0	0	0	0	0	0	1	0	0	0
TWNK	KBTBD6	0	0	0	0	0	0	0	1	0	0
TWNK	MRPS9	0	0	0	0	1	0	0	0	0	0
TWNK	DAXX	0	0	0	0	0	1	0	0	0	0
TWNK	TOMM70	0	0	0	0	1	0	0	0	0	0
TWNK	NOP56	0	0	0	1	0	0	0	0	0	0
TWNK	FGF14	1	0	0	0	0	0	0	0	0	0
TWNK	UQCRQ	1	0	0	0	1	0	0	0	0	0
TWNK	FXN	1	0	0	0	0	0	0	0	0	0
TWNK	PLA2G6	1	0	0	0	0	0	0	0	0	0
TWNK	APTX	1	0	0	0	0	0	0	0	0	0
TWNK	SPTBN2	1	0	0	0	0	0	0	0	0	0
TWNK	PCNA	0	0	0	0	0	0	0	1	0	0
TWNK	TTC19	1	0	0	0	0	0	0	0	0	0
TWNK	PIK3R5	1	0	0	0	0	0	0	0	0	0
TWNK	CWF19L1	1	0	0	0	0	0	0	0	0	0
TWNK	AFG3L2	1	0	0	0	0	0	0	0	0	0
TWNK	ATXN1	1	0	0	0	0	0	0	0	0	0
TWNK	ABHD12	1	0	0	0	0	0	0	0	0	0
TWNK	TK2	1	0	0	0	0	0	0	0	0	0
TWNK	ATCAY	1	0	0	0	0	0	0	0	0	0
TWNK	SETX	1	0	0	0	0	0	0	0	0	0
TWNK	MRE11	0	0	0	0	1	0	0	0	0	0
TWNK	ATP1A3	1	0	0	0	0	0	0	0	0	0
TWNK	GJB1	1	0	0	0	0	0	0	0	0	0
PRKCG	NPTX1	0	0	0	0	0	1	0	0	0	0
PRKCG	SYT16	0	0	0	0	0	1	0	0	0	0
PRKCG	SLC8A2	0	0	0	0	0	1	0	0	0	0
PRKCG	SLC9A7	0	1	0	0	0	0	0	0	0	0
PRKCG	NOP56	1	0	0	0	0	0	0	0	0	0
PRKCG	FGF14	1	0	0	0	0	0	0	0	0	0
PRKCG	SLC9A1	1	0	0	0	0	0	0	0	0	0
PRKCG	KIF1C	1	0	0	0	0	0	0	0	0	0
PRKCG	ATXN10	1	0	0	0	0	0	0	0	0	0
PRKCG	TGM6	1	0	0	0	0	0	0	0	0	0
PRKCG	ATXN3	1	0	0	0	0	0	0	0	0	0
PRKCG	SYT14	1	0	0	0	0	0	0	0	0	0
PRKCG	PLA2G6	1	0	0	0	0	0	0	0	0	0
PRKCG	CACNB4	1	0	0	0	0	0	0	0	0	0
PRKCG	APTX	1	0	0	0	0	0	0	0	0	0
PRKCG	SPTBN2	1	1	0	0	0	1	0	0	0	0
PRKCG	TTC19	1	0	0	0	0	0	0	0	0	0
PRKCG	ELOVL5	1	0	0	0	0	0	0	0	0	0
PRKCG	EEF2	1	0	0	0	0	0	0	0	0	0
PRKCG	PIK3R5	1	0	0	0	0	0	0	0	0	0
PRKCG	TBP	1	0	0	0	0	0	0	0	0	0
PRKCG	SACS	1	0	0	0	0	0	0	0	0	0
PRKCG	ATXN7	1	0	0	0	0	0	0	0	0	0
PRKCG	RUBCN	1	0	0	0	0	0	0	0	0	0
PRKCG	CWF19L1	1	0	0	0	0	0	0	0	0	0
PRKCG	AFG3L2	1	0	0	0	0	0	0	0	0	0
PRKCG	ATXN1	1	0	0	0	0	0	0	0	0	0
PRKCG	BEAN1	1	0	0	0	0	0	0	0	0	0
PRKCG	GRM1	1	0	0	0	0	0	0	0	0	0
PRKCG	KCND3	1	0	0	0	0	0	0	0	0	0
PRKCG	ABHD12	1	0	0	0	0	0	0	0	0	0
PRKCG	KCNC3	1	0	0	0	0	0	0	0	0	0
PRKCG	ATXN2	1	0	0	0	0	0	0	0	0	0
PRKCG	ATCAY	1	0	0	0	0	0	0	0	0	0
PRKCG	GRID2	1	0	0	0	0	0	0	0	0	0
PRKCG	SETX	1	0	0	0	0	0	0	0	0	0
PRKCG	MRE11	1	0	0	0	0	0	0	0	0	0
PRKCG	TRPC3	1	0	0	0	0	0	0	0	0	0
PRKCG	ATP1A3	1	0	0	0	0	0	0	0	0	0
PRKCG	GJB1	1	0	0	0	0	0	0	0	0	0
PRKCG	APP	0	0	1	0	0	0	0	0	0	0
PRKCG	TWNK	1	0	0	0	0	0	0	0	0	0
PRKCG	PRKCG	0	0	1	0	0	0	0	0	0	0
CCDC88C	UBR4	0	0	0	0	0	0	1	0	0	0
CCDC88C	VPS13D	0	0	0	0	0	0	1	0	0	0
CCDC88C	PKM	0	0	1	0	0	0	0	0	0	0
CCDC88C	NOP56	1	0	0	0	0	0	0	0	0	0
CCDC88C	FGF14	1	0	0	0	0	0	0	0	0	0
CCDC88C	SLC9A1	1	0	0	0	0	0	0	0	0	0
CCDC88C	UQCRQ	1	0	0	0	0	0	0	0	0	0
CCDC88C	KIF1C	1	0	0	0	0	0	0	0	0	0
CCDC88C	ATXN10	1	0	0	0	0	0	0	0	0	0
CCDC88C	TGM6	1	0	0	0	0	0	0	0	0	0
CCDC88C	SYT14	1	0	0	0	0	0	0	0	0	0
CCDC88C	PLA2G6	1	0	0	0	0	0	0	0	0	0
CCDC88C	SPTBN2	1	0	0	0	0	0	0	0	0	0
CCDC88C	PCNA	1	0	0	0	0	0	0	0	0	0
CCDC88C	TTC19	1	0	0	0	0	0	0	0	0	0
CCDC88C	ELOVL5	1	0	0	0	0	0	0	0	0	0
CCDC88C	EEF2	1	0	0	0	0	0	0	0	0	0
CCDC88C	TBP	1	0	0	0	0	0	0	0	0	0
CCDC88C	SACS	1	0	0	0	0	0	0	0	0	0
CCDC88C	RUBCN	1	0	0	0	0	0	0	0	0	0
CCDC88C	CWF19L1	1	0	0	0	0	0	0	0	0	0
CCDC88C	AFG3L2	1	0	0	0	0	0	0	0	0	0
CCDC88C	ATXN1	1	0	0	0	0	0	0	0	0	0
CCDC88C	BEAN1	1	0	0	0	0	0	0	0	0	0
CCDC88C	PMPCA	1	0	0	0	0	0	0	0	0	0
CCDC88C	GRM1	1	0	0	0	0	0	0	0	0	0
CCDC88C	KCND3	1	0	0	0	0	0	0	0	0	0
CCDC88C	ABHD12	1	0	0	0	0	0	0	0	0	0
CCDC88C	KCNC3	1	0	0	0	0	0	0	0	0	0
CCDC88C	ATCAY	1	0	0	0	0	0	0	0	0	0
CCDC88C	BAG3	0	0	1	0	0	0	0	0	0	0
CCDC88C	GRID2	1	0	0	0	0	0	0	0	0	0
CCDC88C	SETX	1	0	0	0	0	0	0	0	0	0
CCDC88C	MRE11	1	0	0	0	0	0	0	0	0	0
CCDC88C	TRPC3	1	0	0	0	0	0	0	0	0	0
CCDC88C	ATP1A3	1	0	0	0	0	0	0	0	0	0
CCDC88C	GJB1	1	0	0	0	0	0	0	0	0	0
CCDC88C	APP	0	0	1	0	0	0	0	0	0	0
CCDC88C	PRKCG	1	0	0	0	0	0	0	0	0	0
TPP1	PRDX3	0	0	0	0	0	0	0	0	1	0
TPP1	VPS41	0	0	0	1	0	0	0	0	0	0
TPP1	ATG7	0	0	0	0	0	0	0	0	0	1
TPP1	MMS19	0	0	0	0	0	0	0	0	0	1
TPP1	PKM	0	0	0	0	0	0	0	0	1	0
TPP1	PIGK	0	0	0	0	0	0	0	0	0	1
TPP1	MYC	0	0	1	0	0	0	0	0	0	0
TPP1	PLD3	0	0	0	1	0	0	0	0	0	0
TPP1	AIFM1	0	0	0	0	0	0	0	0	1	0
TPP1	ABHD12	0	0	0	0	0	0	0	0	1	0
POLG	COQ5	0	0	0	0	1	0	0	0	0	0
POLG	DNAJC11	0	0	0	1	1	0	0	0	0	0
POLG	GDAP2	0	0	0	0	0	0	0	1	0	0
POLG	ZNF562	0	0	0	0	0	0	0	1	1	0
POLG	PITRM1	0	0	0	0	1	0	0	0	0	0
POLG	COA7	0	0	0	0	1	0	0	0	0	0
POLG	MRPS9	0	0	0	0	1	0	0	0	0	0
POLG	SCYL1	0	0	0	0	0	0	1	0	1	0
POLG	TRIM25	0	0	0	0	0	0	1	0	0	0
POLG	MMS19	0	0	0	1	0	0	0	0	0	0
POLG	DAXX	0	0	0	1	0	0	0	0	0	0
POLG	RNF220	0	0	0	1	0	0	0	0	0	0
POLG	TOMM70	0	0	0	0	1	0	0	0	0	0
POLG	MYC	0	0	1	0	0	0	0	0	0	0
POLG	FGF14	1	0	0	0	0	0	0	0	0	0
POLG	SLC9A1	1	0	0	0	0	0	0	0	0	0
POLG	UQCRQ	0	0	0	0	1	0	0	0	0	0
POLG	KIF1C	1	0	0	0	0	0	1	0	0	0
POLG	ATXN3	1	0	0	0	0	0	0	0	0	0
POLG	SYT14	1	0	0	0	0	0	0	0	0	0
POLG	FXN	1	0	0	0	0	0	0	0	0	0
POLG	PLA2G6	1	0	0	0	0	0	0	0	0	0
POLG	APTX	1	0	0	0	0	0	0	1	0	0
POLG	SPTBN2	1	0	0	0	0	0	0	0	0	0
POLG	PCNA	1	0	0	0	0	0	0	0	0	0
POLG	TTC19	1	0	0	0	0	0	0	0	0	0
POLG	ELOVL5	1	0	0	0	0	0	0	0	0	0
POLG	PIK3R5	1	0	0	0	0	0	0	0	0	0
POLG	TDP1	1	0	0	0	0	0	0	0	0	0
POLG	TBP	1	0	0	0	0	0	0	0	0	0
POLG	RUBCN	0	0	0	0	0	0	0	1	0	0
POLG	CWF19L1	1	0	0	0	0	0	0	0	0	0
POLG	AFG3L2	1	0	0	0	0	0	0	0	0	0
POLG	ATXN1	1	0	0	0	0	0	0	0	0	0
POLG	BEAN1	1	0	0	0	0	0	0	0	0	0
POLG	PMPCA	0	0	0	1	0	0	0	0	0	0
POLG	SIL1	1	0	0	0	0	0	0	0	0	0
POLG	KCND3	1	0	0	0	0	0	0	0	0	0
POLG	AIFM1	1	0	0	0	0	0	0	0	0	0
POLG	ABHD12	1	0	0	0	0	0	0	0	0	0
POLG	TK2	1	0	0	0	0	0	0	0	0	0
POLG	WWOX	1	0	0	0	0	0	0	0	0	0
POLG	ATXN2	1	0	0	0	0	0	0	0	0	0
POLG	ATCAY	1	0	0	0	0	0	0	0	0	0
POLG	SETX	1	0	0	0	0	0	0	0	0	0
POLG	ADAR	0	0	0	0	0	0	1	0	0	0
POLG	OPA3	1	0	0	0	0	0	1	0	0	0
POLG	MRE11	1	0	0	0	0	0	0	0	0	0
POLG	ATP1A3	1	0	0	0	0	0	0	0	0	0
POLG	GJB1	1	0	0	0	0	0	0	0	0	0
POLG	SCN2A	1	0	0	0	0	0	0	0	0	0
POLG	TWNK	1	0	0	0	1	0	0	0	0	0
POLG	PRKCG	1	0	0	0	0	0	0	0	0	0
POLG	POLG	0	0	1	0	0	0	0	0	0	0
TTPA	SLC1A3	0	1	0	0	0	0	0	0	0	0
TTPA	FXN	1	0	0	0	0	0	0	0	0	0
TTPA	APTX	1	0	0	0	0	0	0	0	0	0
TTPA	ATCAY	1	0	0	0	0	0	0	0	0	0
TTPA	GRID2	1	0	0	0	0	0	0	0	0	0
TTPA	SETX	1	0	0	0	0	0	0	0	0	0
TTPA	OPA3	1	0	0	0	0	0	0	0	0	0
TTPA	APP	0	0	1	0	0	0	0	0	0	0
SYNE1	CAPN1	0	0	1	0	0	0	0	0	0	0
SYNE1	KIAA1671	0	1	0	0	0	0	0	0	0	0
SYNE1	MYC	0	0	1	0	0	0	0	0	0	0
SYNE1	NOP56	1	0	0	0	0	0	0	0	0	0
SYNE1	FGF14	1	0	0	0	0	0	0	0	0	0
SYNE1	SLC9A1	1	0	0	0	0	0	0	0	0	0
SYNE1	KIF1C	1	0	0	0	0	0	0	0	0	0
SYNE1	ATXN10	1	0	0	0	0	0	0	0	0	0
SYNE1	TGM6	1	0	0	0	0	0	0	0	0	0
SYNE1	ATXN3	1	0	0	0	0	0	0	0	0	0
SYNE1	SYT14	1	0	0	0	0	0	0	0	0	0
SYNE1	FXN	1	0	0	0	0	0	0	0	0	0
SYNE1	PLA2G6	1	0	0	0	0	0	0	0	0	0
SYNE1	CACNB4	1	0	0	0	0	0	0	0	0	0
SYNE1	APTX	1	0	0	0	0	0	0	0	0	0
SYNE1	SPTBN2	1	0	0	0	0	0	0	0	0	0
SYNE1	TTC19	1	0	0	0	0	0	0	0	0	0
SYNE1	ELOVL5	1	0	0	0	0	0	0	0	0	0
SYNE1	EEF2	1	0	0	0	0	0	0	0	0	0
SYNE1	PIK3R5	1	0	0	0	0	0	0	0	0	0
SYNE1	SACS	1	0	0	0	0	0	0	0	0	0
SYNE1	RUBCN	1	0	0	0	0	0	0	0	0	0
SYNE1	CWF19L1	1	0	0	0	0	0	0	0	0	0
SYNE1	AFG3L2	1	0	0	0	0	0	0	0	0	0
SYNE1	ATXN1	1	0	0	0	0	0	0	0	0	0
SYNE1	BEAN1	1	0	0	0	0	0	0	0	0	0
SYNE1	SIL1	1	0	0	0	0	0	0	0	0	0
SYNE1	GRM1	1	0	0	0	0	0	0	0	0	0
SYNE1	KCND3	1	0	0	0	0	0	0	0	0	0
SYNE1	ABHD12	1	0	0	0	0	0	0	0	0	0
SYNE1	KCNC3	1	0	0	0	0	0	0	0	0	0
SYNE1	ATCAY	1	0	0	0	0	0	0	0	0	0
SYNE1	GRID2	1	0	0	0	0	0	0	0	0	0
SYNE1	SETX	1	0	0	0	0	0	1	0	0	0
SYNE1	MRE11	1	0	0	0	0	0	0	0	0	0
SYNE1	TRPC3	1	0	0	0	0	0	0	0	0	0
SYNE1	ATP1A3	1	0	0	0	0	0	0	0	0	0
SYNE1	GJB1	1	0	0	0	0	0	0	0	0	0
SYNE1	TWNK	1	0	0	0	0	0	0	0	0	0
SYNE1	PRKCG	1	0	0	0	0	0	0	0	0	0
SYNE1	CCDC88C	1	0	0	0	0	0	1	0	0	0
SYNE1	POLG	1	0	0	0	0	0	0	0	0	0
SYNE1	SYNE1	0	0	1	0	0	0	0	0	0	0
ACTN1	TRIM25	0	0	1	0	0	0	0	0	0	0
ACTN1	FXN	0	0	1	0	0	0	0	0	0	0
ACTN1	ELOVL5	0	0	0	0	0	0	0	0	0	1
ACTN1	SACS	0	0	0	1	0	0	0	0	0	0
ACTN1	ATXN7	0	0	1	0	0	0	0	0	0	0
ACTN1	KCND3	0	0	0	1	0	0	0	0	0	0
ACTN1	ATXN2	0	0	1	0	0	0	0	0	0	0
ACTN1	CCDC88C	0	1	0	0	0	0	0	0	0	0
ACTN1	ACTN1	0	0	1	0	0	0	0	0	0	0
ITPR1	TRIM25	0	0	1	0	0	0	0	0	0	0
ITPR1	TOMM70	0	1	0	0	0	0	0	0	0	0
ITPR1	SLC9A7	0	1	0	0	0	0	0	0	0	0
ITPR1	UQCRQ	1	0	0	0	0	0	0	0	0	0
ITPR1	CACNB4	0	1	0	0	0	1	0	0	0	0
ITPR1	SPTBN2	0	0	0	0	0	1	0	0	0	0
ITPR1	CWF19L1	1	0	0	0	0	0	0	0	0	0
ITPR1	GRM1	0	0	1	0	0	0	0	0	0	0
ITPR1	KCNC3	0	0	0	0	0	1	0	0	0	0
ITPR1	ATCAY	1	0	0	0	0	0	0	0	0	0
ITPR1	TRPC3	0	0	1	0	0	0	0	0	0	0
ITPR1	APP	0	0	0	0	0	0	0	0	0	1
ITPR1	SCN2A	0	1	0	0	0	1	0	0	0	0
ITPR1	ACTN1	0	0	0	1	0	0	0	0	0	0
PPP2R2B	PRDX3	0	0	1	0	0	0	0	0	0	0
PPP2R2B	TRIM25	0	0	1	0	0	0	0	0	0	0
PPP2R2B	NOP56	1	0	0	0	0	0	0	0	0	0
PPP2R2B	FGF14	1	0	0	0	0	0	0	0	0	0
PPP2R2B	SLC9A1	1	0	0	0	0	0	0	0	0	0
PPP2R2B	KIF1C	1	0	0	0	0	0	0	0	0	0
PPP2R2B	ATXN10	1	0	0	0	0	0	0	0	0	0
PPP2R2B	TGM6	1	0	0	0	0	0	0	0	0	0
PPP2R2B	ATXN3	1	0	0	0	0	0	0	0	0	0
PPP2R2B	PLA2G6	1	0	0	0	0	0	0	0	0	0
PPP2R2B	CACNB4	1	0	0	0	0	0	0	0	0	0
PPP2R2B	SPTBN2	1	0	0	0	0	0	0	0	0	0
PPP2R2B	TTC19	1	0	0	0	0	0	0	0	0	0
PPP2R2B	ELOVL5	1	0	0	0	0	0	0	0	0	0
PPP2R2B	EEF2	1	0	0	0	0	0	0	0	0	0
PPP2R2B	TBP	1	0	0	0	0	0	0	0	0	0
PPP2R2B	ATXN7	1	0	0	0	0	0	0	0	0	0
PPP2R2B	AFG3L2	1	0	0	0	0	0	0	0	0	0
PPP2R2B	ATXN1	1	0	0	0	0	0	0	0	0	0
PPP2R2B	BEAN1	1	0	0	0	0	0	0	0	0	0
PPP2R2B	KCND3	1	0	0	0	0	0	0	0	0	0
PPP2R2B	KCNC3	1	0	0	0	0	0	0	0	0	0
PPP2R2B	ATXN2	1	0	0	0	0	0	0	0	0	0
PPP2R2B	ATCAY	1	0	0	0	0	0	0	0	0	0
PPP2R2B	GRID2	1	0	0	0	0	0	0	0	0	0
PPP2R2B	SETX	1	0	0	0	0	0	0	0	0	0
PPP2R2B	OPA3	1	0	0	0	0	0	0	0	0	0
PPP2R2B	MRE11	1	0	0	0	0	0	0	0	0	0
PPP2R2B	ATP1A3	1	0	0	0	0	0	0	0	0	0
PPP2R2B	PRKCG	1	0	0	0	0	0	0	0	0	0
NRXN1	KIAA1671	0	0	0	0	0	1	0	0	0	0
NRXN1	SYT16	0	0	0	0	0	1	0	0	0	0
NRXN1	SLC8A2	0	0	0	0	0	1	0	0	0	0
NRXN1	SLC9A7	0	0	0	0	0	1	0	0	0	0
NRXN1	FGF14	0	0	0	0	0	1	0	0	0	0
NRXN1	CACNB4	0	0	0	0	0	1	0	0	0	0
NRXN1	SPTBN2	0	0	0	0	0	1	0	0	0	0
NRXN1	GRM1	0	0	0	0	0	1	0	0	0	0
NRXN1	ATCAY	0	0	0	0	0	1	0	0	0	0
NRXN1	GRID2	0	1	0	0	0	0	0	0	0	0
NRXN1	SCN2A	0	0	0	0	0	1	0	0	0	0
SCN8A	TOMM70	0	1	0	0	0	0	0	0	0	0
SCN8A	INA	0	1	0	0	0	0	0	0	0	0
SCN8A	SYT16	0	1	0	0	0	1	0	0	0	0
SCN8A	SLC8A2	0	0	0	0	0	1	0	0	0	0
SCN8A	FGF14	1	1	1	0	0	1	0	0	0	0
SCN8A	ELOVL4	0	1	0	0	0	0	0	0	0	0
SCN8A	PLA2G6	1	0	0	0	0	0	0	0	0	0
SCN8A	CACNB4	1	1	0	0	0	1	0	0	0	0
SCN8A	SPTBN2	1	0	0	0	0	1	0	0	0	0
SCN8A	TTC19	1	0	0	0	0	0	0	0	0	0
SCN8A	TBP	1	0	0	0	0	0	0	0	0	0
SCN8A	ATXN7	1	0	0	0	0	0	0	0	0	0
SCN8A	GRM1	0	0	0	0	0	1	0	0	0	0
SCN8A	KCNC3	1	1	0	0	0	1	0	0	0	0
SCN8A	ATXN2	1	0	0	0	0	0	0	0	0	0
SCN8A	ATCAY	1	1	0	0	0	1	0	0	0	0
SCN8A	GRID2	1	0	0	0	0	0	0	0	0	0
SCN8A	OPA3	1	0	0	0	0	0	0	0	0	0
SCN8A	ATP1A3	1	1	0	0	0	1	0	0	0	0
SCN8A	SCN2A	1	1	0	0	0	1	0	0	0	0
SCN8A	PRKCG	1	0	0	0	0	0	0	0	0	0
SCN8A	POLG	1	0	0	0	0	0	0	0	0	0
SCN8A	ITPR1	0	0	0	0	0	1	0	0	0	0
SCN8A	PPP2R2B	1	0	0	0	0	0	0	0	0	0
SCN8A	NRXN1	0	0	0	0	0	1	0	0	0	0
CACNA1A	TPPP	0	0	0	0	0	0	0	0	1	0
CACNA1A	INA	0	0	0	0	0	0	0	0	1	0
CACNA1A	SLC8A2	0	0	0	0	0	1	0	0	1	0
CACNA1A	SLC1A3	1	0	0	0	0	0	0	0	0	0
CACNA1A	NOP56	1	0	0	0	0	0	0	0	0	0
CACNA1A	FGF14	1	0	0	0	0	0	0	0	1	0
CACNA1A	SLC9A1	1	0	0	0	0	0	0	0	0	0
CACNA1A	KIF1C	1	0	0	0	0	0	0	0	0	0
CACNA1A	ATXN10	1	0	0	0	0	0	0	0	0	0
CACNA1A	ATXN3	1	0	0	0	0	0	0	0	0	0
CACNA1A	SYT14	1	0	0	0	0	0	0	0	0	0
CACNA1A	PLA2G6	1	0	0	0	0	0	0	0	0	0
CACNA1A	CACNB4	1	0	1	0	0	0	0	0	0	0
CACNA1A	SPTBN2	1	0	0	0	0	1	0	0	0	0
CACNA1A	TTC19	1	0	0	0	0	0	0	0	0	0
CACNA1A	ELOVL5	1	0	0	0	0	0	0	0	0	0
CACNA1A	EEF2	1	0	0	0	0	0	0	0	0	0
CACNA1A	PIK3R5	1	0	0	0	0	0	0	0	0	0
CACNA1A	TBP	1	0	0	0	0	0	0	0	0	0
CACNA1A	ATXN7	1	0	0	0	0	0	0	0	0	0
CACNA1A	RUBCN	1	0	0	0	0	0	0	0	0	0
CACNA1A	AFG3L2	1	0	0	0	0	0	0	0	0	0
CACNA1A	ATXN1	1	0	0	0	0	0	0	0	0	0
CACNA1A	BEAN1	1	0	0	0	0	0	0	0	0	0
CACNA1A	KCND3	1	0	0	0	0	0	0	0	0	0
CACNA1A	ABHD12	1	0	0	0	0	0	0	0	0	0
CACNA1A	KCNC3	1	1	0	0	0	1	0	0	0	0
CACNA1A	ATCAY	0	0	0	0	0	1	0	0	1	0
CACNA1A	SETX	1	0	0	0	0	0	0	0	0	0
CACNA1A	MRE11	1	0	0	0	0	0	0	0	0	0
CACNA1A	ATP1A3	1	0	0	0	0	0	0	0	1	0
CACNA1A	GJB1	1	0	0	0	0	0	0	0	0	0
CACNA1A	SCN2A	1	0	0	0	0	1	0	0	0	0
CACNA1A	TWNK	1	0	0	0	0	0	0	0	0	0
CACNA1A	PRKCG	1	0	0	0	0	0	0	0	0	0
CACNA1A	POLG	1	0	0	0	0	0	0	0	0	0
CACNA1A	ACTN1	0	0	1	0	0	0	0	0	0	0
CACNA1A	PPP2R2B	1	0	0	0	0	0	0	0	0	0
CACNA1A	SCN8A	1	0	0	0	0	1	0	0	0	0
POLR3B	DNAJC11	0	0	0	1	0	0	0	0	0	0
POLR3B	COA7	0	0	0	1	0	0	0	0	0	0
POLR3B	NXF1	0	0	1	0	0	0	0	0	0	0
POLR3B	TOMM70	0	0	0	0	0	0	0	0	1	0
POLR3B	NOP56	1	0	0	0	0	0	1	0	0	0
POLR3B	SLC9A1	1	0	0	0	0	0	0	0	0	0
POLR3B	KIF1C	1	0	0	0	0	0	0	0	0	0
POLR3B	ATXN10	1	0	0	0	0	0	0	0	0	0
POLR3B	SYT14	1	0	0	0	0	0	0	0	0	0
POLR3B	FXN	0	0	0	0	0	0	1	1	0	0
POLR3B	PLA2G6	1	0	0	0	0	0	0	0	0	0
POLR3B	SPTBN2	1	0	0	0	0	0	0	0	0	0
POLR3B	PCNA	0	0	0	1	0	0	0	0	0	0
POLR3B	EEF2	1	0	0	0	0	0	0	0	0	0
POLR3B	TBP	1	0	0	0	0	0	0	0	0	0
POLR3B	CWF19L1	1	0	0	0	0	0	0	0	0	0
POLR3B	AFG3L2	1	0	0	0	0	0	0	0	1	0
POLR3B	ATXN1	1	0	0	0	0	0	0	0	0	0
POLR3B	GRM1	1	0	0	0	0	0	0	0	0	0
POLR3B	AIFM1	0	0	0	1	0	0	0	0	0	0
POLR3B	WWOX	1	0	0	0	0	0	0	0	0	0
POLR3B	KCNC3	1	0	0	0	0	0	0	0	0	0
POLR3B	ATCAY	1	0	0	0	0	0	0	0	0	0
POLR3B	GRID2	1	0	0	0	0	0	0	0	0	0
POLR3B	MRE11	1	0	0	0	0	0	0	0	0	0
POLR3B	PRKCG	1	0	0	0	0	0	0	0	0	0
SPG11	COQ5	0	0	0	1	0	0	0	0	0	0
SPG11	DNAJC11	0	0	0	1	0	0	0	0	0	0
SPG11	ZNF562	0	0	0	0	0	0	0	1	0	0
SPG11	PUM1	0	0	0	1	0	0	0	0	0	0
SPG11	PRDX3	0	0	0	0	0	0	0	0	1	0
SPG11	VPS41	0	0	0	1	0	0	0	0	0	0
SPG11	ATG7	0	0	0	1	0	0	0	0	0	0
SPG11	VPS13D	0	0	0	0	0	0	1	0	0	0
SPG11	TRIM25	0	0	0	0	0	0	1	0	0	0
SPG11	PKM	0	0	0	0	0	0	0	0	1	0
SPG11	PIGK	0	0	0	0	0	0	0	0	0	1
SPG11	SLC9A7	0	0	0	0	0	0	1	0	0	0
SPG11	FGF14	1	0	0	0	0	0	0	0	0	0
SPG11	SNX14	0	0	0	1	0	0	0	0	0	0
SPG11	SLC9A1	1	0	0	0	0	0	0	0	0	0
SPG11	KIF1C	1	0	0	0	0	0	0	0	0	0
SPG11	ATXN10	1	0	0	1	0	0	0	0	0	0
SPG11	ATXN3	1	0	0	0	0	0	0	0	0	0
SPG11	SYT14	1	0	0	0	0	0	0	0	0	0
SPG11	FXN	1	0	0	0	0	0	0	0	0	0
SPG11	PLA2G6	1	0	0	0	0	0	0	0	0	0
SPG11	APTX	1	0	0	0	0	0	0	0	0	0
SPG11	SPTBN2	1	0	0	0	0	0	0	0	0	0
SPG11	PCNA	1	0	0	0	0	0	0	0	0	0
SPG11	TTC19	1	0	0	0	0	0	0	0	0	0
SPG11	ELOVL5	1	0	0	0	0	0	0	0	0	0
SPG11	EEF2	1	0	0	0	0	0	0	0	0	0
SPG11	PIK3R5	1	0	0	0	0	0	0	0	0	0
SPG11	TDP1	1	0	0	0	0	0	0	0	0	0
SPG11	TBP	1	0	0	0	0	0	0	0	0	0
SPG11	SACS	1	0	0	0	0	0	0	0	0	0
SPG11	ATXN7	0	0	0	0	0	0	1	0	0	0
SPG11	RUBCN	1	0	0	0	0	0	0	0	0	0
SPG11	CWF19L1	1	0	0	0	0	0	0	0	0	0
SPG11	AFG3L2	1	0	0	0	0	0	0	0	0	0
SPG11	ATXN1	1	0	0	0	0	0	0	0	0	0
SPG11	PMPCA	1	0	0	0	0	0	0	0	0	0
SPG11	GRM1	1	0	0	0	0	0	0	0	0	0
SPG11	KCND3	1	0	0	0	0	0	0	0	0	0
SPG11	AIFM1	0	0	0	0	0	0	0	0	1	0
SPG11	ABHD12	1	0	0	0	0	0	0	0	1	0
SPG11	KCNC3	1	0	0	0	0	0	0	0	0	0
SPG11	ATXN2	1	0	0	0	0	0	0	0	0	1
SPG11	ATCAY	1	0	0	0	0	0	0	0	0	0
SPG11	GRID2	1	0	0	0	0	0	0	0	0	0
SPG11	SETX	1	0	0	1	0	0	0	0	0	0
SPG11	ADAR	0	0	0	1	0	0	0	0	0	0
SPG11	OPA3	1	0	0	0	0	0	0	0	0	0
SPG11	MRE11	1	0	0	0	0	0	0	0	1	0
SPG11	ATP1A3	1	0	0	0	0	0	0	0	0	0
SPG11	GJB1	1	0	0	0	0	0	0	0	0	0
SPG11	TWNK	1	0	0	0	0	0	0	0	0	0
SPG11	PRKCG	1	0	0	0	0	0	0	0	0	0
SPG11	CCDC88C	1	0	0	0	0	0	0	0	0	0
SPG11	TPP1	0	0	0	0	0	0	0	0	1	1
SPG11	POLG	1	0	0	0	0	0	0	0	0	0
SPG11	SYNE1	1	0	0	0	0	0	0	0	0	0
SPG11	POLR3B	1	0	0	0	0	0	0	0	0	0
PEX10	SCYL1	0	0	0	0	0	0	0	0	1	0
PEX10	TRIM25	0	0	1	0	0	0	0	0	0	0
PEX10	WDR73	1	0	0	0	0	0	0	0	0	0
PEX10	EEF2	0	0	0	0	0	0	1	0	0	0
PEX10	PMPCA	0	0	0	0	0	0	1	0	0	0
PEX10	ABHD12	1	0	0	0	0	0	0	0	0	0
PEX10	WWOX	0	0	0	0	0	1	0	0	0	0
PEX10	PEX7	1	0	0	0	0	0	0	0	0	0
PEX10	PHYH	1	0	0	0	0	0	0	0	0	0
PEX10	POLG	1	0	0	0	0	0	0	0	0	0
PEX10	PEX10	0	0	1	0	0	0	0	0	0	0
ATXN8OS	NOP56	1	0	0	0	0	0	0	0	0	0
ATXN8OS	FGF14	1	0	0	0	0	0	0	0	0	0
ATXN8OS	SLC9A1	1	0	0	0	0	0	0	0	0	0
ATXN8OS	KIF1C	1	0	0	0	0	0	0	0	0	0
ATXN8OS	ATXN10	1	0	0	0	0	0	0	0	0	0
ATXN8OS	ATXN3	1	0	0	0	0	0	0	0	0	0
ATXN8OS	SYT14	1	0	0	0	0	0	0	0	0	0
ATXN8OS	PLA2G6	1	0	0	0	0	0	0	0	0	0
ATXN8OS	CACNB4	1	0	0	0	0	0	0	0	0	0
ATXN8OS	SPTBN2	1	0	0	0	0	0	0	0	0	0
ATXN8OS	TTC19	1	0	0	0	0	0	0	0	0	0
ATXN8OS	ELOVL5	1	0	0	0	0	0	0	0	0	0
ATXN8OS	EEF2	1	0	0	0	0	0	0	0	0	0
ATXN8OS	PIK3R5	1	0	0	0	0	0	0	0	0	0
ATXN8OS	TBP	1	0	0	0	0	0	0	0	0	0
ATXN8OS	SACS	1	0	0	0	0	0	0	0	0	0
ATXN8OS	ATXN7	1	0	0	0	0	0	0	0	0	0
ATXN8OS	AFG3L2	1	0	0	0	0	0	0	0	0	0
ATXN8OS	ATXN1	1	0	0	0	0	0	0	0	0	0
ATXN8OS	BEAN1	1	0	0	0	0	0	0	0	0	0
ATXN8OS	KCND3	1	0	0	0	0	0	0	0	0	0
ATXN8OS	KCNC3	1	0	0	0	0	0	0	0	0	0
ATXN8OS	ATXN2	1	0	0	0	0	0	0	0	0	0
ATXN8OS	ATCAY	1	0	0	0	0	0	0	0	0	0
ATXN8OS	GRID2	1	0	0	0	0	0	0	0	0	0
ATXN8OS	SETX	1	0	0	0	0	0	0	0	0	0
ATXN8OS	OPA3	1	0	0	0	0	0	0	0	0	0
ATXN8OS	MRE11	1	0	0	0	0	0	0	0	0	0
ATXN8OS	GJB1	1	0	0	0	0	0	0	0	0	0
ATXN8OS	PRKCG	1	0	0	0	0	0	0	0	0	0
ATXN8OS	PPP2R2B	1	0	0	0	0	0	0	0	0	0
ATXN8OS	CACNA1A	1	0	0	0	0	0	0	0	0	0
ATXN8OS	SPG11	1	0	0	0	0	0	0	0	0	0
STUB1	SCYL1	0	0	0	1	0	0	0	0	0	0
STUB1	CAPN1	0	0	0	1	0	0	0	0	0	0
STUB1	TRIM25	0	0	1	0	0	0	0	0	0	0
STUB1	NXF1	0	0	1	0	0	0	0	0	0	0
STUB1	XRCC1	0	0	0	1	0	0	0	0	0	0
STUB1	DAXX	0	0	1	0	0	0	0	0	0	0
STUB1	RNF220	0	0	0	1	0	0	0	0	0	0
STUB1	MYC	0	0	1	0	0	0	0	0	0	0
STUB1	NOP56	1	0	0	0	0	0	0	0	0	0
STUB1	FGF14	1	0	0	0	0	0	0	0	0	0
STUB1	SLC9A1	1	0	0	0	0	0	0	0	0	0
STUB1	UQCRQ	0	1	0	0	0	0	0	0	0	0
STUB1	KIF1C	1	0	0	0	0	0	0	0	0	0
STUB1	ATXN10	1	0	0	0	0	0	0	0	0	0
STUB1	TGM6	1	0	0	0	0	0	0	0	0	0
STUB1	ATXN3	1	0	1	0	0	0	0	0	0	0
STUB1	SYT14	1	0	0	0	0	0	0	0	0	0
STUB1	FXN	1	0	0	0	0	0	0	0	0	0
STUB1	PLA2G6	1	0	0	0	0	0	0	0	0	0
STUB1	CACNB4	1	0	0	0	0	0	0	0	0	0
STUB1	APTX	1	0	0	0	0	0	0	0	0	0
STUB1	SPTBN2	1	0	0	0	0	0	0	0	0	0
STUB1	PCNA	1	0	0	0	0	0	0	0	0	0
STUB1	TTC19	1	0	0	0	0	0	0	0	0	0
STUB1	ELOVL5	1	0	0	0	0	0	0	0	0	0
STUB1	EEF2	1	0	0	0	0	1	0	0	0	0
STUB1	PIK3R5	1	0	0	0	0	0	0	0	0	0
STUB1	TBP	1	0	0	0	0	0	0	0	0	0
STUB1	SACS	1	0	0	0	0	0	0	0	0	0
STUB1	ATXN7	1	0	0	0	0	0	0	0	0	0
STUB1	RUBCN	1	0	0	0	0	0	0	0	0	0
STUB1	CWF19L1	1	0	0	0	0	0	0	0	0	0
STUB1	AFG3L2	1	0	0	0	0	0	0	0	0	0
STUB1	ATXN1	1	0	1	0	0	0	0	0	0	0
STUB1	BEAN1	1	0	0	0	0	0	0	0	0	0
STUB1	PMPCA	1	0	0	1	0	0	0	0	0	0
STUB1	SIL1	1	0	0	0	0	0	0	0	0	0
STUB1	GRM1	1	0	0	0	0	0	0	0	0	0
STUB1	KCND3	1	0	0	0	0	0	0	0	0	0
STUB1	ABHD12	1	0	0	0	0	0	0	1	0	0
STUB1	KCNC3	1	0	0	0	0	0	0	0	0	0
STUB1	ATCAY	1	0	1	0	0	0	0	0	0	0
STUB1	BAG3	0	0	1	0	0	0	0	0	0	0
STUB1	GRID2	1	0	0	0	0	0	0	0	0	0
STUB1	SETX	1	0	0	0	0	0	0	0	0	0
STUB1	OPA3	1	0	0	0	0	0	0	0	0	0
STUB1	MRE11	1	0	0	0	0	0	0	0	0	0
STUB1	TRPC3	1	0	0	0	0	0	0	0	0	0
STUB1	ATP1A3	1	0	0	0	0	0	0	0	0	0
STUB1	GJB1	1	0	0	0	0	0	0	0	0	0
STUB1	APP	0	0	1	0	0	0	0	0	0	0
STUB1	TWNK	1	0	0	0	0	0	0	0	0	0
STUB1	PRKCG	1	0	0	0	0	0	0	0	0	0
STUB1	CCDC88C	1	0	0	0	0	0	0	0	0	0
STUB1	POLG	1	0	0	0	0	0	0	0	0	0
STUB1	SYNE1	1	0	0	0	0	0	0	0	0	0
STUB1	PPP2R2B	1	0	0	0	0	0	0	0	0	0
STUB1	CACNA1A	1	0	0	0	0	0	0	0	0	0
STUB1	POLR3B	1	0	0	0	0	0	0	0	0	0
STUB1	SPG11	1	0	0	0	0	0	0	0	0	0
STUB1	PEX10	0	0	0	0	0	0	0	0	1	0
STUB1	ATXN8OS	1	0	0	0	0	0	0	0	0	0
STUB1	STUB1	0	0	1	0	0	0	0	0	0	0
TMEM240	NOP56	1	0	0	0	0	0	0	0	0	0
TMEM240	FGF14	1	0	0	0	0	0	0	0	0	0
TMEM240	SLC9A1	1	0	0	0	0	0	0	0	0	0
TMEM240	KIF1C	1	0	0	0	0	0	0	0	0	0
TMEM240	ATXN10	1	0	0	0	0	0	0	0	0	0
TMEM240	TGM6	1	0	0	0	0	0	0	0	0	0
TMEM240	ATXN3	1	0	0	0	0	0	0	0	0	0
TMEM240	SYT14	1	0	0	0	0	0	0	0	0	0
TMEM240	PLA2G6	1	0	0	0	0	0	0	0	0	0
TMEM240	CACNB4	1	0	0	0	0	0	0	0	0	0
TMEM240	APTX	1	0	0	0	0	0	0	0	0	0
TMEM240	SPTBN2	1	0	0	0	0	1	0	0	0	0
TMEM240	TTC19	1	0	0	0	0	0	0	0	0	0
TMEM240	ELOVL5	1	0	0	0	0	0	0	0	0	0
TMEM240	EEF2	1	0	0	0	0	0	0	0	0	0
TMEM240	PIK3R5	1	0	0	0	0	0	0	0	0	0
TMEM240	TBP	1	0	0	0	0	0	0	0	0	0
TMEM240	SACS	1	0	0	0	0	0	0	0	0	0
TMEM240	ATXN7	1	0	0	0	0	0	0	0	0	0
TMEM240	RUBCN	1	0	0	0	0	0	0	0	0	0
TMEM240	CWF19L1	1	0	0	0	0	0	0	0	0	0
TMEM240	AFG3L2	1	0	0	0	0	0	0	0	0	0
TMEM240	ATXN1	1	0	0	0	0	0	0	0	0	0
TMEM240	BEAN1	1	0	0	0	0	0	0	0	0	0
TMEM240	PMPCA	1	0	0	0	0	0	0	0	0	0
TMEM240	GRM1	1	0	0	0	0	0	0	0	0	0
TMEM240	KCND3	1	0	0	0	0	0	0	0	0	0
TMEM240	KCNC3	1	0	0	0	0	0	0	0	0	0
TMEM240	ATXN2	1	0	0	0	0	0	0	0	0	0
TMEM240	ATCAY	1	0	0	0	0	1	0	0	0	0
TMEM240	GRID2	1	0	0	0	0	0	0	0	0	0
TMEM240	SETX	1	0	0	0	0	0	0	0	0	0
TMEM240	OPA3	1	0	0	0	0	0	0	0	0	0
TMEM240	MRE11	1	0	0	0	0	0	0	0	0	0
TMEM240	TRPC3	1	0	0	0	0	0	0	0	0	0
TMEM240	ATP1A3	1	0	0	0	0	0	0	0	0	0
TMEM240	PRKCG	1	0	0	0	0	0	0	0	0	0
TMEM240	CCDC88C	1	0	0	0	0	0	0	0	0	0
TMEM240	SYNE1	1	0	0	0	0	0	0	0	0	0
TMEM240	PPP2R2B	1	0	0	0	0	0	0	0	0	0
TMEM240	SCN8A	1	0	0	0	0	0	0	0	0	0
TMEM240	CACNA1A	1	0	0	0	0	0	0	0	0	0
TMEM240	ATXN8OS	1	0	0	0	0	0	0	0	0	0
TMEM240	STUB1	1	0	0	0	0	0	0	0	0	0
DARS2	COQ5	0	0	0	0	1	0	0	0	0	0
DARS2	DNAJC11	0	0	0	1	0	0	0	0	0	0
DARS2	COA7	0	0	0	0	1	0	0	0	0	0
DARS2	MRPS9	0	0	0	0	1	0	0	0	1	0
DARS2	VPS41	0	0	0	0	0	0	0	0	0	1
DARS2	ATG7	0	0	0	1	0	0	0	0	0	0
DARS2	PIGK	0	0	0	0	0	0	0	0	0	1
DARS2	TOMM70	0	0	0	0	1	0	0	0	0	0
DARS2	NOP56	1	0	0	0	0	0	0	0	0	0
DARS2	FGF14	1	0	0	0	0	0	0	0	0	0
DARS2	SLC9A1	1	0	0	0	0	0	0	0	0	0
DARS2	UQCRQ	0	0	0	0	1	0	0	0	0	0
DARS2	KIF1C	1	0	0	0	0	0	0	0	0	0
DARS2	TGM6	1	0	0	0	0	0	0	0	0	0
DARS2	ATXN3	1	0	0	0	0	0	0	0	0	0
DARS2	SYT14	1	0	0	0	0	0	0	0	0	0
DARS2	FXN	1	0	0	0	0	0	0	0	0	0
DARS2	PLA2G6	1	0	0	0	0	0	0	0	0	0
DARS2	CACNB4	1	0	0	0	0	0	0	0	0	0
DARS2	APTX	1	0	0	0	0	0	0	0	0	0
DARS2	SPTBN2	1	0	0	0	0	0	0	0	0	0
DARS2	PCNA	0	0	0	1	0	0	0	0	0	0
DARS2	TTC19	1	0	0	0	0	0	0	0	0	0
DARS2	ELOVL5	1	0	0	0	0	0	0	0	0	0
DARS2	EEF2	1	0	0	0	0	0	0	0	0	0
DARS2	PIK3R5	1	0	0	0	0	0	0	0	0	0
DARS2	SACS	1	0	0	0	0	0	0	0	0	0
DARS2	ATXN7	1	0	0	0	0	0	0	0	0	0
DARS2	RUBCN	1	0	0	0	0	0	0	0	0	0
DARS2	CWF19L1	1	0	0	0	0	0	0	0	0	0
DARS2	AFG3L2	1	0	0	1	0	0	0	0	0	0
DARS2	ATXN1	1	0	0	0	0	0	0	0	0	0
DARS2	PMPCA	1	0	0	0	0	0	0	0	0	0
DARS2	SIL1	0	0	0	0	0	0	0	0	1	0
DARS2	GRM1	1	0	0	0	0	0	0	0	0	0
DARS2	KCND3	1	0	0	0	0	0	0	0	0	0
DARS2	AIFM1	0	0	1	1	0	0	0	0	0	0
DARS2	ABHD12	1	0	0	0	0	0	0	0	0	0
DARS2	PEX7	0	0	0	0	0	0	0	0	1	0
DARS2	PHYH	0	0	0	0	0	0	0	0	1	0
DARS2	KCNC3	1	0	0	0	0	0	0	0	0	0
DARS2	ATCAY	1	0	0	0	0	0	0	0	0	0
DARS2	GRID2	1	0	0	0	0	0	0	0	0	0
DARS2	SETX	1	0	0	0	0	0	0	0	0	0
DARS2	OPA3	1	0	0	0	0	0	0	0	0	0
DARS2	MRE11	1	0	0	0	0	0	0	0	0	0
DARS2	ATP1A3	1	0	0	0	0	0	0	0	0	0
DARS2	GJB1	1	0	0	0	0	0	0	0	0	0
DARS2	TWNK	0	0	0	0	1	0	0	0	0	0
DARS2	PRKCG	1	0	0	0	0	0	0	0	0	0
DARS2	CCDC88C	1	0	0	0	0	0	0	0	0	0
DARS2	POLG	1	0	0	0	1	0	0	0	0	0
DARS2	SYNE1	1	0	0	0	0	0	0	0	0	0
DARS2	POLR3B	0	0	0	1	0	0	0	0	0	0
DARS2	SPG11	1	0	0	1	0	0	0	0	0	0
DARS2	ATXN8OS	1	0	0	0	0	0	0	0	0	0
DARS2	STUB1	1	0	0	0	0	0	0	0	0	0
DARS2	TMEM240	1	0	0	0	0	0	0	0	0	0
RNF216	PUM1	0	0	0	0	0	0	1	0	0	0
RNF216	UBR4	0	0	0	0	0	0	1	0	0	0
RNF216	SCYL1	0	0	0	1	0	0	0	0	0	0
RNF216	VPS13D	0	0	0	0	0	0	1	0	0	0
RNF216	TRIM25	0	0	1	0	0	0	0	0	0	0
RNF216	NXF1	0	0	1	0	0	0	0	0	0	0
RNF216	KIF1C	0	0	0	0	0	0	0	0	1	0
RNF216	ATXN7	0	0	0	0	0	0	1	0	0	0
RNF216	CWF19L1	0	0	0	0	0	0	0	0	1	0
RNF216	PMPCA	0	0	0	0	0	0	0	0	1	0
RNF216	WWOX	1	0	0	0	0	0	0	0	0	0
RNF216	ATXN2	0	0	0	0	0	0	1	0	1	0
RNF216	OPA3	0	0	0	0	0	0	0	0	1	0
RNF216	POLG	0	0	0	0	0	0	0	0	0	1
RNF216	POLR3B	1	0	0	0	0	0	0	0	0	0
RNF216	SPG11	0	0	0	0	0	0	1	0	0	0
RNF216	RNF216	0	0	1	0	0	0	0	0	0	0
TTBK2	GDAP2	0	0	0	0	0	0	0	1	0	0
TTBK2	VPS13D	0	0	0	0	0	0	1	0	0	0
TTBK2	NOP56	1	0	0	0	0	0	0	0	0	0
TTBK2	FGF14	1	0	0	0	0	0	0	0	0	0
TTBK2	SLC9A1	1	0	0	0	0	0	0	0	0	0
TTBK2	KIF1C	1	0	0	0	0	0	0	0	1	0
TTBK2	ATXN10	1	0	0	0	0	0	0	0	0	0
TTBK2	TGM6	1	0	0	0	0	0	0	0	0	0
TTBK2	ATXN3	1	0	0	1	0	0	0	0	0	0
TTBK2	SYT14	1	0	0	0	0	0	0	0	0	0
TTBK2	PLA2G6	1	0	0	0	0	0	0	0	0	0
TTBK2	CACNB4	1	0	0	0	0	0	0	0	0	0
TTBK2	APTX	1	0	0	0	0	0	0	0	0	0
TTBK2	SPTBN2	1	0	0	0	0	0	0	0	0	0
TTBK2	TTC19	1	0	0	0	0	0	0	0	0	0
TTBK2	ELOVL5	1	0	0	0	0	0	0	0	0	0
TTBK2	EEF2	1	0	0	0	0	0	0	0	0	0
TTBK2	PIK3R5	1	0	0	0	0	0	0	0	0	0
TTBK2	TBP	1	0	0	0	0	0	0	0	0	0
TTBK2	SACS	1	0	0	0	0	0	0	0	0	0
TTBK2	ATXN7	1	0	0	0	0	0	1	1	0	0
TTBK2	RUBCN	1	0	0	0	0	0	0	1	0	0
TTBK2	CWF19L1	1	0	0	0	0	0	0	0	0	0
TTBK2	AFG3L2	1	0	0	0	0	0	0	0	0	0
TTBK2	ATXN1	1	0	0	1	0	0	0	0	0	0
TTBK2	BEAN1	1	0	0	0	0	0	0	0	0	0
TTBK2	PMPCA	1	0	0	0	0	0	0	0	0	0
TTBK2	GRM1	1	0	0	0	0	0	0	0	0	0
TTBK2	KCND3	1	0	0	0	0	0	0	0	0	0
TTBK2	ABHD12	1	0	0	0	0	0	0	0	0	0
TTBK2	KCNC3	1	0	0	0	0	0	0	0	0	0
TTBK2	ATXN2	0	0	0	1	0	0	0	0	0	0
TTBK2	GRID2	1	0	0	0	0	0	0	0	0	0
TTBK2	SETX	1	0	0	0	0	0	0	0	0	0
TTBK2	OPA3	1	0	0	0	0	0	0	0	0	0
TTBK2	MRE11	1	0	0	0	0	0	0	0	1	0
TTBK2	TRPC3	1	0	0	0	0	0	0	0	0	0
TTBK2	ATP1A3	1	0	0	0	0	0	0	0	0	0
TTBK2	GJB1	1	0	0	0	0	0	0	0	0	0
TTBK2	PRKCG	1	0	0	0	0	0	0	0	0	0
TTBK2	CCDC88C	1	0	0	0	0	0	0	0	0	0
TTBK2	SYNE1	1	0	0	0	0	0	0	0	0	0
TTBK2	PPP2R2B	1	0	0	0	0	0	0	0	0	0
TTBK2	CACNA1A	1	0	0	0	0	0	0	0	0	0
TTBK2	SPG11	0	0	0	0	0	0	1	0	0	0
TTBK2	ATXN8OS	1	0	0	0	0	0	0	0	0	0
TTBK2	STUB1	1	0	0	0	0	0	0	0	0	0
TTBK2	TMEM240	1	0	0	0	0	0	0	0	0	0
TTBK2	DARS2	1	0	0	0	0	0	0	0	0	0
TTBK2	RNF216	0	0	0	0	0	0	1	0	1	0
SUMO1	PITRM1	0	0	1	0	0	0	0	0	0	0
SUMO1	TDP2	0	0	1	1	0	0	0	0	0	0
SUMO1	PUM1	0	0	0	0	0	0	0	0	1	0
SUMO1	UBR4	0	0	1	0	0	0	0	0	0	0
SUMO1	MRPS9	0	0	0	0	0	0	0	0	1	0
SUMO1	PRDX3	0	0	1	1	0	0	0	0	0	0
SUMO1	ATG5	0	0	0	1	0	0	0	0	0	0
SUMO1	ATG7	0	0	0	0	0	0	0	0	1	0
SUMO1	CAPN1	0	0	0	0	0	0	0	0	1	0
SUMO1	TRIM25	0	0	1	0	0	0	0	0	0	0
SUMO1	HIST1H3A	0	0	1	0	0	0	0	0	0	0
SUMO1	MMS19	0	0	1	0	0	0	0	0	0	0
SUMO1	GTF2A1	0	0	1	0	0	0	0	0	0	0
SUMO1	PKM	0	0	1	0	0	0	0	0	0	0
SUMO1	XRCC1	0	0	1	0	0	0	0	0	0	0
SUMO1	DAXX	0	0	1	0	0	0	0	0	0	0
SUMO1	NPTX1	0	0	1	0	0	0	0	0	0	0
SUMO1	PLD3	0	0	1	0	0	0	0	0	0	0
SUMO1	NOP56	0	0	1	0	0	0	0	0	0	0
SUMO1	SNX14	0	0	0	0	0	0	0	0	1	0
SUMO1	ATXN10	0	0	0	1	0	0	0	0	0	0
SUMO1	ATXN3	0	0	1	0	0	0	0	0	0	0
SUMO1	APTX	0	0	1	1	0	0	0	0	0	0
SUMO1	PCNA	0	0	1	0	0	0	0	0	1	0
SUMO1	EEF2	0	0	1	0	0	0	0	0	0	0
SUMO1	ATXN7	0	0	1	0	0	0	0	0	0	0
SUMO1	ATXN1	0	0	1	0	0	0	0	0	0	0
SUMO1	PMPCA	0	0	1	0	0	0	0	0	0	0
SUMO1	ABHD12	0	0	1	0	0	0	0	0	0	0
SUMO1	TK2	0	0	0	0	0	0	0	0	1	0
SUMO1	PEX7	0	0	0	0	0	0	0	0	1	0
SUMO1	KCNC3	0	0	1	0	0	0	0	0	0	0
SUMO1	ATXN2	0	0	1	0	0	0	0	0	0	0
SUMO1	SETX	0	0	1	0	0	0	0	0	0	0
SUMO1	ADAR	0	0	1	0	0	0	0	0	0	0
SUMO1	APP	0	0	1	0	0	0	0	0	0	0
SUMO1	TPP1	0	0	1	0	0	0	0	0	0	0
SUMO1	ACTN1	0	0	1	0	0	0	0	0	0	0
SUMO1	DARS2	0	0	1	0	0	0	0	0	0	0
SUMO1	SUMO1	0	0	1	0	0	0	0	0	0	0
PDYN	DIRAS3	0	1	0	0	0	0	0	0	0	0
PDYN	FAT2	0	1	0	0	0	0	0	0	0	0
PDYN	NOP56	1	0	0	0	0	0	0	0	0	0
PDYN	FGF14	1	0	0	0	0	0	0	0	0	0
PDYN	SLC9A1	1	0	0	0	0	0	0	0	0	0
PDYN	KIF1C	1	0	0	0	0	0	0	0	0	0
PDYN	ATXN10	1	0	0	0	0	0	0	0	0	0
PDYN	TGM6	1	0	0	0	0	0	0	0	0	0
PDYN	ATXN3	1	0	0	0	0	0	0	0	0	0
PDYN	SYT14	1	0	0	0	0	0	0	0	0	0
PDYN	FXN	1	0	0	0	0	0	0	0	0	0
PDYN	PLA2G6	1	0	0	0	0	0	0	0	0	0
PDYN	CACNB4	1	0	0	0	0	0	0	0	0	0
PDYN	APTX	1	0	0	0	0	0	0	0	0	0
PDYN	SPTBN2	1	0	0	0	0	0	0	0	0	0
PDYN	TTC19	1	0	0	0	0	0	0	0	0	0
PDYN	ELOVL5	1	0	0	0	0	0	0	0	0	0
PDYN	EEF2	1	0	0	0	0	0	0	0	0	0
PDYN	PIK3R5	1	0	0	0	0	0	0	0	0	0
PDYN	TBP	1	0	0	0	0	0	0	0	0	0
PDYN	SACS	1	0	0	0	0	0	0	0	0	0
PDYN	ATXN7	1	0	0	0	0	0	0	0	0	0
PDYN	RUBCN	1	0	0	0	0	0	0	0	0	0
PDYN	CWF19L1	1	0	0	0	0	0	0	0	0	0
PDYN	AFG3L2	1	0	0	0	0	0	0	0	0	0
PDYN	ATXN1	1	0	0	0	0	0	0	0	0	0
PDYN	BEAN1	1	0	0	0	0	0	0	0	0	0
PDYN	GRM1	1	0	0	0	0	0	0	0	0	0
PDYN	KCND3	1	0	0	0	0	0	0	0	0	0
PDYN	ABHD12	1	0	0	0	0	0	0	0	0	0
PDYN	KCNC3	1	0	0	0	0	0	0	0	0	0
PDYN	ATCAY	1	0	0	0	0	0	0	0	0	0
PDYN	GRID2	1	0	0	0	0	0	0	0	0	0
PDYN	SETX	1	0	0	0	0	0	0	0	0	0
PDYN	OPA3	1	0	0	0	0	0	0	0	0	0
PDYN	MRE11	1	0	0	0	0	0	0	0	0	0
PDYN	TRPC3	1	0	0	0	0	0	0	0	0	0
PDYN	GJB1	1	0	0	0	0	0	0	0	0	0
PDYN	APP	0	0	1	0	0	0	0	0	0	0
PDYN	PRKCG	1	1	0	0	0	0	0	0	0	0
PDYN	CCDC88C	1	0	0	0	0	0	0	0	0	0
PDYN	SYNE1	1	0	0	0	0	0	0	0	0	0
PDYN	PPP2R2B	1	0	0	0	0	0	0	0	0	0
PDYN	POLR3B	1	0	0	0	0	0	0	0	0	0
PDYN	SPG11	1	0	0	0	0	0	0	0	0	0
PDYN	ATXN8OS	1	0	0	0	0	0	0	0	0	0
PDYN	STUB1	1	0	0	0	0	0	0	0	0	0
PDYN	TMEM240	1	0	0	0	0	0	0	0	0	0
PDYN	DARS2	1	0	0	0	0	0	0	0	0	0
PDYN	TTBK2	1	0	0	0	0	0	0	0	0	0
ANO10	VPS41	0	0	0	0	0	0	0	0	0	1
ANO10	NOP56	1	0	0	0	0	0	0	0	0	0
ANO10	FGF14	1	0	0	0	0	0	0	0	0	0
ANO10	SLC9A1	1	0	0	0	0	0	0	0	0	0
ANO10	UQCRQ	1	0	0	0	0	0	0	0	0	0
ANO10	KIF1C	1	0	0	0	0	0	0	0	0	0
ANO10	ATXN10	1	0	0	0	0	0	0	0	0	0
ANO10	TGM6	1	0	0	0	0	0	0	0	0	0
ANO10	ATXN3	1	0	0	0	0	0	0	0	0	0
ANO10	SYT14	1	0	0	0	0	0	0	0	0	0
ANO10	FXN	1	0	0	0	0	0	0	0	0	0
ANO10	PLA2G6	1	0	0	0	0	0	0	0	0	0
ANO10	CACNB4	1	0	0	0	0	0	0	0	0	0
ANO10	APTX	1	0	0	0	0	0	0	0	0	0
ANO10	SPTBN2	1	0	0	0	0	0	0	0	0	0
ANO10	TTC19	1	0	0	0	0	0	0	0	0	0
ANO10	ELOVL5	1	0	0	0	0	0	0	0	0	0
ANO10	EEF2	1	0	0	0	0	0	0	0	0	0
ANO10	PIK3R5	1	0	0	0	0	0	0	0	0	0
ANO10	TDP1	1	0	0	0	0	0	0	0	0	0
ANO10	TBP	1	0	0	0	0	0	0	0	0	0
ANO10	SACS	1	0	0	0	0	0	0	0	0	0
ANO10	ATXN7	1	0	0	0	0	0	0	0	0	0
ANO10	RUBCN	1	0	0	0	0	0	0	0	0	0
ANO10	CWF19L1	1	0	0	0	0	0	0	0	0	0
ANO10	AFG3L2	1	0	0	0	0	0	0	0	0	0
ANO10	ATXN1	1	0	0	0	0	0	0	0	0	0
ANO10	BEAN1	1	0	0	0	0	0	0	0	0	0
ANO10	PMPCA	1	0	0	0	0	0	0	0	0	0
ANO10	GRM1	1	0	0	0	0	0	0	0	0	0
ANO10	KCND3	1	0	0	0	0	0	0	0	0	0
ANO10	ABHD12	1	0	0	0	0	0	0	0	0	0
ANO10	KCNC3	1	0	0	0	0	0	0	0	0	0
ANO10	ATCAY	1	0	0	0	0	0	0	0	0	0
ANO10	GRID2	1	0	0	0	0	0	0	0	0	0
ANO10	SETX	1	0	0	0	0	0	0	0	0	0
ANO10	OPA3	1	0	0	0	0	0	0	0	0	0
ANO10	MRE11	1	0	0	0	0	0	0	0	0	0
ANO10	ATP1A3	1	0	0	0	0	0	0	0	0	0
ANO10	GJB1	1	0	0	0	0	0	0	0	0	0
ANO10	PRKCG	1	0	0	0	0	0	0	0	0	0
ANO10	CCDC88C	1	0	0	0	0	0	0	0	0	0
ANO10	TTPA	1	0	0	0	0	0	0	0	0	0
ANO10	PPP2R2B	1	0	0	0	0	0	0	0	0	0
ANO10	SCN8A	1	0	0	0	0	0	0	0	0	0
ANO10	POLR3B	1	0	0	0	0	0	0	0	0	0
ANO10	SPG11	1	0	0	0	0	0	0	0	0	0
ANO10	ATXN8OS	1	0	0	0	0	0	0	0	0	0
ANO10	STUB1	1	0	0	0	0	0	0	0	0	0
ANO10	TMEM240	1	0	0	0	0	0	0	0	0	0
ANO10	DARS2	1	0	0	0	0	0	0	0	0	0
ANO10	TTBK2	1	0	0	0	0	0	0	0	0	0
ANO10	PDYN	1	0	0	0	0	0	0	0	0	0
GBA2	DNAJC11	0	0	0	0	0	0	0	1	0	0
GBA2	MSTO1	0	0	0	1	0	0	0	0	0	0
GBA2	UBA5	0	0	0	0	0	0	0	1	0	0
GBA2	SCYL1	0	0	0	0	0	1	0	0	0	0
GBA2	NXF1	0	0	0	0	0	0	1	0	0	0
GBA2	MMS19	0	0	0	0	0	0	0	1	0	0
GBA2	PKM	0	0	0	0	0	1	0	0	0	0
GBA2	RNF220	0	0	0	1	0	0	0	0	0	0
GBA2	NOP56	1	0	0	0	0	0	0	0	0	0
GBA2	FGF14	1	0	0	0	0	0	0	0	0	0
GBA2	SLC9A1	1	0	0	0	0	0	0	0	0	0
GBA2	KIF1C	1	0	0	0	0	0	0	0	0	0
GBA2	ATXN10	1	0	0	0	0	0	0	0	0	0
GBA2	TGM6	1	0	0	0	0	0	0	0	0	0
GBA2	ATXN3	1	0	0	0	0	0	0	0	0	0
GBA2	SYT14	1	0	0	0	0	0	0	0	0	0
GBA2	FXN	1	0	0	0	0	0	0	0	0	0
GBA2	PLA2G6	1	0	0	0	0	0	0	0	0	0
GBA2	APTX	1	0	0	0	0	0	0	0	0	0
GBA2	SPTBN2	1	0	0	0	0	0	0	0	0	0
GBA2	TTC19	1	0	0	0	0	0	0	0	0	0
GBA2	ELOVL5	1	0	0	0	0	0	0	0	0	0
GBA2	EEF2	1	0	0	0	0	0	0	0	0	0
GBA2	PIK3R5	1	0	0	0	0	0	0	0	0	0
GBA2	TBP	1	0	0	0	0	0	0	0	0	0
GBA2	SACS	1	0	0	0	0	0	0	0	0	0
GBA2	RUBCN	1	0	0	0	0	0	0	0	1	0
GBA2	AFG3L2	1	0	1	0	0	0	0	0	0	0
GBA2	ATXN1	1	0	0	0	0	0	0	0	0	0
GBA2	BEAN1	1	0	0	0	0	0	0	0	0	0
GBA2	PMPCA	1	0	0	0	0	0	0	0	1	0
GBA2	SIL1	1	0	0	0	0	0	0	0	0	0
GBA2	GRM1	1	0	0	0	0	0	0	0	0	0
GBA2	KCND3	1	0	0	0	0	0	0	0	0	0
GBA2	ABHD12	1	0	0	0	0	0	0	0	0	0
GBA2	KCNC3	1	0	0	0	0	0	0	0	0	0
GBA2	ATXN2	0	0	0	0	0	0	0	0	1	0
GBA2	GRID2	1	0	0	0	0	0	0	0	0	0
GBA2	SETX	1	0	0	0	0	0	0	0	0	0
GBA2	OPA3	1	0	0	0	0	0	1	0	0	0
GBA2	MRE11	1	0	0	0	0	0	0	0	0	0
GBA2	GJB1	1	0	0	0	0	0	0	0	0	0
GBA2	APP	0	0	1	0	0	0	0	0	0	0
GBA2	TWNK	1	0	0	0	0	0	0	0	0	0
GBA2	PRKCG	1	0	0	0	0	0	0	0	0	0
GBA2	CCDC88C	1	0	0	0	0	0	0	0	0	0
GBA2	POLG	1	0	0	1	0	0	0	0	0	0
GBA2	PPP2R2B	1	0	0	0	0	0	0	0	0	0
GBA2	POLR3B	1	0	0	0	0	0	0	0	0	0
GBA2	SPG11	1	0	0	0	0	0	0	0	0	0
GBA2	ATXN8OS	1	0	0	0	0	0	0	0	0	0
GBA2	STUB1	1	0	0	0	0	0	0	0	0	0
GBA2	DARS2	1	0	0	0	0	0	0	0	0	0
GBA2	TTBK2	1	0	0	0	0	0	0	0	0	0
GBA2	PDYN	1	0	0	0	0	0	0	0	0	0
GBA2	ANO10	1	0	0	0	0	0	0	0	0	0
ATM	COQ5	0	0	0	0	0	0	0	0	1	0
ATM	VPS41	0	0	0	0	0	0	0	0	1	1
ATM	VPS13D	0	0	0	0	0	0	1	0	0	0
ATM	TRIM25	0	0	0	0	0	0	0	1	0	0
ATM	DAXX	0	0	1	0	0	0	0	0	0	0
ATM	MYC	0	0	1	0	0	0	0	0	0	0
ATM	SLC9A7	0	0	0	0	0	0	1	0	0	0
ATM	ATXN3	0	0	0	1	0	0	0	0	0	0
ATM	TDP1	0	0	1	0	0	0	0	0	0	0
ATM	ATXN7	0	0	0	0	0	0	1	0	0	0
ATM	RUBCN	0	0	0	0	0	0	0	1	0	0
ATM	ATXN1	0	0	0	1	0	0	0	0	0	0
ATM	WWOX	0	0	1	0	0	0	0	0	0	0
ATM	ATXN2	0	0	0	0	0	0	0	1	0	0
ATM	MRE11	0	0	1	0	0	0	0	0	1	1
ATM	SPG11	0	0	0	1	0	0	0	0	0	0
ATM	TTBK2	0	0	0	1	0	0	0	0	0	0
ATM	ATM	0	0	1	0	0	0	0	0	0	0
DNM1	INA	0	1	0	0	0	1	0	0	0	0
DNM1	SYT16	0	1	0	0	0	1	0	0	0	0
DNM1	SLC8A2	0	1	0	0	0	1	0	0	0	0
DNM1	PLD3	0	1	0	0	0	0	0	0	0	0
DNM1	FGF14	0	1	0	0	0	1	0	0	0	0
DNM1	SPTBN2	0	1	0	0	0	1	0	0	0	0
DNM1	BEAN1	0	0	0	0	0	1	0	0	0	0
DNM1	GRM1	0	0	0	0	0	1	0	0	0	0
DNM1	KCND3	0	0	0	0	0	1	0	0	0	0
DNM1	KCNC3	0	1	0	0	0	1	0	0	0	0
DNM1	ATCAY	0	1	0	0	0	1	0	0	0	0
DNM1	ATP1A3	0	1	0	0	0	1	0	0	0	0
DNM1	APP	0	0	1	0	0	0	0	0	0	0
DNM1	SCN2A	1	1	0	0	0	1	0	0	0	0
DNM1	PRKCG	0	0	0	0	0	1	0	0	0	0
DNM1	NRXN1	0	0	0	0	0	1	0	0	0	0
DNM1	SCN8A	1	1	0	0	0	1	0	0	0	0
DNM1	CACNA1A	0	0	0	0	0	1	0	0	0	0
DNM1	TMEM240	0	0	0	0	1	1	0	0	0	0
DNM1	SUMO1	0	0	1	0	0	0	0	0	0	0
DNM1	DNM1	0	0	1	0	0	0	0	0	0	0
