V1	V2	HP.tsv	coex_BRC.tsv	coex_BRB.tsv	coex_LVR.tsv	coex_BRO.tsv	coex_CLT.tsv	coex_STM.tsv	coex_ITI.tsv	co-essential.tsv	metabolism_RECON3D.tsv
PCYT2	CHP1	0	0	0	0	0	0	0	1	0	0
SELENOI	CHP1	0	0	0	0	0	0	0	1	0	0
SELENOI	PCYT2	0	0	0	0	0	0	0	0	1	0
B4GALNT1	ABHD16A	0	1	0	0	0	0	0	0	0	0
KIDINS220	UBAP1	0	0	0	0	0	1	0	1	0	0
KIDINS220	SELENOI	0	1	0	0	0	0	0	0	0	0
ERLIN1	CHP1	0	0	0	0	0	1	0	0	0	0
KPNA3	UBAP1	0	0	0	0	0	0	0	1	0	0
KPNA3	KIDINS220	0	0	0	0	0	0	0	1	0	0
CAPN1	PI4KA	0	0	0	1	0	0	0	0	0	0
CAPN1	CHP1	0	0	0	0	0	1	0	0	0	0
CAPN1	PCYT2	0	0	0	0	0	1	0	1	0	0
CAPN1	ERLIN1	0	0	0	0	0	0	1	1	0	0
ALDH3A2	ERLIN1	0	0	0	0	0	0	1	1	0	0
ALDH3A2	CAPN1	0	0	0	0	0	0	1	1	0	0
SPAST	KIDINS220	0	0	0	0	1	0	0	0	0	0
SPAST	KPNA3	0	1	0	0	0	0	0	0	0	0
VPS37A	UBAP1	0	0	0	0	0	0	0	0	1	0
VPS37A	KIDINS220	0	0	0	0	0	1	1	1	0	0
VPS37A	SPAST	0	1	0	0	0	0	0	0	0	0
MTPAP	SPAST	1	0	0	0	0	0	0	0	0	0
RTN2	B4GALNT1	0	0	0	0	1	0	0	0	0	0
RTN2	SPAST	1	0	0	0	0	0	0	0	0	0
NIPA1	SPAST	1	0	0	0	0	0	0	0	0	0
NIPA1	RTN2	1	0	0	0	0	0	0	0	0	0
CPT1C	PCYT2	0	0	0	0	0	0	0	0	0	1
CPT1C	B4GALNT1	0	0	1	0	0	1	1	1	0	0
CPT1C	SPAST	1	0	0	0	0	0	0	0	0	0
CPT1C	RTN2	1	0	0	0	0	0	0	0	0	0
CPT1C	NIPA1	1	0	0	0	0	0	0	0	0	0
C19orf12	SPAST	1	0	0	0	0	0	0	0	0	0
C19orf12	MTPAP	1	0	0	0	0	0	0	0	0	0
C19orf12	RTN2	1	0	0	0	0	0	0	0	0	0
C19orf12	NIPA1	1	0	0	0	0	0	0	0	0	0
C19orf12	CPT1C	1	0	0	0	0	0	0	0	0	0
MARS2	MARS1	0	0	0	1	0	0	0	0	0	0
MARS2	SELENOI	0	0	0	0	0	1	0	0	0	0
MARS2	MTPAP	0	0	0	0	0	0	0	0	1	0
KIF1C	NKX6-2	0	0	1	0	1	0	0	0	0	0
KIF1C	KPNA3	0	0	0	0	0	0	1	0	0	0
KIF1C	CAPN1	0	0	0	1	0	0	0	0	0	0
KIF1C	MTPAP	1	0	0	0	0	0	0	0	0	0
KIF1C	CPT1C	1	0	0	0	0	0	0	0	0	0
KIF1C	C19orf12	1	0	0	0	0	0	0	0	0	0
KIF1C	MARS2	1	0	0	0	0	0	0	0	0	0
AP5Z1	SPAST	1	0	0	0	0	0	0	0	0	0
AP5Z1	MTPAP	1	0	0	0	0	0	0	0	0	0
AP5Z1	RTN2	1	0	0	0	0	0	0	0	0	0
AP5Z1	NIPA1	1	0	0	0	0	0	0	0	0	0
AP5Z1	CPT1C	1	0	0	0	0	0	0	0	0	0
AP5Z1	C19orf12	1	0	0	0	0	0	0	0	0	0
AP5Z1	KIF1C	1	0	0	0	0	0	0	0	0	0
AP4E1	PI4KA	0	0	0	0	0	1	0	1	0	0
AP4E1	KIDINS220	0	0	0	0	1	0	0	0	0	0
AP4E1	MARS2	1	0	0	0	0	0	0	0	0	0
VAMP1	MTPAP	1	0	0	0	0	0	0	0	0	0
VAMP1	C19orf12	1	0	0	0	0	0	0	0	0	0
VAMP1	KIF1C	1	0	0	0	0	0	0	0	0	0
HSPD1	MARS1	0	0	0	1	0	0	0	0	0	0
HSPD1	SPAST	1	0	0	0	0	0	0	0	0	0
HSPD1	MTPAP	1	0	0	0	0	0	0	0	0	0
HSPD1	RTN2	1	0	0	0	0	0	0	0	0	0
HSPD1	NIPA1	1	0	0	0	0	0	0	0	0	0
HSPD1	CPT1C	1	0	0	0	0	0	0	0	0	0
HSPD1	KIF1C	1	0	0	0	0	0	0	0	0	0
HSPD1	AP5Z1	1	0	0	0	0	0	0	0	0	0
TECPR2	UBAP1	0	0	0	0	0	0	0	1	0	0
TECPR2	KIDINS220	0	0	0	1	0	0	0	1	0	0
TECPR2	KPNA3	0	0	0	0	0	1	0	1	0	0
TECPR2	RTN2	0	0	0	0	0	1	0	0	0	0
TECPR2	KIF1C	0	0	0	0	0	0	1	0	0	0
REEP2	PCYT2	0	1	0	0	0	0	0	0	0	0
REEP2	TMEM63C	0	0	0	0	1	0	0	0	0	0
REEP2	B4GALNT1	0	0	0	0	1	1	1	0	0	0
REEP2	CAPN1	0	1	0	0	0	0	0	0	0	0
REEP2	SPAST	1	0	0	0	0	0	0	0	0	0
REEP2	MTPAP	1	0	0	0	0	0	0	0	0	0
REEP2	RTN2	1	0	0	0	1	1	0	1	0	0
REEP2	NIPA1	1	0	0	0	0	0	0	0	0	0
REEP2	CPT1C	1	0	0	0	0	0	0	0	0	0
REEP2	C19orf12	1	0	0	0	0	0	0	0	0	0
REEP2	KIF1C	1	0	0	0	0	0	0	0	0	0
REEP2	AP5Z1	1	0	0	0	0	0	0	0	0	0
REEP2	VAMP1	1	0	0	0	0	0	0	0	0	0
REEP2	HSPD1	1	0	0	0	0	0	0	0	0	0
DDHD1	SPAST	1	0	0	0	0	0	0	0	0	0
DDHD1	RTN2	1	0	0	0	0	0	0	0	0	0
DDHD1	NIPA1	1	0	0	0	0	0	0	0	0	0
DDHD1	CPT1C	1	0	0	0	0	0	0	0	0	0
DDHD1	C19orf12	1	0	0	0	0	0	0	0	0	0
DDHD1	KIF1C	1	0	0	0	0	0	0	0	0	0
DDHD1	AP5Z1	1	0	0	0	0	0	0	0	0	0
DDHD1	VAMP1	0	0	0	0	0	0	0	1	0	0
DDHD1	HACE1	0	0	0	1	0	0	0	0	0	0
DDHD1	HSPD1	1	0	0	0	0	0	0	0	0	0
DDHD1	REEP2	1	0	0	0	0	0	0	0	0	0
CYP2U1	PCYT2	0	0	0	0	0	0	0	0	0	1
CYP2U1	SPAST	1	0	0	0	0	0	0	0	0	0
CYP2U1	VPS37A	1	0	0	0	0	0	0	0	0	0
CYP2U1	MTPAP	1	0	0	0	0	0	0	0	0	0
CYP2U1	NIPA1	1	0	0	0	0	0	0	0	0	0
CYP2U1	CPT1C	1	0	0	0	0	0	0	0	0	1
CYP2U1	C19orf12	1	0	0	0	0	0	0	0	0	0
CYP2U1	KIF1C	1	0	0	0	0	0	0	0	0	0
CYP2U1	AP5Z1	1	0	0	0	0	0	0	0	0	0
CYP2U1	VAMP1	1	0	0	0	0	0	0	0	0	0
CYP2U1	HACE1	0	0	0	0	0	1	1	0	0	0
CYP2U1	HSPD1	1	0	0	0	0	0	0	0	0	0
CYP2U1	REEP2	1	0	0	0	0	0	0	0	0	0
CYP2U1	DDHD1	1	0	0	0	0	0	0	0	0	0
SACS	SELENOI	0	0	0	0	1	0	0	0	0	0
SACS	B4GALNT1	0	0	0	0	0	0	0	1	0	0
SACS	SPAST	1	0	0	0	0	0	0	0	0	0
SACS	MTPAP	1	0	0	0	0	0	0	0	0	0
SACS	RTN2	1	0	0	0	0	0	0	0	0	0
SACS	NIPA1	1	0	0	0	0	0	0	0	0	0
SACS	C19orf12	1	0	0	0	0	0	0	0	0	0
SACS	KIF1C	1	0	0	0	0	0	0	0	0	0
SACS	VAMP1	1	0	0	0	0	0	0	0	0	0
SACS	HSPD1	1	0	0	0	0	0	0	0	0	0
SACS	REEP2	1	0	0	0	0	0	0	0	0	0
SACS	DDHD1	1	0	0	1	0	0	0	0	0	0
NT5C2	PI4KA	0	0	0	1	0	0	0	0	0	0
NT5C2	ALDH3A2	0	0	0	0	0	0	0	0	0	1
NT5C2	ALDH3A2	0	0	0	0	0	0	0	0	0	1
NT5C2	MTPAP	1	0	0	0	0	0	0	0	0	0
NT5C2	AP4E1	1	0	0	0	0	0	0	0	0	0
NT5C2	HACE1	0	1	0	0	0	0	0	0	0	0
NT5C2	HSPD1	1	0	0	0	0	0	0	0	0	0
NT5C2	CYP2U1	1	0	0	0	0	0	0	0	0	0
C12orf65	SPAST	0	0	0	1	0	0	0	0	0	0
C12orf65	MTPAP	1	0	0	0	0	0	0	0	1	0
C12orf65	C19orf12	1	0	0	0	0	0	0	0	0	0
C12orf65	MARS2	0	0	0	0	0	0	0	0	1	0
C12orf65	KIF1C	1	0	0	0	0	0	0	0	0	0
C12orf65	SACS	1	0	0	0	0	0	0	0	0	0
AFG3L2	PCYT2	0	0	0	0	0	1	0	1	0	0
AFG3L2	CAPN1	0	0	0	0	0	1	0	0	0	0
AFG3L2	ALDH3A2	0	0	0	0	0	0	0	1	0	0
AFG3L2	SPAST	1	0	0	0	0	0	0	0	0	0
AFG3L2	MTPAP	1	0	0	0	0	0	0	0	0	0
AFG3L2	CPT1C	1	0	0	0	0	0	0	0	0	0
AFG3L2	C19orf12	1	0	0	0	0	0	0	0	0	0
AFG3L2	MARS2	0	0	0	0	0	1	0	0	0	0
AFG3L2	KIF1C	1	0	0	0	0	0	0	0	0	0
AFG3L2	AP5Z1	1	0	0	0	0	0	0	0	0	0
AFG3L2	VAMP1	1	0	0	0	0	0	0	0	0	0
AFG3L2	HSPD1	1	0	0	0	0	0	0	0	0	0
AFG3L2	REEP2	1	0	0	0	0	0	0	0	0	0
AFG3L2	DDHD1	1	0	0	0	0	0	0	0	0	0
AFG3L2	CYP2U1	1	0	0	0	0	0	0	0	0	0
AFG3L2	SACS	1	0	0	0	0	0	0	0	0	0
AFG3L2	C12orf65	1	0	0	0	0	0	0	0	0	0
ATP13A2	TMEM63C	0	0	0	0	1	0	0	0	0	0
ATP13A2	CAPN1	0	1	0	0	1	1	1	0	0	0
ATP13A2	SPAST	1	0	0	0	0	0	0	0	0	0
ATP13A2	MTPAP	1	0	0	0	0	0	0	0	0	0
ATP13A2	NIPA1	0	0	0	1	0	0	0	0	0	0
ATP13A2	CPT1C	0	0	0	0	1	0	0	0	0	0
ATP13A2	C19orf12	1	0	0	0	0	0	0	0	0	0
ATP13A2	KIF1C	1	0	0	0	0	0	0	0	0	0
ATP13A2	AP5Z1	0	1	0	0	0	0	0	1	0	0
ATP13A2	VAMP1	1	0	0	0	0	0	0	0	0	0
ATP13A2	TECPR2	0	0	0	1	0	0	0	0	0	0
ATP13A2	REEP2	0	1	0	0	1	0	0	0	0	0
ATP13A2	DDHD1	1	0	0	0	0	0	0	0	0	0
ATP13A2	AFG3L2	1	0	0	0	0	0	0	0	0	0
KIF5A	B4GALNT1	0	0	0	0	0	1	1	0	0	0
KIF5A	SPAST	1	0	0	0	0	0	0	0	0	0
KIF5A	RTN2	1	0	0	0	0	0	0	0	0	0
KIF5A	NIPA1	1	0	0	0	0	0	0	0	0	0
KIF5A	CPT1C	1	0	0	0	0	0	0	0	0	0
KIF5A	C19orf12	1	0	0	0	0	0	0	0	0	0
KIF5A	KIF1C	1	0	0	0	0	0	0	0	0	0
KIF5A	AP5Z1	1	0	0	0	0	0	0	0	0	0
KIF5A	HSPD1	1	0	0	0	0	0	0	0	0	0
KIF5A	REEP2	1	0	0	0	0	1	0	1	0	0
KIF5A	DDHD1	1	0	0	0	0	0	0	0	0	0
KIF5A	CYP2U1	0	0	0	0	0	1	0	0	0	0
KIF5A	SACS	1	0	0	0	0	0	0	0	0	0
KIF5A	AFG3L2	1	0	0	0	0	0	0	0	0	0
CYP7B1	PCYT2	0	0	0	0	0	0	0	0	0	1
CYP7B1	RTN2	1	0	0	0	0	0	0	0	0	0
CYP7B1	CPT1C	0	0	0	0	0	0	0	0	0	1
CYP7B1	AP5Z1	1	0	0	0	0	0	0	0	0	0
CYP7B1	HSPD1	1	0	0	0	0	0	0	0	0	0
CYP7B1	REEP2	1	0	0	0	0	0	0	0	0	0
CYP7B1	CYP2U1	0	0	0	0	0	0	0	0	0	1
CYP7B1	CYP2U1	0	0	0	0	0	0	0	0	0	1
CYP7B1	CYP2U1	0	0	0	0	0	0	0	0	0	1
CYP7B1	KIF5A	1	0	0	0	0	0	0	0	0	0
UCHL1	B4GALNT1	0	0	0	0	0	1	1	0	0	0
UCHL1	MTPAP	1	0	0	0	0	0	0	0	0	0
UCHL1	CPT1C	0	0	0	0	0	1	0	0	0	0
UCHL1	C19orf12	1	0	0	0	0	0	0	0	0	0
UCHL1	KIF1C	1	0	0	0	0	0	0	0	0	0
UCHL1	REEP2	0	0	0	0	0	0	1	1	0	0
UCHL1	NT5C2	1	0	0	0	0	0	0	0	0	0
UCHL1	AFG3L2	1	0	0	0	0	0	0	0	0	0
UCHL1	ATP13A2	0	0	0	0	1	0	0	0	0	0
UCHL1	KIF5A	0	0	0	0	0	1	1	1	0	0
KLC2	B4GALNT1	0	0	0	0	1	0	0	1	0	0
KLC2	MTPAP	1	0	0	0	0	0	0	0	0	0
KLC2	RTN2	0	0	0	0	1	1	0	0	0	0
KLC2	CPT1C	0	0	0	0	1	0	0	0	0	0
KLC2	C19orf12	1	0	0	0	0	0	0	0	0	0
KLC2	AP5Z1	0	0	0	1	0	0	0	0	0	0
KLC2	REEP2	0	1	0	0	1	1	0	0	0	0
KLC2	DDHD1	1	0	0	1	0	0	0	0	0	0
KLC2	SACS	0	0	0	0	0	0	0	1	0	0
KLC2	NT5C2	1	0	0	0	0	0	0	0	0	0
SPG7	SPAST	1	0	0	0	0	0	0	0	0	0
SPG7	MTPAP	1	0	0	0	0	0	0	0	0	0
SPG7	RTN2	1	0	0	0	0	0	0	0	0	0
SPG7	NIPA1	1	0	0	0	0	0	0	0	0	0
SPG7	CPT1C	1	0	0	0	0	0	0	0	0	0
SPG7	C19orf12	1	0	0	0	0	0	0	0	0	0
SPG7	MARS2	1	0	0	0	0	0	0	0	0	0
SPG7	KIF1C	1	0	0	0	0	0	0	0	0	0
SPG7	AP5Z1	1	0	0	0	0	0	0	0	0	0
SPG7	VAMP1	1	0	0	0	0	0	0	0	0	0
SPG7	HSPD1	1	0	0	0	0	0	0	0	0	0
SPG7	REEP2	1	0	0	0	0	0	0	0	0	0
SPG7	DDHD1	1	0	0	0	0	0	0	0	0	0
SPG7	CYP2U1	1	0	0	0	0	0	0	0	0	0
SPG7	SACS	1	0	0	0	0	0	0	0	0	0
SPG7	NT5C2	1	0	0	0	0	0	0	0	0	0
SPG7	AFG3L2	1	0	0	0	0	0	0	0	0	0
SPG7	KIF5A	1	0	0	0	0	0	0	0	0	0
SPG7	CYP7B1	1	0	0	0	0	0	0	0	0	0
SPG7	UCHL1	1	0	0	0	0	0	0	0	0	0
SPG7	KLC2	1	0	0	0	0	0	0	0	0	0
MAG	NKX6-2	0	1	1	0	1	0	0	0	0	0
MAG	MTPAP	1	0	0	0	0	0	0	0	0	0
MAG	KIF1C	1	0	0	0	0	0	0	0	0	0
MAG	SACS	1	0	0	0	0	0	0	0	0	0
MAG	NT5C2	1	0	0	0	0	0	0	0	0	0
MAG	C12orf65	1	0	0	0	0	0	0	0	0	0
KIF1A	B4GALNT1	0	0	0	0	0	1	0	0	0	0
KIF1A	RTN2	1	0	0	0	0	0	0	0	0	0
KIF1A	NIPA1	1	0	0	0	0	0	0	0	0	0
KIF1A	MARS2	1	0	0	0	0	0	0	0	0	0
KIF1A	AP5Z1	1	0	0	0	0	0	0	0	0	0
KIF1A	HSPD1	1	0	0	0	0	0	0	0	0	0
KIF1A	REEP2	1	0	0	0	0	1	0	0	0	0
KIF1A	DDHD1	1	0	0	0	0	0	0	0	0	0
KIF1A	SACS	1	0	0	0	0	0	0	0	0	0
KIF1A	NT5C2	1	0	0	0	0	0	0	0	0	0
KIF1A	ATP13A2	0	1	0	0	0	0	0	0	0	0
KIF1A	KIF5A	1	0	0	0	0	1	0	1	0	0
KIF1A	UCHL1	0	0	0	0	0	1	0	1	0	0
KIF1A	KLC2	1	0	0	0	0	0	0	0	0	0
KIF1A	SPG7	1	0	0	0	0	0	0	0	0	0
ZFYVE27	CHP1	0	0	0	0	0	1	0	0	0	0
ZFYVE27	ERLIN1	0	0	0	0	0	0	1	0	0	0
ZFYVE27	CAPN1	0	0	0	0	0	1	0	0	0	0
ZFYVE27	SPAST	1	0	0	0	0	0	0	0	0	0
ZFYVE27	RTN2	1	0	0	0	0	0	0	0	0	0
ZFYVE27	NIPA1	1	0	0	0	0	0	0	0	0	0
ZFYVE27	CPT1C	1	0	0	0	0	0	0	0	0	0
ZFYVE27	C19orf12	1	0	0	0	0	0	0	0	0	0
ZFYVE27	KIF1C	1	0	0	0	0	0	0	0	0	0
ZFYVE27	AP5Z1	1	0	0	0	0	0	0	0	0	0
ZFYVE27	AP4E1	1	0	0	0	0	0	0	0	0	0
ZFYVE27	HSPD1	1	0	0	0	0	0	0	0	0	0
ZFYVE27	REEP2	1	0	0	0	0	0	0	0	0	0
ZFYVE27	DDHD1	1	0	0	0	0	0	0	0	0	0
ZFYVE27	CYP2U1	1	0	0	0	0	0	0	0	0	0
ZFYVE27	NT5C2	1	0	0	0	0	0	0	0	0	0
ZFYVE27	AFG3L2	0	0	0	0	0	1	0	0	0	0
ZFYVE27	KIF5A	1	0	0	0	0	0	0	0	0	0
ZFYVE27	SPG7	1	0	0	0	0	0	0	0	0	0
ZFYVE27	KIF1A	1	0	0	0	0	0	0	0	0	0
ATL1	SPAST	1	0	0	0	0	0	0	0	0	0
ATL1	RTN2	1	0	0	0	0	0	0	0	0	0
ATL1	NIPA1	1	0	0	0	0	0	0	0	0	0
ATL1	CPT1C	1	0	0	0	0	0	0	0	0	0
ATL1	C19orf12	1	0	0	0	0	0	0	0	0	0
ATL1	AP5Z1	1	0	0	0	0	0	0	0	0	0
ATL1	HSPD1	1	0	0	0	0	0	0	0	0	0
ATL1	REEP2	1	0	0	0	0	0	0	0	0	0
ATL1	DDHD1	1	0	0	0	0	0	0	0	0	0
ATL1	CYP2U1	1	0	0	0	0	0	1	0	0	0
ATL1	SACS	1	0	0	0	0	0	0	0	0	0
ATL1	KIF5A	1	0	0	0	0	0	0	0	0	0
ATL1	SPG7	1	0	0	0	0	0	0	0	0	0
ATL1	KIF1A	1	0	0	0	0	0	0	0	0	0
ATL1	ZFYVE27	1	0	0	0	0	0	0	0	0	0
SLC33A1	B4GALNT1	0	0	0	0	0	0	0	0	0	1
SLC33A1	B4GALNT1	0	0	0	0	0	0	0	0	0	1
SLC33A1	B4GALNT1	0	0	0	0	0	0	0	0	0	1
SLC33A1	SPAST	1	0	0	0	0	0	0	0	0	0
SLC33A1	MTPAP	1	0	0	0	0	0	0	0	0	0
SLC33A1	RTN2	1	0	0	0	0	0	0	0	0	0
SLC33A1	NIPA1	1	0	0	0	0	0	0	0	0	0
SLC33A1	CPT1C	1	0	0	0	0	0	0	0	0	0
SLC33A1	C19orf12	1	0	0	0	0	0	0	0	0	0
SLC33A1	KIF1C	1	0	0	0	0	0	0	0	0	0
SLC33A1	AP5Z1	1	0	0	0	0	0	0	0	0	0
SLC33A1	VAMP1	1	0	0	0	0	0	0	0	0	0
SLC33A1	HSPD1	1	0	0	0	0	0	0	0	0	0
SLC33A1	REEP2	1	0	0	0	0	0	0	0	0	0
SLC33A1	DDHD1	1	0	0	0	0	0	0	0	0	0
SLC33A1	CYP2U1	1	0	0	0	0	0	0	0	0	0
SLC33A1	SACS	1	0	0	0	0	0	0	0	0	0
SLC33A1	NT5C2	1	0	0	0	0	0	0	0	0	0
SLC33A1	AFG3L2	1	0	0	0	0	0	0	0	0	0
SLC33A1	KIF5A	1	0	0	0	0	0	0	0	0	0
SLC33A1	UCHL1	1	0	0	0	0	0	0	0	0	0
SLC33A1	SPG7	1	0	0	0	0	0	0	0	0	0
SLC33A1	KIF1A	1	0	0	0	0	0	0	0	0	0
SLC33A1	ZFYVE27	1	0	0	0	0	0	0	0	0	0
SLC33A1	ATL1	1	0	0	0	0	0	0	0	0	0
AMPD2	ABHD16A	0	0	0	0	0	0	1	0	0	0
AMPD2	PCYT2	0	0	0	0	0	0	0	0	0	1
AMPD2	ALDH3A2	0	0	0	0	0	0	0	0	0	1
AMPD2	CPT1C	0	0	0	0	1	0	0	0	0	1
AMPD2	AP5Z1	0	0	0	0	0	0	0	1	0	0
AMPD2	AP4E1	1	0	0	0	0	0	0	0	0	0
AMPD2	TECPR2	1	0	0	0	0	0	0	0	0	0
AMPD2	REEP2	0	0	0	0	1	0	0	0	0	0
AMPD2	CYP2U1	1	0	0	0	0	0	0	0	0	1
AMPD2	NT5C2	1	0	0	0	0	0	0	0	0	1
AMPD2	NT5C2	1	0	0	0	0	0	0	0	0	1
AMPD2	ATP13A2	0	1	0	0	1	0	0	0	0	0
AMPD2	CYP7B1	0	0	0	0	0	0	0	0	0	1
AMPD2	UCHL1	1	0	0	0	0	0	0	0	0	0
AMPD2	KIF1A	1	1	0	0	0	0	0	0	0	0
AMPD2	SLC33A1	1	0	0	0	0	0	0	0	0	0
ENTPD1	B4GALNT1	0	0	0	0	0	0	1	0	0	0
ENTPD1	ALDH3A2	0	0	0	0	0	0	0	0	0	1
ENTPD1	CPT1C	0	0	0	1	0	0	0	0	0	0
ENTPD1	VAMP1	0	0	0	0	0	0	0	1	0	0
ENTPD1	HACE1	0	0	0	0	0	0	1	0	0	0
ENTPD1	CYP2U1	1	0	0	0	0	0	0	0	0	0
ENTPD1	SACS	0	0	0	0	0	0	0	1	0	0
ENTPD1	NT5C2	1	0	0	0	0	0	0	0	0	1
ENTPD1	C12orf65	0	0	0	0	0	0	0	1	0	0
ENTPD1	ZFYVE27	1	0	0	0	0	0	0	0	0	0
ENTPD1	AMPD2	1	0	0	0	0	0	0	0	0	1
ARL6IP1	ERLIN1	0	0	0	0	0	1	1	1	0	0
ARL6IP1	VPS37A	1	0	0	0	0	0	0	0	0	0
ARL6IP1	CPT1C	1	0	0	0	0	0	0	0	0	0
ARL6IP1	C19orf12	1	0	0	0	0	0	0	0	0	0
ARL6IP1	KIF1C	1	0	0	0	0	0	0	0	0	0
ARL6IP1	DDHD1	1	0	0	0	0	0	0	0	0	0
ARL6IP1	CYP2U1	1	0	0	0	0	0	0	0	0	0
ARL6IP1	SACS	1	0	0	0	0	0	0	0	0	0
ARL6IP1	AFG3L2	1	0	0	0	0	0	0	0	0	0
ARL6IP1	SPG7	1	0	0	0	0	0	0	0	0	0
ARL6IP1	ZFYVE27	1	0	0	0	0	0	0	0	0	0
ARL6IP1	AMPD2	1	0	0	0	0	0	0	0	0	0
AP4S1	AP4E1	1	0	0	0	0	0	0	0	0	0
AP4S1	CYP2U1	1	0	0	0	0	0	0	0	0	0
AP4S1	SACS	0	0	0	0	0	0	0	1	0	0
AP4S1	NT5C2	1	0	0	0	0	0	0	0	0	0
AP4S1	KIF1A	1	0	0	0	0	0	0	0	0	0
AP4S1	ZFYVE27	1	0	0	0	0	0	0	0	0	0
AP4S1	AMPD2	1	0	0	0	0	0	0	0	0	0
AP4S1	ENTPD1	1	0	0	0	0	0	1	0	0	0
PLP1	NKX6-2	0	1	1	0	1	0	0	0	0	0
PLP1	SPAST	1	0	0	0	0	0	0	0	0	0
PLP1	MTPAP	1	0	0	0	0	0	0	0	0	0
PLP1	RTN2	1	0	0	0	0	0	0	0	0	0
PLP1	NIPA1	1	0	1	0	1	0	0	0	0	0
PLP1	CPT1C	1	0	0	0	0	0	0	0	0	0
PLP1	C19orf12	1	0	0	0	0	0	0	0	0	0
PLP1	MARS2	1	0	0	0	0	0	0	0	0	0
PLP1	KIF1C	1	0	0	0	1	0	0	0	0	0
PLP1	AP5Z1	1	0	0	0	0	0	0	0	0	0
PLP1	VAMP1	1	0	0	0	0	0	0	0	0	0
PLP1	HSPD1	1	0	0	0	0	0	0	0	0	0
PLP1	TECPR2	1	0	0	0	0	0	0	0	0	0
PLP1	REEP2	1	0	0	0	0	0	0	1	0	0
PLP1	DDHD1	1	0	0	0	0	0	0	0	0	0
PLP1	CYP2U1	1	0	0	0	0	0	0	0	0	0
PLP1	SACS	1	0	0	0	0	0	0	0	0	0
PLP1	NT5C2	1	0	0	0	0	0	0	0	0	0
PLP1	C12orf65	1	0	0	0	0	0	0	0	0	0
PLP1	AFG3L2	1	0	0	0	0	0	0	0	0	0
PLP1	KIF5A	1	0	0	0	0	1	1	1	0	0
PLP1	UCHL1	1	0	0	0	0	1	0	1	0	0
PLP1	KLC2	1	0	0	0	0	0	0	0	0	0
PLP1	SPG7	1	0	0	0	0	0	0	0	0	0
PLP1	MAG	1	1	1	0	1	0	0	0	0	0
PLP1	KIF1A	1	0	0	0	0	1	0	1	0	0
PLP1	ZFYVE27	1	0	0	0	0	0	0	0	0	0
PLP1	ATL1	1	0	0	0	0	0	0	0	0	0
PLP1	SLC33A1	1	0	0	0	0	0	0	0	0	0
PLP1	AMPD2	1	0	0	0	0	0	0	0	0	0
SPG21	SPAST	1	0	0	0	0	0	0	0	0	0
SPG21	MTPAP	1	0	0	0	0	0	0	0	0	0
SPG21	RTN2	1	0	0	0	0	0	0	0	0	0
SPG21	NIPA1	1	0	0	0	0	0	0	0	0	0
SPG21	CPT1C	1	0	0	0	0	0	0	0	0	0
SPG21	C19orf12	1	0	0	0	0	0	0	0	0	0
SPG21	KIF1C	1	0	0	0	0	0	0	0	0	0
SPG21	AP5Z1	1	0	0	0	0	0	0	0	0	0
SPG21	VAMP1	1	0	0	0	0	0	0	0	0	0
SPG21	HSPD1	1	0	0	0	0	0	0	0	0	0
SPG21	REEP2	1	0	0	0	0	0	0	0	0	0
SPG21	DDHD1	1	0	0	0	0	0	0	0	0	0
SPG21	CYP2U1	1	0	0	0	0	0	0	0	0	0
SPG21	SACS	1	0	0	0	0	0	0	0	0	0
SPG21	AFG3L2	1	0	0	0	0	0	0	0	0	0
SPG21	ATP13A2	1	0	0	0	0	0	0	0	0	0
SPG21	KIF5A	1	0	0	0	0	0	0	0	0	0
SPG21	CYP7B1	1	0	0	0	0	0	0	0	0	0
SPG21	SPG7	1	0	0	0	0	0	0	0	0	0
SPG21	ZFYVE27	1	0	0	0	0	0	0	0	0	0
SPG21	ATL1	1	0	0	0	0	0	0	0	0	0
SPG21	SLC33A1	1	0	0	0	0	0	0	0	0	0
SPG21	ARL6IP1	1	0	0	0	0	0	0	0	0	0
SPG21	PLP1	1	0	0	0	0	0	0	0	0	0
IBA57	MTPAP	0	0	0	0	0	0	0	0	1	0
IBA57	MARS2	0	0	0	0	0	0	0	0	1	0
IBA57	C12orf65	0	0	0	0	0	0	0	0	1	0
IBA57	AMPD2	1	0	0	0	0	0	0	0	0	0
RNF170	ALDH3A2	0	0	0	1	0	0	0	0	0	0
RNF170	C19orf12	1	0	0	0	0	0	0	0	0	0
RNF170	DDHD1	1	0	0	0	0	0	0	0	0	0
RNF170	CYP2U1	1	0	0	0	0	0	0	0	0	0
RNF170	SACS	1	0	0	0	0	0	0	0	0	0
RNF170	ARL6IP1	1	0	0	0	0	0	0	0	0	0
RNF170	SPG21	1	0	0	0	0	0	0	0	0	0
ALS2	SPAST	1	0	0	0	0	0	1	0	0	0
ALS2	VPS37A	0	0	0	0	0	1	0	0	0	0
ALS2	MTPAP	1	0	0	0	0	0	0	0	0	0
ALS2	RTN2	1	0	0	0	0	0	0	0	0	0
ALS2	NIPA1	1	0	0	0	0	0	0	0	0	0
ALS2	CPT1C	1	0	0	0	0	0	0	0	0	0
ALS2	C19orf12	1	0	0	0	0	0	0	0	0	0
ALS2	KIF1C	1	0	0	0	0	0	0	0	0	0
ALS2	AP5Z1	1	0	0	0	0	0	0	0	0	0
ALS2	VAMP1	1	0	0	0	0	0	0	0	0	0
ALS2	HACE1	0	0	0	0	0	1	0	0	0	0
ALS2	HSPD1	1	0	0	0	0	0	0	0	0	0
ALS2	REEP2	1	0	0	0	0	0	0	0	0	0
ALS2	DDHD1	1	0	0	0	0	0	0	0	0	0
ALS2	CYP2U1	1	0	0	0	0	0	0	0	0	0
ALS2	SACS	1	0	0	0	0	0	0	0	0	0
ALS2	NT5C2	1	0	0	0	0	0	0	0	0	0
ALS2	AFG3L2	1	0	0	0	0	0	0	0	0	0
ALS2	ATP13A2	1	0	0	0	0	0	0	0	0	0
ALS2	KIF5A	1	0	0	0	0	0	0	0	0	0
ALS2	KLC2	1	0	0	0	0	0	0	0	0	0
ALS2	SPG7	1	0	0	0	0	0	0	0	0	0
ALS2	KIF1A	1	0	0	0	0	0	0	0	0	0
ALS2	ZFYVE27	1	0	0	0	0	0	0	0	0	0
ALS2	ATL1	1	0	0	0	0	0	0	0	0	0
ALS2	SLC33A1	1	0	0	0	0	0	0	0	0	0
ALS2	ARL6IP1	1	0	0	0	0	0	0	0	0	0
ALS2	PLP1	1	0	0	0	0	0	0	0	0	0
ALS2	SPG21	1	0	0	0	0	0	0	0	0	0
ALS2	RNF170	0	0	0	1	0	0	0	0	0	0
ERLIN2	SPAST	1	0	0	1	0	0	0	0	0	0
ERLIN2	VPS37A	1	0	0	0	0	0	0	0	0	0
ERLIN2	MTPAP	1	0	0	0	0	1	0	0	0	0
ERLIN2	RTN2	1	0	0	0	0	0	0	0	0	0
ERLIN2	NIPA1	1	0	0	0	0	0	0	0	0	0
ERLIN2	CPT1C	1	0	0	0	0	0	0	0	0	0
ERLIN2	C19orf12	1	0	0	0	0	0	0	0	0	0
ERLIN2	KIF1C	1	0	0	0	0	0	0	0	0	0
ERLIN2	AP5Z1	1	0	0	0	0	0	0	0	0	0
ERLIN2	VAMP1	1	0	0	0	0	0	0	0	0	0
ERLIN2	HSPD1	1	0	0	0	0	0	0	0	0	0
ERLIN2	REEP2	1	0	0	0	0	0	0	0	0	0
ERLIN2	DDHD1	1	0	0	0	0	0	0	0	0	0
ERLIN2	CYP2U1	1	0	0	0	0	0	0	0	0	0
ERLIN2	SACS	1	0	0	0	0	0	0	0	0	0
ERLIN2	NT5C2	1	0	0	0	0	0	0	0	0	0
ERLIN2	AFG3L2	1	0	0	0	0	0	0	0	0	0
ERLIN2	ATP13A2	1	0	0	0	0	0	0	0	0	0
ERLIN2	KIF5A	1	0	0	0	0	0	0	0	0	0
ERLIN2	KLC2	1	0	0	0	0	0	0	0	0	0
ERLIN2	SPG7	1	0	0	0	0	0	0	0	0	0
ERLIN2	KIF1A	1	0	0	0	0	0	0	0	0	0
ERLIN2	ZFYVE27	1	0	0	0	0	0	0	0	0	0
ERLIN2	ATL1	1	0	0	0	0	0	0	0	0	0
ERLIN2	SLC33A1	1	0	0	0	0	0	0	0	0	0
ERLIN2	AMPD2	1	0	0	0	0	0	0	0	0	0
ERLIN2	ENTPD1	1	0	0	0	0	0	0	0	0	0
ERLIN2	ARL6IP1	1	0	0	0	0	0	0	0	0	0
ERLIN2	AP4S1	1	0	0	0	0	0	0	0	0	0
ERLIN2	PLP1	1	0	0	0	0	0	0	0	0	0
ERLIN2	SPG21	1	0	0	0	0	0	0	0	0	0
ERLIN2	ALS2	1	0	0	0	0	0	0	0	0	0
DDHD2	SPAST	1	0	0	0	1	0	0	0	0	0
DDHD2	MTPAP	1	0	0	0	0	0	0	0	0	0
DDHD2	RTN2	1	0	0	0	0	0	0	0	0	0
DDHD2	MARS2	1	0	0	0	0	0	0	0	0	0
DDHD2	AP5Z1	1	0	0	0	0	0	0	0	0	0
DDHD2	HSPD1	1	0	0	0	0	0	0	0	0	0
DDHD2	REEP2	1	0	0	0	0	0	0	0	0	0
DDHD2	CYP2U1	1	0	0	0	0	0	0	0	0	0
DDHD2	NT5C2	1	0	0	0	0	0	0	0	0	0
DDHD2	C12orf65	1	0	0	0	0	0	0	0	0	0
DDHD2	AFG3L2	0	1	0	0	0	0	0	0	0	0
DDHD2	SPG7	1	0	0	0	0	0	0	0	0	0
DDHD2	KIF1A	1	0	0	0	0	0	0	0	0	0
DDHD2	AMPD2	1	0	0	0	0	0	0	0	0	0
DDHD2	PLP1	1	0	0	0	0	0	0	0	0	0
DDHD2	SPG21	1	0	0	0	0	0	0	0	0	0
DDHD2	ALS2	1	0	0	0	0	0	0	0	0	0
DDHD2	ERLIN2	1	0	0	0	0	0	0	0	0	0
L1CAM	ABHD16A	0	1	0	0	0	0	0	0	0	0
L1CAM	TMEM63C	0	0	0	0	1	0	0	0	0	0
L1CAM	RTN2	0	0	0	0	1	0	0	0	0	0
L1CAM	CPT1C	0	1	1	0	0	0	0	0	0	0
L1CAM	AP4E1	1	0	0	0	0	0	0	0	0	0
L1CAM	NT5C2	1	0	0	0	0	0	0	0	0	0
L1CAM	UCHL1	0	0	1	0	0	1	1	1	0	0
L1CAM	KIF1A	0	0	0	0	0	1	0	1	0	0
L1CAM	AMPD2	1	0	0	0	0	0	0	0	0	0
L1CAM	ENTPD1	1	0	0	0	0	0	0	0	0	0
L1CAM	AP4S1	1	0	0	0	0	0	0	0	0	0
L1CAM	ERLIN2	1	0	0	0	0	0	0	0	0	0
PNPLA6	MTPAP	1	0	0	0	0	0	0	0	0	0
PNPLA6	RTN2	0	1	0	0	0	0	0	0	0	0
PNPLA6	CPT1C	0	1	0	0	0	0	0	0	0	0
PNPLA6	KIF1C	0	0	0	1	0	0	1	0	0	0
PNPLA6	AP5Z1	1	0	0	0	0	0	0	0	0	0
PNPLA6	AMPD2	0	1	0	0	0	0	0	0	0	0
PNPLA6	PLP1	1	0	0	0	0	0	0	0	0	0
TFG	CHP1	0	0	0	0	0	0	0	1	0	0
TFG	UBAP1	0	0	0	0	0	0	0	0	1	0
TFG	SELENOI	0	0	0	0	0	1	0	0	0	0
TFG	ERLIN1	0	0	0	0	0	0	0	1	0	0
TFG	CAPN1	0	0	0	0	0	0	0	1	0	0
TFG	ALDH3A2	0	0	0	0	0	0	0	1	0	0
TFG	VPS37A	0	0	0	0	0	0	0	0	1	0
TFG	CPT1C	1	0	0	0	0	0	0	0	0	0
TFG	C19orf12	1	0	0	0	0	0	0	0	0	0
TFG	KIF1C	1	0	0	0	0	0	0	0	0	0
TFG	REEP2	1	0	0	0	0	0	0	0	0	0
TFG	DDHD1	1	0	0	0	0	0	0	0	0	0
TFG	SACS	1	0	0	0	0	0	0	0	0	0
TFG	AFG3L2	1	0	0	0	0	0	0	1	0	0
TFG	ATP13A2	0	0	0	0	0	1	0	0	0	0
TFG	UCHL1	1	0	0	0	0	0	0	0	0	0
TFG	SPG7	1	0	0	0	0	0	0	0	0	0
TFG	ZFYVE27	1	0	0	0	0	0	0	0	0	0
TFG	ARL6IP1	1	0	0	0	0	1	0	0	0	0
TFG	PLP1	1	0	0	0	0	0	0	0	0	0
TFG	SPG21	1	0	0	0	0	0	0	0	0	0
TFG	RNF170	1	0	0	0	0	0	0	0	0	0
TFG	ALS2	1	0	0	0	0	0	0	0	0	0
TFG	ERLIN2	1	0	0	0	0	0	0	0	0	0
REEP1	TMEM63C	0	0	0	0	1	0	0	0	0	0
REEP1	SPAST	1	0	0	0	0	0	0	0	0	0
REEP1	RTN2	1	0	0	0	0	1	0	0	0	0
REEP1	NIPA1	1	0	0	0	0	0	0	0	0	0
REEP1	CPT1C	1	0	0	0	0	0	0	0	0	0
REEP1	C19orf12	1	0	0	0	0	0	0	0	0	0
REEP1	KIF1C	1	0	0	0	0	0	0	0	0	0
REEP1	AP5Z1	1	0	0	0	0	0	0	0	0	0
REEP1	VAMP1	1	0	0	0	0	0	0	0	0	0
REEP1	HSPD1	1	0	0	0	0	0	0	0	0	0
REEP1	TECPR2	0	0	0	0	0	0	0	1	0	0
REEP1	REEP2	1	0	0	0	1	1	0	1	0	0
REEP1	DDHD1	1	0	0	0	0	0	0	0	0	0
REEP1	CYP2U1	1	0	0	0	0	0	0	0	0	0
REEP1	SACS	1	0	0	0	0	0	0	0	0	0
REEP1	AFG3L2	1	0	0	0	0	0	0	0	0	0
REEP1	KIF5A	1	0	0	0	0	0	0	0	0	0
REEP1	CYP7B1	1	0	0	0	0	0	0	0	0	0
REEP1	UCHL1	0	0	0	0	1	0	0	1	0	0
REEP1	KLC2	1	0	0	0	0	0	0	0	0	0
REEP1	SPG7	1	0	0	0	0	0	0	0	0	0
REEP1	KIF1A	1	0	0	0	0	0	0	1	0	0
REEP1	ZFYVE27	1	0	0	0	0	0	0	0	0	0
REEP1	ATL1	1	0	0	0	0	0	0	0	0	0
REEP1	SLC33A1	1	0	0	0	0	0	0	0	0	0
REEP1	ARL6IP1	1	0	0	0	0	0	0	0	0	0
REEP1	PLP1	1	0	0	0	0	0	0	1	0	0
REEP1	SPG21	1	0	0	0	0	0	0	0	0	0
REEP1	RNF170	1	0	0	0	0	0	0	0	0	0
REEP1	ALS2	1	0	0	0	0	0	0	0	0	0
REEP1	ERLIN2	1	0	0	0	0	0	0	0	0	0
REEP1	L1CAM	0	0	0	0	1	0	0	1	0	0
REEP1	TFG	1	0	0	0	0	0	0	0	0	0
ZFYVE26	CAPN1	0	0	0	1	0	0	0	0	0	0
ZFYVE26	SPAST	1	0	0	0	0	0	0	0	0	0
ZFYVE26	MTPAP	1	0	0	0	0	0	0	0	0	0
ZFYVE26	RTN2	1	0	0	0	0	0	0	0	0	0
ZFYVE26	NIPA1	1	0	0	0	0	0	0	0	0	0
ZFYVE26	C19orf12	1	0	0	0	0	0	0	0	0	0
ZFYVE26	KIF1C	1	0	0	0	0	0	0	0	0	0
ZFYVE26	AP5Z1	1	0	0	0	0	0	0	0	0	0
ZFYVE26	VAMP1	1	0	0	0	0	0	0	0	0	0
ZFYVE26	HSPD1	1	0	0	0	0	0	0	0	0	0
ZFYVE26	REEP2	1	0	0	0	0	0	0	0	0	0
ZFYVE26	DDHD1	1	0	0	0	0	0	0	0	0	0
ZFYVE26	CYP2U1	1	0	0	0	0	0	0	0	0	0
ZFYVE26	SACS	1	0	0	0	0	0	0	0	0	0
ZFYVE26	NT5C2	1	0	0	0	0	0	0	0	0	0
ZFYVE26	C12orf65	1	0	0	0	0	0	0	1	0	0
ZFYVE26	AFG3L2	1	0	0	0	0	0	0	0	0	0
ZFYVE26	ATP13A2	0	0	0	1	0	0	0	0	0	0
ZFYVE26	KIF5A	1	0	0	0	0	0	0	0	0	0
ZFYVE26	CYP7B1	1	0	0	0	0	0	0	0	0	0
ZFYVE26	UCHL1	1	0	0	0	0	0	0	0	0	0
ZFYVE26	SPG7	1	0	0	0	0	0	0	0	0	0
ZFYVE26	KIF1A	1	0	0	0	0	0	0	0	0	0
ZFYVE26	ZFYVE27	1	0	0	0	0	0	0	0	0	0
ZFYVE26	ATL1	1	0	0	0	0	0	0	0	0	0
ZFYVE26	SLC33A1	1	0	0	0	0	0	0	0	0	0
ZFYVE26	PLP1	1	0	0	0	0	0	0	0	0	0
ZFYVE26	SPG21	1	0	0	0	0	0	0	0	0	0
ZFYVE26	ALS2	1	0	0	0	0	0	1	0	0	0
ZFYVE26	ERLIN2	1	0	0	0	0	0	0	0	0	0
ZFYVE26	DDHD2	1	0	0	0	0	0	0	0	0	0
ZFYVE26	REEP1	1	0	0	0	0	0	0	0	0	0
FA2H	HPDL	0	0	0	0	0	1	0	0	0	0
FA2H	NKX6-2	0	1	1	0	1	0	0	0	0	0
FA2H	SPAST	1	0	0	0	0	0	0	0	0	0
FA2H	MTPAP	1	0	0	0	0	0	0	0	0	0
FA2H	RTN2	1	0	0	0	0	0	0	0	0	0
FA2H	NIPA1	1	0	0	0	0	0	0	0	0	0
FA2H	CPT1C	1	0	0	0	0	0	0	0	0	0
FA2H	C19orf12	1	0	0	0	0	0	0	0	0	0
FA2H	MARS2	1	0	0	0	0	0	0	0	0	0
FA2H	KIF1C	1	0	0	0	0	0	0	0	0	0
FA2H	AP5Z1	1	0	0	0	0	0	0	0	0	0
FA2H	VAMP1	1	0	0	0	0	0	0	0	0	0
FA2H	HSPD1	1	0	0	0	0	0	0	0	0	0
FA2H	REEP2	1	0	0	0	0	0	0	0	0	0
FA2H	DDHD1	1	0	0	0	0	0	0	0	0	0
FA2H	CYP2U1	1	0	0	0	0	0	0	0	0	0
FA2H	SACS	1	0	0	0	0	0	0	0	0	0
FA2H	NT5C2	1	0	0	0	0	0	0	0	0	0
FA2H	C12orf65	1	0	0	0	0	0	0	0	0	0
FA2H	AFG3L2	1	0	0	0	0	0	0	0	0	0
FA2H	ATP13A2	1	0	0	0	0	0	0	0	0	0
FA2H	KIF5A	1	0	0	0	0	0	0	0	0	0
FA2H	UCHL1	1	0	0	0	0	0	0	0	0	0
FA2H	SPG7	1	0	0	0	0	0	0	0	0	0
FA2H	MAG	1	1	1	0	1	0	0	0	0	0
FA2H	KIF1A	1	0	0	0	0	0	0	0	0	0
FA2H	ZFYVE27	1	0	0	0	0	0	0	0	0	0
FA2H	ATL1	1	0	0	0	0	0	0	0	0	0
FA2H	SLC33A1	1	0	0	0	0	0	0	0	0	0
FA2H	AMPD2	1	0	0	0	0	0	0	0	0	0
FA2H	ENTPD1	1	0	0	0	0	0	0	0	0	0
FA2H	ARL6IP1	1	0	0	0	0	0	0	0	0	0
FA2H	PLP1	1	1	1	0	1	0	0	0	0	0
FA2H	SPG21	1	0	0	0	0	0	0	0	0	0
FA2H	ALS2	1	0	0	0	0	0	0	0	0	0
FA2H	ERLIN2	1	0	0	0	0	0	0	0	0	0
FA2H	DDHD2	1	0	0	0	0	0	0	0	0	0
FA2H	TFG	1	0	0	0	0	0	0	0	0	0
FA2H	REEP1	1	0	0	0	0	0	0	0	0	0
FA2H	ZFYVE26	1	0	0	0	0	0	0	0	0	0
AP4M1	PCYT2	0	1	0	0	0	0	0	0	0	0
AP4M1	CAPN1	0	1	0	0	0	0	0	0	0	0
AP4M1	NIPA1	0	0	0	1	0	0	0	0	0	0
AP4M1	AP4E1	1	0	0	0	0	0	0	0	0	0
AP4M1	HSPD1	1	0	0	0	0	0	0	0	0	0
AP4M1	CYP2U1	1	0	0	0	0	0	0	0	0	0
AP4M1	NT5C2	1	0	0	0	0	0	0	0	0	0
AP4M1	C12orf65	0	0	0	0	0	0	1	0	0	0
AP4M1	ATP13A2	0	0	0	1	0	0	0	0	0	0
AP4M1	KLC2	0	0	0	1	0	0	0	0	0	0
AP4M1	ZFYVE27	1	0	0	0	0	0	0	0	0	0
AP4M1	AMPD2	1	0	0	0	0	0	0	0	0	0
AP4M1	AP4S1	1	0	0	0	0	0	0	0	0	0
AP4M1	ALS2	1	0	0	0	0	0	0	0	0	0
AP4M1	ERLIN2	1	0	0	0	0	0	0	0	0	0
AP4M1	DDHD2	1	0	0	0	0	0	0	0	0	0
AP4M1	L1CAM	1	0	0	0	0	0	0	0	0	0
AP4M1	PNPLA6	0	0	0	1	0	0	0	0	0	0
AP4M1	ZFYVE26	0	0	0	1	0	0	0	0	0	0
SPG11	ERLIN1	0	0	0	0	0	0	1	0	0	0
SPG11	CAPN1	0	0	0	0	0	0	1	0	0	0
SPG11	ALDH3A2	0	0	0	0	0	0	1	0	0	0
SPG11	SPAST	1	0	0	0	0	0	0	0	0	0
SPG11	MTPAP	1	1	0	0	0	0	0	0	0	0
SPG11	RTN2	1	0	0	0	0	0	0	0	0	0
SPG11	NIPA1	1	0	0	0	0	0	0	0	0	0
SPG11	CPT1C	1	0	0	0	0	0	0	0	0	0
SPG11	C19orf12	1	0	0	0	0	0	0	0	0	0
SPG11	KIF1C	1	0	0	0	0	0	0	0	0	0
SPG11	AP5Z1	1	0	0	0	0	0	0	0	0	0
SPG11	VAMP1	1	0	0	0	0	0	0	0	0	0
SPG11	HSPD1	1	0	0	0	0	0	0	0	0	0
SPG11	REEP2	1	0	0	0	0	0	0	0	0	0
SPG11	DDHD1	1	1	0	0	0	0	0	0	0	0
SPG11	CYP2U1	1	0	0	0	0	0	0	0	0	0
SPG11	SACS	1	0	0	0	0	0	0	0	0	0
SPG11	NT5C2	1	0	0	0	0	1	0	0	0	0
SPG11	C12orf65	1	0	0	0	0	0	0	0	0	0
SPG11	AFG3L2	1	0	0	0	0	0	0	0	0	0
SPG11	KIF5A	1	0	0	0	0	0	0	0	0	0
SPG11	CYP7B1	1	0	0	0	0	0	0	0	0	0
SPG11	UCHL1	1	0	0	0	0	0	0	0	0	0
SPG11	KLC2	1	0	0	0	0	0	0	0	0	0
SPG11	SPG7	1	0	0	0	0	0	0	0	0	0
SPG11	KIF1A	1	0	0	0	0	0	0	0	0	0
SPG11	ZFYVE27	1	0	0	0	0	0	0	0	0	0
SPG11	ATL1	1	0	0	0	0	0	0	0	0	0
SPG11	SLC33A1	1	0	0	0	0	0	0	0	0	0
SPG11	AMPD2	1	0	0	0	0	0	0	0	0	0
SPG11	ENTPD1	1	0	0	0	0	0	0	0	0	0
SPG11	ARL6IP1	1	0	0	0	0	0	0	0	0	0
SPG11	PLP1	1	0	0	0	0	0	0	0	0	0
SPG11	SPG21	1	0	0	0	0	0	0	0	0	0
SPG11	RNF170	1	0	0	0	0	0	0	0	0	0
SPG11	ALS2	1	0	0	0	0	0	0	0	0	0
SPG11	ERLIN2	1	0	0	0	0	0	0	0	0	0
SPG11	DDHD2	1	0	0	0	0	0	0	0	0	0
SPG11	PNPLA6	1	0	0	0	0	0	0	0	0	0
SPG11	TFG	1	0	0	0	0	0	0	0	0	0
SPG11	REEP1	1	0	0	0	0	0	0	0	0	0
SPG11	ZFYVE26	1	0	0	0	0	0	0	0	0	0
SPG11	FA2H	1	0	0	0	0	0	0	0	0	0
BSCL2	RTN2	1	0	0	0	0	0	0	0	0	0
BSCL2	AP5Z1	1	0	0	0	0	0	0	0	0	0
BSCL2	REEP2	1	0	0	0	0	0	0	0	0	0
BSCL2	ATP13A2	0	0	0	0	1	0	0	0	0	0
BSCL2	KLC2	0	0	0	0	1	0	0	0	0	0
GJC2	NKX6-2	0	0	1	0	1	0	0	0	0	0
GJC2	B4GALNT1	0	0	0	0	0	1	1	1	0	0
GJC2	SPAST	1	0	0	0	0	0	0	0	0	0
GJC2	MTPAP	1	0	0	0	0	0	0	0	0	0
GJC2	RTN2	1	0	0	0	0	1	0	1	0	0
GJC2	NIPA1	1	0	0	0	1	0	0	0	0	0
GJC2	C19orf12	1	0	0	0	0	0	0	0	0	0
GJC2	MARS2	1	0	0	0	0	0	0	0	0	0
GJC2	KIF1C	1	0	0	0	0	0	0	0	0	0
GJC2	AP5Z1	1	0	0	0	0	0	0	0	0	0
GJC2	VAMP1	1	0	0	0	0	0	0	0	0	0
GJC2	HSPD1	1	0	0	0	0	0	0	0	0	0
GJC2	REEP2	1	0	0	0	0	1	1	1	0	0
GJC2	DDHD1	1	0	0	0	0	0	0	0	0	0
GJC2	CYP2U1	1	0	0	0	0	0	0	0	0	0
GJC2	SACS	1	0	0	0	0	0	0	0	0	0
GJC2	NT5C2	1	0	0	0	0	0	0	0	0	0
GJC2	C12orf65	1	0	0	0	0	0	0	0	0	0
GJC2	AFG3L2	1	0	0	0	0	0	0	0	0	0
GJC2	ATP13A2	1	0	0	0	0	0	0	0	0	0
GJC2	KIF5A	1	0	0	0	0	0	0	0	0	0
GJC2	CYP7B1	1	0	0	0	0	0	0	0	0	0
GJC2	UCHL1	1	0	0	0	0	1	1	0	0	0
GJC2	KLC2	1	0	0	0	0	1	0	0	0	0
GJC2	SPG7	1	0	0	0	0	0	0	0	0	0
GJC2	MAG	1	0	1	0	1	0	0	0	0	0
GJC2	KIF1A	1	0	0	0	0	0	0	0	0	0
GJC2	ZFYVE27	1	0	0	0	0	0	0	0	0	0
GJC2	ATL1	1	0	0	0	0	0	0	0	0	0
GJC2	SLC33A1	1	0	0	0	0	0	0	0	0	0
GJC2	AMPD2	1	0	0	0	0	0	0	0	0	0
GJC2	PLP1	1	0	1	0	1	0	0	0	0	0
GJC2	SPG21	1	0	0	0	0	0	0	0	0	0
GJC2	ALS2	1	0	0	0	0	0	0	0	0	0
GJC2	ERLIN2	1	0	0	0	0	0	0	0	0	0
GJC2	DDHD2	1	0	0	0	0	0	0	0	0	0
GJC2	L1CAM	0	0	0	0	0	1	1	1	0	0
GJC2	TFG	1	0	0	0	0	0	0	0	0	0
GJC2	REEP1	1	0	0	0	0	1	0	0	0	0
GJC2	ZFYVE26	1	0	0	0	0	0	0	0	0	0
GJC2	FA2H	1	0	1	0	1	0	0	0	0	0
GJC2	SPG11	1	0	0	0	0	0	0	0	0	0
GBA2	CHP1	0	0	0	0	0	0	0	1	0	0
GBA2	MARS1	0	0	0	0	1	0	0	0	0	0
GBA2	SELENOI	0	0	0	0	0	0	0	1	0	0
GBA2	B4GALNT1	0	1	0	0	0	0	0	0	0	0
GBA2	CAPN1	0	0	0	0	0	0	0	1	0	0
GBA2	SPAST	1	0	0	0	0	0	0	0	0	0
GBA2	MTPAP	1	0	0	0	0	0	0	0	0	0
GBA2	RTN2	1	0	0	0	0	0	0	0	0	0
GBA2	NIPA1	1	0	0	0	0	0	0	0	0	0
GBA2	C19orf12	1	0	0	0	0	0	0	0	0	0
GBA2	MARS2	1	0	0	0	0	0	0	0	0	0
GBA2	KIF1C	1	0	0	0	0	0	0	0	0	0
GBA2	AP5Z1	1	0	0	0	0	0	0	0	0	0
GBA2	VAMP1	1	0	0	0	0	0	0	0	0	0
GBA2	HSPD1	1	0	0	0	0	0	0	0	0	0
GBA2	REEP2	1	0	0	0	0	0	0	0	0	0
GBA2	DDHD1	1	0	0	0	0	0	0	0	0	0
GBA2	CYP2U1	1	0	0	0	0	0	0	0	0	0
GBA2	SACS	1	0	0	0	0	0	0	0	0	0
GBA2	NT5C2	1	0	0	0	0	0	0	0	0	0
GBA2	AFG3L2	1	0	0	0	0	1	0	0	0	0
GBA2	KIF5A	1	0	0	0	0	0	0	0	0	0
GBA2	UCHL1	1	0	0	0	0	0	0	0	0	0
GBA2	KLC2	0	1	0	0	0	0	0	0	0	0
GBA2	SPG7	1	0	0	0	0	0	0	0	0	0
GBA2	KIF1A	1	0	0	0	0	0	0	0	0	0
GBA2	ZFYVE27	1	0	0	0	0	0	0	0	0	0
GBA2	ATL1	1	0	0	0	0	0	0	0	0	0
GBA2	SLC33A1	1	0	0	0	0	0	0	0	0	0
GBA2	ENTPD1	0	0	0	0	0	0	0	0	0	1
GBA2	PLP1	1	0	0	0	0	0	0	0	0	0
GBA2	SPG21	1	0	0	0	0	0	0	0	0	0
GBA2	ALS2	1	0	0	0	0	0	0	0	0	0
GBA2	ERLIN2	1	0	0	0	0	0	0	0	0	0
GBA2	DDHD2	1	0	0	0	0	0	0	0	0	0
GBA2	PNPLA6	1	0	0	0	0	0	0	0	0	0
GBA2	REEP1	1	0	0	0	0	0	0	0	0	0
GBA2	ZFYVE26	1	0	0	0	0	0	0	0	0	0
GBA2	FA2H	1	0	0	0	0	0	0	0	0	0
GBA2	SPG11	1	0	0	0	0	0	0	0	0	0
GBA2	GJC2	1	0	0	0	0	0	0	0	0	0
AP4B1	MARS2	1	0	0	0	0	0	0	0	0	0
AP4B1	AP4E1	1	0	0	0	0	0	0	0	0	0
AP4B1	TECPR2	1	0	0	0	0	0	0	0	0	0
AP4B1	CYP2U1	1	0	0	0	0	0	0	0	0	0
AP4B1	ZFYVE27	1	0	0	0	0	0	0	0	0	0
AP4B1	AMPD2	1	0	0	0	0	0	0	0	0	0
AP4B1	ENTPD1	1	0	0	0	0	0	0	0	0	0
AP4B1	AP4S1	1	0	0	0	0	0	0	0	0	0
AP4B1	SPG21	1	0	0	0	0	0	0	0	0	0
AP4B1	ERLIN2	1	0	0	0	0	0	0	0	0	0
AP4B1	DDHD2	1	0	0	0	0	0	0	0	0	0
AP4B1	L1CAM	1	0	0	0	0	0	0	0	0	0
AP4B1	AP4M1	1	0	0	0	0	0	0	0	0	0
FARS2	CHP1	0	0	0	1	0	0	0	0	0	0
FARS2	MTPAP	0	0	0	0	0	0	0	0	1	0
FARS2	MARS2	0	0	0	0	0	0	0	0	1	0
FARS2	C12orf65	0	0	0	0	0	0	0	0	1	0
FARS2	IBA57	0	0	0	0	0	0	0	0	1	0
FARS2	ERLIN2	0	0	0	0	0	0	1	0	0	0
FARS2	SPG11	0	0	0	0	0	0	1	0	0	0
ALDH18A1	PI4KA	0	0	0	0	0	0	0	0	0	1
ALDH18A1	CHP1	0	0	0	0	0	1	0	0	0	0
ALDH18A1	ALDH3A2	0	0	0	0	0	0	0	0	0	1
ALDH18A1	ALDH3A2	0	0	0	0	0	0	0	0	0	1
ALDH18A1	RTN2	1	0	0	0	0	0	0	0	0	0
ALDH18A1	AP5Z1	1	0	0	0	0	0	0	0	0	0
ALDH18A1	HSPD1	1	0	0	0	0	0	0	0	0	0
ALDH18A1	NT5C2	0	0	0	0	0	0	0	0	0	1
ALDH18A1	AFG3L2	0	0	0	0	0	1	0	0	0	0
ALDH18A1	ATP13A2	0	0	0	0	0	0	1	0	0	0
ALDH18A1	KIF5A	1	0	0	0	0	0	0	0	0	0
ALDH18A1	SPG7	1	0	0	0	0	0	0	0	0	0
ALDH18A1	KIF1A	1	0	0	0	0	0	0	0	0	0
ALDH18A1	ZFYVE27	0	0	0	0	0	1	0	0	0	0
ALDH18A1	ENTPD1	1	0	0	0	0	0	0	0	0	0
ALDH18A1	AP4S1	1	0	0	0	0	0	0	0	0	0
ALDH18A1	PLP1	1	0	0	0	0	0	0	0	0	0
ALDH18A1	ALS2	1	0	0	0	0	0	0	0	0	0
ALDH18A1	ERLIN2	1	0	0	0	0	0	0	0	0	0
ALDH18A1	DDHD2	1	0	0	0	0	0	0	0	0	0
ALDH18A1	FA2H	0	0	0	0	0	1	0	0	0	0
ALDH18A1	SPG11	1	0	0	0	0	0	0	0	0	0
ALDH18A1	GJC2	1	0	0	0	0	0	0	0	0	0
ALDH18A1	GBA2	1	0	0	0	0	0	0	0	0	0
