V1	V2	ppi.tsv	HP.tsv	coex_SMU.tsv	coex_EMS.tsv	coex_STM.tsv	coex_LVR.tsv	coex_BST.tsv	coex_CLS.tsv	coex_OVR.tsv	coex_ATC.tsv	coex_GEJ.tsv	coex_HRA.tsv	coex_CLT.tsv	coex_MSG.tsv	coex_core.tsv	coex_ARG.tsv	coex_LCL.tsv	coex_SKN.tsv
SPG11	SLC52A3	0	1	0	0	0	0	0	0	0	0	0	0	0	0	0	0	0	0
SLC52A2	SLC52A3	0	1	0	0	0	0	0	0	0	0	0	0	1	0	0	0	0	0
SLC52A2	SPG11	0	1	0	0	0	0	0	0	0	0	0	0	0	0	0	0	0	0
LRP10	GARS1	0	0	0	0	0	1	0	0	0	0	0	0	0	0	0	0	0	0
REEP1	GLDN	0	0	0	0	0	0	0	0	1	0	0	0	0	0	0	0	0	0
REEP1	SPG11	0	1	0	0	0	0	0	0	0	0	0	0	0	0	0	0	0	0
ZBTB42	SLC52A2	0	0	0	0	0	0	0	0	0	1	0	0	0	0	0	0	0	0
ZBTB42	ADGRG6	0	1	0	0	0	0	0	0	0	0	0	0	0	0	0	0	0	0
IGHMBP2	SPG11	0	1	0	0	0	0	0	0	0	0	0	0	0	0	0	0	0	0
CHCHD10	SLC52A3	0	1	0	0	0	0	0	0	0	0	0	0	0	0	0	0	0	0
CHCHD10	SPG11	0	1	0	0	0	0	0	0	0	0	0	0	0	0	0	0	0	0
CHCHD10	SLC52A2	0	1	0	0	0	0	0	0	0	0	0	0	1	0	0	0	0	0
CHCHD10	REEP1	0	1	0	0	0	0	0	0	0	0	0	0	0	0	0	0	0	0
CHCHD10	NEFH	0	1	0	0	0	0	0	0	0	0	0	0	0	0	0	0	0	0
CHCHD10	CHCHD10	1	0	0	0	0	0	0	0	0	0	0	0	0	0	0	0	0	0
PLEKHG5	SPG11	0	1	0	0	0	0	0	0	0	0	0	0	0	0	0	0	0	0
PLEKHG5	REEP1	0	1	0	0	0	0	0	0	0	0	0	0	0	0	0	0	0	0
PLEKHG5	IGHMBP2	0	1	0	0	0	0	0	0	0	0	0	0	0	0	0	0	0	0
PLEKHG5	CHCHD10	0	1	0	0	0	0	0	0	0	0	0	0	0	0	0	0	0	0
COQ7	SPG11	0	0	0	0	0	0	0	0	0	0	0	0	0	0	0	1	0	0
COQ7	COQ7	1	0	0	0	0	0	0	0	0	0	0	0	0	0	0	0	0	0
SLC25A46	SPG11	0	0	0	0	0	1	0	0	0	0	0	0	0	0	0	0	0	0
MYH14	SLC52A3	0	0	0	0	0	0	0	0	0	0	0	0	1	0	0	0	0	0
MYH14	PLEKHG5	0	1	0	0	0	0	0	0	0	0	0	0	0	0	0	0	0	0
SYT2	REEP1	0	1	0	0	0	0	0	0	0	0	0	0	0	0	0	0	0	0
SYT2	CHCHD10	0	1	0	0	0	0	0	0	0	0	0	0	0	0	0	0	0	0
SYT2	PLEKHG5	0	1	0	0	0	0	0	0	0	0	0	0	0	0	0	0	0	0
SYT2	MYH14	0	1	0	0	0	0	0	0	0	0	0	0	0	0	0	0	0	0
SIGMAR1	SPG11	0	1	0	0	0	0	0	0	0	0	0	0	0	0	0	0	0	0
SIGMAR1	SLC52A2	0	0	1	0	0	0	0	0	0	0	0	0	0	0	0	0	0	0
SIGMAR1	REEP1	0	1	0	0	0	0	0	0	0	0	0	0	0	0	0	0	0	0
SIGMAR1	CHCHD10	0	1	0	0	0	0	0	0	0	0	0	0	0	0	0	0	0	0
SIGMAR1	PLEKHG5	0	1	0	0	0	0	0	0	0	0	0	0	0	0	0	0	0	0
SIGMAR1	SYT2	0	1	0	0	0	0	0	0	0	0	0	0	0	0	0	0	0	0
SIGMAR1	SIGMAR1	1	0	0	0	0	0	0	0	0	0	0	0	0	0	0	0	0	0
C9orf72	SPG11	0	1	0	0	0	0	0	0	0	0	0	0	0	0	0	0	0	0
C9orf72	NEFH	0	1	0	0	0	0	0	0	0	0	0	0	0	0	0	0	0	0
C9orf72	CHCHD10	0	1	0	0	0	0	0	0	0	0	0	0	0	0	0	0	0	0
ALS2	SPG11	0	1	0	0	0	0	0	0	0	0	0	0	0	0	0	0	0	0
ALS2	REEP1	0	1	0	0	0	0	0	0	0	0	0	0	0	0	0	0	0	0
ALS2	CHCHD10	0	1	0	0	0	0	0	0	0	0	0	0	0	0	0	0	0	0
ALS2	PLEKHG5	0	1	0	0	0	0	0	0	0	0	0	0	0	0	0	0	0	0
ALS2	SIGMAR1	0	1	0	0	0	0	0	0	0	0	0	0	0	0	0	0	0	0
ALS2	C9orf72	0	1	0	0	0	0	0	0	0	0	0	0	0	0	0	0	0	0
ALS2	ALS2	1	0	0	0	0	0	0	0	0	0	0	0	0	0	0	0	0	0
LAS1L	SPG11	0	0	0	0	0	1	0	0	0	0	0	0	0	0	0	0	0	0
LAS1L	IGHMBP2	0	0	0	0	0	0	0	1	0	0	0	0	0	0	0	0	0	0
LAS1L	COX20	0	0	0	0	0	0	0	0	1	0	0	0	0	0	0	0	0	0
LAS1L	ALS2	0	0	0	0	0	0	0	0	0	0	0	0	0	1	0	0	0	0
KIF26B	REEP1	0	0	0	0	0	0	0	0	0	0	0	0	1	0	0	0	0	0
SETX	SPG11	0	1	0	0	0	0	0	0	0	0	0	0	0	0	1	0	0	0
SETX	SLC52A2	0	0	0	0	0	1	0	0	0	0	0	0	0	0	0	0	0	0
SETX	REEP1	0	1	0	0	0	0	0	0	0	0	0	0	0	0	0	0	0	0
SETX	CHCHD10	0	1	0	0	0	0	0	0	0	0	0	0	0	0	0	0	0	0
SETX	PLEKHG5	0	1	0	0	0	0	0	0	0	0	0	0	0	0	0	0	0	0
SETX	SLC25A46	0	1	0	0	0	0	1	0	0	0	0	0	0	0	0	0	0	0
SETX	SIGMAR1	0	1	0	0	0	0	0	0	0	0	0	0	0	0	0	0	0	0
SETX	ALS2	0	1	0	0	0	0	0	0	0	0	0	0	0	0	1	0	0	0
SETX	SETX	1	0	0	0	0	0	0	0	0	0	0	0	0	0	0	0	0	0
DYNC1H1	SPG11	0	1	0	0	0	1	0	0	1	0	0	1	0	0	0	0	0	0
DYNC1H1	LRP10	0	0	0	0	0	0	0	0	0	1	0	0	0	0	0	0	0	0
DYNC1H1	REEP1	0	1	0	0	0	0	0	0	0	0	0	0	0	0	0	0	0	0
DYNC1H1	NEFH	0	0	0	0	0	0	0	0	0	0	0	0	0	0	0	1	0	0
DYNC1H1	PLEKHG5	0	1	0	0	0	0	0	0	0	0	0	0	0	0	0	0	0	0
DYNC1H1	COQ7	0	0	0	0	0	0	0	0	0	0	0	1	0	0	0	0	0	0
DYNC1H1	COX20	0	0	0	0	0	0	0	0	0	0	1	0	0	0	0	0	0	0
DYNC1H1	MYH14	0	0	1	0	0	0	0	0	0	0	0	0	0	0	0	0	0	0
DYNC1H1	SIGMAR1	0	1	0	0	0	0	0	0	0	0	0	0	0	0	0	0	0	0
DYNC1H1	ALS2	0	1	0	0	0	0	0	0	0	0	0	1	0	0	0	0	0	0
DYNC1H1	SETX	0	1	0	0	1	0	1	0	0	0	0	0	1	0	0	0	0	0
DYNC1H1	DYNC1H1	1	0	0	0	0	0	0	0	0	0	0	0	0	0	0	0	0	0
MATR3	NEFH	0	1	0	0	0	0	0	0	0	0	0	0	0	0	0	0	0	0
MATR3	CHCHD10	0	1	0	0	0	0	0	0	0	0	0	0	0	0	0	0	0	0
MATR3	C9orf72	0	1	0	0	0	0	0	0	0	0	0	0	0	0	0	0	1	0
MATR3	MATR3	1	0	0	0	0	0	0	0	0	0	0	0	0	0	0	0	0	0
GBF1	SPG11	0	0	0	0	0	0	0	0	0	0	0	0	0	0	1	0	0	0
GBF1	LRP10	0	0	0	0	0	0	0	0	0	0	0	0	0	0	0	0	1	0
GBF1	COQ7	0	0	0	0	0	0	0	1	0	0	0	0	0	0	0	0	0	0
GBF1	ALS2	0	0	1	0	0	0	0	0	0	0	0	0	0	0	0	1	0	0
GBF1	LAS1L	0	0	0	0	0	0	1	0	0	0	0	0	0	0	0	0	0	0
GBF1	SETX	0	0	0	0	0	0	0	0	0	0	0	0	0	0	1	0	0	0
GBF1	DYNC1H1	0	0	0	0	0	0	0	0	0	0	0	0	0	0	1	0	0	0
FIG4	SPG11	0	0	0	0	0	0	0	0	0	0	0	0	0	0	1	0	0	0
FIG4	NEFH	0	1	0	0	0	0	0	0	0	0	0	0	0	0	0	0	0	0
FIG4	CHCHD10	0	1	0	0	0	0	0	0	0	0	0	0	0	0	0	0	0	0
FIG4	COQ7	0	0	0	0	0	1	1	0	0	0	0	0	0	0	0	0	0	1
FIG4	LAS1L	0	1	0	0	0	0	0	0	0	0	0	0	0	0	0	0	0	0
FIG4	DYNC1H1	0	0	0	1	0	0	0	0	0	0	0	0	0	0	0	0	0	0
FIG4	MATR3	0	1	0	0	0	0	0	0	0	0	0	0	0	0	0	0	0	0
ASCC1	SLC25A46	0	0	0	0	0	0	0	0	0	0	0	1	0	0	0	0	0	0
ASCC1	SIGMAR1	0	0	0	0	0	0	0	1	0	0	1	0	0	0	0	0	0	0
ASCC1	ALS2	0	0	1	0	0	0	0	0	0	0	0	0	0	0	0	0	0	0
ASCC1	DYNC1H1	0	0	0	0	0	0	0	0	0	0	0	1	0	0	0	0	0	0
PRPH	NEFH	0	1	0	1	0	0	0	0	0	0	1	0	1	0	0	0	0	0
PRPH	CHCHD10	0	1	0	0	0	0	0	0	0	0	0	0	0	0	0	0	0	0
PRPH	SYT2	0	0	0	0	0	0	0	0	0	0	0	0	0	0	0	1	0	0
PRPH	C9orf72	0	1	0	0	0	0	0	0	0	0	0	0	0	0	0	0	0	0
PRPH	KIF26B	0	0	0	0	0	0	0	0	0	0	0	0	1	0	0	0	0	0
PRPH	MATR3	0	1	0	0	0	0	0	0	0	0	0	0	0	0	0	0	0	0
PRPH	FIG4	0	1	0	0	0	0	0	0	0	0	0	0	0	0	0	0	0	0
CHMP2B	SPG11	0	1	0	0	0	0	0	0	0	0	0	0	0	0	0	0	0	0
CHMP2B	REEP1	0	1	0	0	0	0	0	0	0	0	0	0	0	0	0	0	0	0
CHMP2B	NEFH	0	1	0	0	0	0	0	0	0	0	0	0	0	0	0	0	0	0
CHMP2B	CHCHD10	0	1	0	0	0	0	0	0	0	0	0	0	0	0	0	0	0	0
CHMP2B	SLC25A46	0	0	0	0	0	0	0	0	0	0	0	0	0	0	1	0	0	0
CHMP2B	MYH14	1	0	0	0	0	0	0	0	0	0	0	0	0	0	0	0	0	0
CHMP2B	SIGMAR1	0	1	0	0	0	0	0	0	0	0	0	0	0	0	0	0	0	0
CHMP2B	C9orf72	0	1	0	0	0	0	0	0	0	0	0	0	0	0	0	0	0	0
CHMP2B	ALS2	0	1	0	0	0	0	0	0	0	0	0	0	0	0	0	0	0	0
CHMP2B	MATR3	0	1	0	0	0	0	0	0	0	0	0	0	0	0	0	0	0	0
CHMP2B	PRPH	0	1	0	0	0	0	0	0	0	0	0	0	0	0	0	0	0	0
CHMP2B	CHMP2B	1	0	0	0	0	0	0	0	0	0	0	0	0	0	0	0	0	0
FUS	SPG11	0	1	0	0	0	0	0	0	0	0	0	0	0	0	0	0	0	0
FUS	NEFH	0	1	0	0	0	0	0	0	0	0	0	0	0	0	0	0	0	0
FUS	CHCHD10	0	1	0	0	0	0	0	0	0	0	0	0	0	0	0	0	0	0
FUS	COQ7	0	0	0	0	0	0	0	0	1	0	0	0	0	0	0	0	0	0
FUS	COX20	0	0	0	0	0	0	0	0	1	0	0	0	0	0	0	0	0	0
FUS	SIGMAR1	0	1	0	0	0	0	0	0	0	0	0	0	0	0	0	0	0	0
FUS	C9orf72	1	1	0	0	0	0	0	0	0	0	0	0	0	0	0	0	0	0
FUS	ALS2	0	1	0	0	0	0	0	0	0	0	0	0	0	0	0	0	0	0
FUS	LAS1L	0	0	0	0	0	0	0	0	0	0	0	0	0	0	1	0	0	0
FUS	DYNC1H1	1	0	0	0	0	0	0	0	0	0	0	0	0	0	0	0	0	0
FUS	MATR3	1	1	0	0	0	0	0	0	0	0	0	0	0	0	0	0	0	0
FUS	GBF1	0	0	0	0	1	0	1	0	0	0	0	0	0	0	0	0	0	0
FUS	FIG4	0	1	0	0	0	0	0	0	0	0	0	0	0	0	0	0	0	0
FUS	PRPH	0	1	0	0	0	0	0	0	0	0	0	0	0	0	0	0	0	0
FUS	CHMP2B	0	1	0	0	0	0	0	0	0	0	0	0	0	0	0	0	0	0
FUS	FUS	1	0	0	0	0	0	0	0	0	0	0	0	0	0	0	0	0	0
SPTLC1	SPG11	0	0	0	0	0	0	0	1	0	0	1	0	1	0	0	1	0	0
SPTLC1	LRP10	0	0	0	0	0	0	0	0	0	0	0	0	0	0	0	1	0	0
SPTLC1	REEP1	0	1	0	0	0	0	0	0	0	0	0	0	0	0	0	0	0	0
SPTLC1	COQ7	0	0	0	0	0	0	0	0	0	0	0	0	0	0	0	1	0	0
SPTLC1	SLC25A46	0	0	0	0	0	0	0	0	0	0	0	0	0	0	1	0	0	0
SPTLC1	SYT2	0	1	0	0	0	0	0	0	0	0	0	0	0	0	0	0	0	0
SPTLC1	SETX	0	0	0	0	0	0	0	0	0	1	0	1	0	0	0	0	0	0
SPTLC1	GBF1	0	0	0	0	0	0	0	0	0	0	0	0	1	0	0	0	0	0
SPTLC1	CHMP2B	0	0	0	0	0	0	0	0	0	0	0	0	0	0	1	0	0	0
ADPRHL2	SLC52A2	0	0	0	0	0	0	0	0	0	0	0	0	0	0	1	0	0	0
ADPRHL2	IGHMBP2	0	0	0	0	0	0	0	0	0	0	0	1	0	0	0	0	0	0
UBA1	GARS1	0	0	0	0	0	1	0	0	0	0	0	0	0	0	0	0	0	0
UBA1	SPG11	0	0	0	0	0	0	0	0	0	0	0	0	0	0	0	1	0	0
UBA1	LRP10	0	0	0	0	1	0	1	1	0	0	1	1	0	0	0	0	0	0
UBA1	COQ7	0	0	0	0	0	0	0	0	0	0	0	0	0	0	0	1	0	0
UBA1	SIGMAR1	0	0	0	0	0	0	0	0	0	1	0	0	1	1	0	0	0	0
UBA1	DYNC1H1	0	0	1	0	0	1	0	0	0	1	0	0	0	1	0	0	0	0
UBA1	GBF1	0	0	0	0	0	0	0	0	0	0	0	0	0	0	1	0	0	0
UBA1	FUS	1	0	0	0	0	0	0	0	0	0	0	0	0	0	0	0	0	0
UBA1	SPTLC1	0	0	0	0	0	1	0	0	0	0	0	0	0	0	0	0	0	0
UBA1	ADPRHL2	0	0	0	0	0	0	0	0	0	1	0	0	0	1	0	0	0	0
UBA1	UBA1	1	0	0	0	0	0	0	0	0	0	0	0	0	0	0	0	0	0
WARS	WARS	1	0	0	0	0	0	0	0	0	0	0	0	0	0	0	0	0	0
GLE1	SPG11	0	0	0	0	0	0	0	0	0	0	0	0	0	0	1	0	0	0
GLE1	ZBTB42	0	1	0	0	0	0	0	0	0	0	0	0	0	0	0	0	0	0
GLE1	COQ7	0	0	0	0	0	0	1	0	0	0	0	1	0	0	0	0	0	0
GLE1	SLC25A46	0	0	0	0	0	1	0	0	0	0	0	0	0	0	0	1	0	0
GLE1	SIGMAR1	0	0	0	1	0	0	0	0	0	0	0	0	0	0	0	0	0	0
GLE1	ALS2	0	0	1	0	0	0	0	0	0	0	0	0	0	0	0	0	0	0
GLE1	GBF1	0	0	0	0	0	0	0	1	0	0	0	0	1	0	0	0	0	0
GLE1	FIG4	0	0	0	0	0	0	0	0	0	0	0	0	0	0	1	0	0	0
GLE1	UBA1	0	0	0	0	0	0	1	0	0	0	0	0	0	1	0	0	0	0
GLE1	GLE1	1	0	0	0	0	0	0	0	0	0	0	0	0	0	0	0	0	0
VWA1	VWA1	1	0	0	0	0	0	0	0	0	0	0	0	0	0	0	0	0	0
RBM7	DYNC1H1	0	0	0	0	0	0	0	0	0	0	0	0	0	1	0	0	0	0
RBM7	CHMP2B	0	0	0	0	0	0	1	0	0	0	0	0	0	0	0	0	1	0
BSCL2	SYT2	0	0	0	0	0	0	0	0	0	0	0	0	0	0	0	1	0	0
TARDBP	NEFH	0	1	0	0	0	0	0	0	0	0	0	0	0	0	0	0	0	0
TARDBP	CHCHD10	0	1	0	0	0	0	0	0	0	0	0	0	0	0	0	0	0	0
TARDBP	C9orf72	0	1	0	0	0	0	0	0	0	0	0	0	0	0	0	0	0	0
TARDBP	ALS2	0	1	0	0	0	0	0	0	0	0	0	0	0	0	0	0	0	0
TARDBP	LAS1L	0	0	0	0	0	0	0	0	0	0	0	0	0	0	1	0	0	0
TARDBP	MATR3	1	1	0	0	0	0	0	0	0	0	0	0	0	0	0	0	0	0
TARDBP	GBF1	0	0	0	0	0	0	1	0	0	0	0	0	0	0	0	0	0	0
TARDBP	FIG4	0	1	0	0	0	0	0	0	0	0	0	0	1	0	0	0	0	0
TARDBP	PRPH	0	1	0	0	0	0	0	0	0	0	0	0	0	0	0	0	0	0
TARDBP	CHMP2B	0	1	0	0	0	0	0	0	0	0	0	0	0	0	0	0	0	0
TARDBP	FUS	1	1	0	0	0	0	0	0	1	0	0	0	0	0	0	0	1	0
TARDBP	UBA1	0	0	0	0	0	0	1	0	0	0	0	0	0	0	0	0	0	0
TARDBP	TARDBP	1	0	0	0	0	0	0	0	0	0	0	0	0	0	0	0	0	0
HNRNPA1	SLC52A2	0	0	0	0	0	1	0	0	0	0	0	0	0	0	0	0	0	0
HNRNPA1	NEFH	0	1	0	0	0	0	0	0	0	0	0	0	0	0	0	0	0	0
HNRNPA1	CHCHD10	0	1	0	0	0	0	0	0	0	0	0	0	0	0	0	0	0	0
HNRNPA1	COQ7	0	0	0	0	0	0	0	0	0	0	0	0	0	0	0	0	1	0
HNRNPA1	C9orf72	0	1	0	0	0	0	0	0	0	0	0	0	0	0	0	0	0	0
HNRNPA1	LAS1L	0	0	0	0	0	1	0	0	0	0	0	0	0	0	0	0	0	0
HNRNPA1	MATR3	1	1	0	0	0	0	0	0	0	0	0	0	0	0	0	0	0	0
HNRNPA1	FIG4	0	1	0	0	0	0	0	0	0	0	0	0	0	0	0	0	0	0
HNRNPA1	PRPH	0	1	0	0	0	0	0	0	0	0	0	0	0	0	0	0	0	0
HNRNPA1	CHMP2B	0	1	0	0	0	0	0	0	0	0	0	0	0	0	0	0	0	0
HNRNPA1	FUS	1	1	0	0	1	1	0	1	0	0	0	0	0	0	0	0	0	0
HNRNPA1	RBM7	1	0	0	0	0	0	0	0	0	0	0	0	0	1	0	0	0	0
HNRNPA1	TARDBP	1	1	0	0	0	0	0	0	0	0	0	0	0	0	0	0	0	0
HNRNPA1	HNRNPA1	1	0	0	0	0	0	0	0	0	0	0	0	0	0	0	0	0	0
ASAH1	GARS1	0	0	0	0	0	1	0	0	0	0	0	0	0	0	0	0	0	0
ASAH1	SLC52A3	0	1	0	0	0	0	0	0	0	0	0	0	0	0	0	0	0	0
ASAH1	SPG11	0	1	0	0	0	0	0	0	0	0	0	0	0	0	0	0	0	0
ASAH1	SLC52A2	0	1	0	0	0	0	0	0	0	0	0	0	0	0	0	0	0	0
ASAH1	LRP10	0	0	0	0	0	1	0	0	0	0	0	0	0	0	0	0	0	0
ASAH1	NEFH	1	0	0	0	0	0	0	0	0	0	0	0	0	0	0	0	0	0
ASAH1	CHCHD10	0	1	0	0	0	0	0	0	0	0	0	0	0	0	0	0	0	0
ASAH1	COQ7	0	0	0	0	0	0	0	0	0	0	0	1	0	0	0	0	0	0
ASAH1	MYH14	0	0	0	0	0	0	0	0	0	0	0	1	0	0	0	0	0	0
ASAH1	SETX	0	1	0	0	0	0	0	0	0	0	0	0	0	0	0	0	0	0
ASAH1	SPTLC1	0	0	0	0	0	0	0	0	0	0	0	0	1	0	0	0	0	0
ADCY6	IGHMBP2	0	0	0	0	0	0	0	0	0	0	0	0	0	1	0	0	0	0
ADCY6	PLEKHG5	0	0	0	0	0	0	0	1	0	0	0	0	0	0	0	0	0	0
ADCY6	FUS	0	0	0	0	0	0	0	0	0	0	0	0	0	0	0	1	0	0
ADCY6	UBA1	0	0	0	0	0	0	0	0	0	0	0	0	0	0	0	1	0	0
EMILIN1	REEP1	0	0	0	0	0	0	0	1	0	0	0	0	0	0	0	0	0	0
EMILIN1	PLEKHG5	0	0	0	0	0	1	0	0	0	0	0	0	0	0	0	0	0	0
EMILIN1	KIF26B	0	0	0	0	0	0	0	0	0	0	0	0	1	0	0	0	0	0
EMILIN1	VWA1	0	0	0	0	0	0	0	0	0	0	0	0	0	0	1	0	0	0
EMILIN1	EMILIN1	1	0	0	0	0	0	0	0	0	0	0	0	0	0	0	0	0	0
ATP7A	SPG11	0	0	0	0	1	0	0	0	0	0	0	0	0	0	0	0	0	0
ATP7A	SLC25A46	0	0	0	0	0	0	0	1	0	0	0	0	0	0	0	0	0	0
ATP7A	SETX	0	0	1	0	0	0	0	0	0	0	0	0	0	0	0	0	0	0
ATP7A	CHMP2B	0	0	0	0	0	0	0	0	1	0	0	0	0	0	0	0	0	0
ATP7A	SPTLC1	0	0	0	0	0	0	0	0	1	0	0	0	0	0	0	0	0	0
ATP7A	ASAH1	0	0	0	0	0	0	0	0	0	0	0	0	0	0	0	1	0	0
AARS	SPG11	0	1	0	0	0	0	0	0	0	0	0	0	0	0	0	0	0	0
AARS	REEP1	0	1	0	0	0	0	0	0	0	0	0	0	0	0	0	0	0	0
AARS	PLEKHG5	0	1	0	0	0	0	0	0	0	0	0	0	0	0	0	0	0	0
AARS	SYT2	0	1	0	0	0	0	0	0	0	0	0	0	0	0	0	0	0	0
AARS	SIGMAR1	0	1	0	0	0	0	0	0	0	0	0	0	0	0	0	0	0	0
AARS	SETX	0	1	0	0	0	0	0	0	0	0	0	0	0	0	0	0	0	0
AARS	DYNC1H1	0	1	0	0	0	0	0	0	0	0	0	0	0	0	0	0	0	0
AARS	UBA1	1	0	0	0	0	0	0	0	0	0	0	0	0	0	0	0	0	0
AARS	WARS	1	0	0	0	0	0	0	0	0	0	0	0	0	0	0	0	0	0
HEXB	SPG11	0	0	0	0	0	0	0	0	0	0	0	0	1	0	0	0	0	0
HEXB	LRP10	0	0	0	0	0	0	0	0	0	0	0	0	0	0	0	1	0	0
HEXB	DYNC1H1	0	0	0	0	0	1	0	0	0	0	0	0	0	0	0	0	0	0
HEXB	CHMP2B	0	0	0	0	0	0	0	0	0	0	0	0	0	0	0	0	1	0
HEXB	SPTLC1	0	0	0	0	0	0	0	0	0	0	0	0	0	0	1	0	0	0
HEXB	RBM7	0	0	0	0	0	0	0	0	0	0	0	0	0	0	0	0	1	0
HEXB	ASAH1	0	0	0	0	0	0	0	0	0	0	0	0	0	0	1	0	0	0
HEXB	ATP7A	0	0	0	0	0	0	0	0	0	0	0	0	0	0	0	1	0	0
HEXB	HEXB	1	0	0	0	0	0	0	0	0	0	0	0	0	0	0	0	0	0
HINT1	SLC52A2	0	0	0	0	0	0	0	0	0	0	0	0	1	0	0	0	0	0
HINT1	LRP10	0	0	0	0	0	0	0	0	0	0	1	0	0	0	0	0	0	0
HINT1	CHCHD10	0	0	0	0	0	0	0	0	0	0	0	0	1	0	0	0	0	0
HINT1	ASCC1	0	0	0	1	0	0	0	0	0	0	1	0	0	0	0	0	0	0
HINT1	CHMP2B	0	0	0	1	0	0	0	1	0	0	0	0	0	0	0	0	0	0
HINT1	HNRNPA1	0	0	0	0	0	0	0	0	0	0	0	0	0	0	0	0	0	1
HINT1	HEXB	0	0	0	0	0	1	0	0	0	0	0	0	0	0	0	0	0	0
HINT1	HINT1	1	0	0	0	0	0	0	0	0	0	0	0	0	0	0	0	0	0
DNAJB2	SPG11	0	1	0	0	0	0	0	0	0	0	0	0	0	0	0	0	0	0
DNAJB2	SLC52A2	0	0	0	0	0	0	0	0	0	0	0	0	0	0	0	1	0	0
DNAJB2	REEP1	0	1	0	0	0	0	0	0	0	0	0	0	0	0	0	0	0	0
DNAJB2	IGHMBP2	0	1	0	0	0	0	0	0	0	0	0	0	0	0	0	1	0	0
DNAJB2	CHCHD10	0	1	0	0	0	0	0	0	0	0	0	0	0	0	0	1	0	0
DNAJB2	PLEKHG5	0	1	0	0	0	0	0	0	0	0	0	0	0	0	0	0	0	0
DNAJB2	SYT2	0	1	0	0	0	0	0	0	0	0	0	0	0	0	0	0	0	0
DNAJB2	SIGMAR1	0	1	0	0	0	0	0	0	0	0	0	0	0	0	0	0	0	0
DNAJB2	ALS2	0	1	0	0	0	0	0	0	0	0	0	0	0	0	0	0	0	0
DNAJB2	SETX	0	1	0	0	0	0	0	0	0	0	0	0	0	0	0	0	0	0
DNAJB2	DYNC1H1	0	1	0	0	0	0	0	0	0	0	0	0	0	0	0	0	0	0
DNAJB2	ADPRHL2	0	0	0	0	0	0	0	0	0	0	0	0	0	0	0	0	0	1
DNAJB2	UBA1	1	0	0	0	0	0	0	0	0	0	0	0	0	0	0	0	0	0
DNAJB2	TARDBP	1	0	0	0	0	0	0	0	0	0	0	0	0	0	0	0	0	0
DNAJB2	ATP7A	1	0	0	0	0	0	0	0	0	0	0	0	0	0	0	0	0	0
DNAJB2	AARS	0	1	0	0	0	0	0	0	0	0	0	0	0	0	0	0	0	0
DNAJB2	HINT1	0	1	0	0	0	0	0	0	0	0	0	0	0	0	0	0	0	0
SORD	MYH14	0	0	0	0	1	0	0	0	0	0	0	0	0	0	0	0	0	0
SORD	MYBPC1	0	0	0	0	0	0	1	0	0	0	0	0	0	0	0	0	0	0
SORD	SORD	1	0	0	0	0	0	0	0	0	0	0	0	0	0	0	0	0	0
PRUNE1	SPG11	0	0	0	0	0	0	0	0	0	0	0	0	0	1	0	0	0	0
PRUNE1	COQ7	0	0	0	0	0	0	0	1	0	0	0	1	0	0	0	0	0	0
PRUNE1	MYH14	0	0	0	0	0	0	0	0	0	0	0	1	0	0	0	0	0	0
PRUNE1	SIGMAR1	0	0	0	1	0	0	0	1	0	0	1	0	0	0	0	0	0	0
PRUNE1	DYNC1H1	0	0	0	0	0	0	0	1	1	1	0	0	0	0	0	0	0	0
PRUNE1	FIG4	0	0	0	1	0	0	0	1	0	0	0	0	1	0	0	1	0	0
PRUNE1	GLE1	0	0	0	1	0	0	0	0	0	0	0	0	0	0	0	0	0	0
PRUNE1	BSCL2	0	0	0	0	0	0	0	0	1	0	0	0	0	0	0	0	0	0
PRUNE1	ASAH1	0	0	0	0	0	0	0	0	0	0	0	1	0	0	0	0	0	0
PRUNE1	ATP7A	0	0	0	0	0	0	0	0	0	0	0	0	0	0	0	1	0	0
PRUNE1	DNAJB2	0	0	0	0	0	0	0	0	0	0	0	0	0	1	0	0	0	0
PRUNE1	PRUNE1	1	0	0	0	0	0	0	0	0	0	0	0	0	0	0	0	0	0
EXOSC3	SLC52A3	0	1	0	0	0	0	0	0	0	0	0	0	0	0	0	0	0	0
EXOSC3	SPG11	0	1	0	1	0	0	0	0	0	0	1	0	0	0	0	0	0	0
EXOSC3	COX20	0	0	0	0	0	0	0	0	1	0	0	0	0	0	0	0	0	0
EXOSC3	SIGMAR1	0	0	1	0	0	0	0	0	0	0	0	0	0	0	0	0	0	0
EXOSC3	LAS1L	0	0	0	0	0	0	0	0	1	0	0	0	0	0	0	0	0	0
EXOSC3	FIG4	0	0	0	0	0	0	0	0	0	0	0	0	1	0	0	0	0	0
EXOSC3	FUS	0	0	0	0	0	0	0	0	1	0	0	0	0	0	0	0	0	0
EXOSC3	ADPRHL2	0	0	0	0	1	0	0	0	0	0	0	0	1	0	0	0	0	0
EXOSC3	GLE1	0	0	0	0	1	0	0	0	0	0	0	0	0	0	0	0	0	0
EXOSC3	RBM7	1	0	0	0	0	0	0	0	0	0	0	0	0	0	0	0	0	0
EXOSC3	TARDBP	0	0	0	0	0	0	0	0	0	0	0	0	0	0	1	0	0	0
EXOSC3	AARS	0	1	0	0	0	0	0	0	0	0	0	0	0	0	0	0	0	0
EXOSC3	PRUNE1	0	0	0	0	0	0	1	0	0	0	0	0	0	0	0	0	0	0
EXOSC3	EXOSC3	1	0	0	0	0	0	0	0	0	0	0	0	0	0	0	0	0	0
ATXN2	SPG11	0	1	1	0	0	0	0	0	0	0	0	0	0	0	0	0	0	0
ATXN2	NEFH	0	1	0	0	0	0	0	0	0	0	0	0	0	0	0	0	0	0
ATXN2	IGHMBP2	0	0	0	0	0	0	0	0	0	0	0	1	0	0	0	0	1	0
ATXN2	CHCHD10	0	1	0	0	0	0	0	0	0	0	0	0	0	0	0	0	0	0
ATXN2	C9orf72	0	1	0	0	0	0	0	0	0	0	0	0	0	0	0	0	0	0
ATXN2	ALS2	0	1	0	0	0	0	0	0	0	0	0	0	0	0	1	0	0	0
ATXN2	LAS1L	0	0	0	0	0	0	0	1	0	1	1	0	0	1	0	0	0	0
ATXN2	SETX	0	1	0	0	0	0	0	0	0	0	0	0	0	0	0	0	0	0
ATXN2	MATR3	0	1	0	0	0	0	0	0	0	0	0	0	0	0	1	0	0	0
ATXN2	PRPH	0	1	0	0	0	0	0	0	0	0	0	0	0	0	0	0	0	0
ATXN2	CHMP2B	0	1	0	0	0	0	0	0	0	0	0	0	0	0	0	0	0	0
ATXN2	FUS	0	1	0	0	0	0	0	0	0	0	0	0	0	1	0	1	0	0
ATXN2	UBA1	0	0	0	0	0	0	0	0	0	0	0	0	0	0	0	1	0	0
ATXN2	TARDBP	1	1	0	0	0	0	0	0	0	0	0	0	0	0	1	0	0	0
ATXN2	HNRNPA1	0	1	0	0	0	0	0	0	0	0	0	0	0	0	0	0	0	0
ATXN2	ADCY6	0	0	0	0	0	0	0	0	0	0	0	0	0	0	0	1	0	0
ATXN2	EXOSC3	0	0	0	0	0	0	0	0	0	0	0	0	0	0	0	0	0	1
SLC5A7	SPG11	0	1	0	0	0	0	0	0	0	0	0	0	0	0	0	0	0	0
SLC5A7	REEP1	0	1	0	0	0	0	0	0	0	0	0	0	0	0	0	0	0	0
SLC5A7	CHCHD10	0	1	0	0	0	0	0	0	0	0	0	0	0	0	0	0	0	0
SLC5A7	PLEKHG5	0	1	0	0	0	0	0	0	0	0	0	0	0	0	0	0	0	0
SLC5A7	MYH14	0	1	0	0	0	0	0	0	0	0	0	0	0	0	0	0	0	0
SLC5A7	SYT2	0	1	0	0	0	0	0	0	0	0	0	0	0	0	0	0	0	0
SLC5A7	SIGMAR1	0	1	0	0	0	0	0	0	0	0	0	0	0	0	0	0	0	0
SLC5A7	SETX	0	1	0	0	0	0	0	0	0	0	0	0	0	0	0	0	0	0
SLC5A7	DYNC1H1	0	1	0	0	0	0	0	0	0	0	0	0	0	0	0	0	0	0
SLC5A7	DNAJB2	0	1	0	0	0	0	0	0	0	0	0	0	0	0	0	0	0	0
FBXO38	SPG11	0	1	0	0	0	0	0	0	0	0	0	0	0	0	1	0	0	0
FBXO38	REEP1	0	1	0	0	0	0	0	0	0	0	0	0	0	0	0	0	0	0
FBXO38	CHCHD10	0	1	0	0	0	0	0	0	0	0	0	0	0	0	0	0	0	0
FBXO38	PLEKHG5	0	1	0	0	0	0	0	0	0	0	0	0	0	0	0	0	0	0
FBXO38	SLC25A46	0	0	0	0	0	0	0	0	0	0	0	0	0	0	1	0	0	0
FBXO38	SIGMAR1	0	1	0	0	0	0	0	0	0	0	0	0	0	0	0	0	0	0
FBXO38	ALS2	0	0	0	0	0	1	1	0	0	0	0	0	0	0	0	0	0	0
FBXO38	SETX	0	1	0	0	0	0	0	0	0	0	0	0	0	0	1	0	0	0
FBXO38	DYNC1H1	0	1	0	0	0	0	0	0	0	0	0	1	0	0	0	0	0	0
FBXO38	GBF1	0	0	0	1	0	0	1	1	0	0	1	0	0	0	0	0	0	0
FBXO38	FIG4	0	0	0	0	0	1	0	0	0	0	0	0	0	0	0	0	0	0
FBXO38	ASCC1	0	0	0	0	0	0	0	0	0	0	0	0	0	1	0	0	0	0
FBXO38	CHMP2B	0	0	1	0	0	0	0	1	0	0	0	0	0	0	0	0	0	0
FBXO38	SPTLC1	0	0	0	0	0	0	0	0	0	0	0	0	0	0	1	0	0	0
FBXO38	UBA1	0	0	0	0	0	0	0	1	0	0	0	0	0	0	0	0	0	0
FBXO38	GLE1	0	0	0	0	0	0	0	0	0	0	0	0	0	0	1	0	0	0
FBXO38	RBM7	0	0	0	0	0	0	0	0	0	0	0	0	0	1	0	0	0	0
FBXO38	TARDBP	0	0	0	0	0	0	1	0	0	0	0	0	0	0	0	0	0	0
FBXO38	ATP7A	0	0	1	0	1	0	0	1	0	0	0	0	0	0	0	0	0	0
FBXO38	HINT1	0	1	0	0	0	0	0	0	0	0	0	0	0	0	0	0	0	0
FBXO38	DNAJB2	0	1	0	0	0	0	0	0	0	0	0	0	0	0	0	0	0	0
FBXO38	PRUNE1	0	0	0	0	0	0	0	0	0	0	0	0	0	1	0	0	0	0
FBXO38	SLC5A7	0	1	0	0	0	0	0	0	0	0	0	0	0	0	0	0	0	0
HSPB8	SPG11	0	1	0	0	0	0	0	0	0	0	0	0	0	0	0	0	0	0
HSPB8	REEP1	0	1	0	0	0	0	0	1	0	0	0	0	1	0	0	0	0	0
HSPB8	IGHMBP2	0	1	0	0	0	0	0	0	0	0	0	0	0	0	0	0	0	0
HSPB8	PLEKHG5	0	1	0	0	0	0	0	0	0	0	0	0	0	0	0	0	0	0
HSPB8	MYH14	0	0	0	0	0	0	0	0	0	0	0	1	0	0	0	0	0	0
HSPB8	SYT2	0	1	0	0	0	0	0	0	0	0	0	0	0	0	0	0	0	0
HSPB8	SIGMAR1	0	1	0	0	0	0	0	0	0	0	0	0	0	0	0	0	0	0
HSPB8	SETX	0	1	0	0	0	0	0	0	0	0	0	0	0	0	0	0	0	0
HSPB8	DYNC1H1	0	1	0	0	0	0	0	0	0	0	0	0	0	0	0	0	0	0
HSPB8	SPTLC1	0	1	0	0	0	0	0	0	0	0	0	0	0	0	0	0	0	0
HSPB8	ASAH1	0	0	0	0	0	0	0	0	0	0	0	1	0	0	0	0	0	0
HSPB8	EMILIN1	0	0	0	0	1	0	0	1	0	0	0	0	1	0	0	0	0	0
HSPB8	AARS	0	1	0	0	0	0	0	0	0	0	0	0	0	0	0	0	0	0
HSPB8	DNAJB2	0	1	0	0	0	0	0	0	0	0	0	0	0	0	0	0	0	0
HSPB8	SLC5A7	0	1	0	0	0	0	0	0	0	0	0	0	0	0	0	0	0	0
HSPB8	HSPB8	1	0	0	0	0	0	0	0	0	0	0	0	0	0	0	0	0	0
MAPT	SPG11	0	1	0	0	0	0	0	0	0	0	0	0	0	0	0	0	0	0
MAPT	REEP1	0	0	0	0	1	0	0	0	0	0	0	0	1	0	0	0	0	0
MAPT	SYT2	0	0	0	0	0	0	0	0	0	0	0	0	0	0	0	1	0	0
MAPT	C9orf72	0	1	0	0	0	0	0	0	0	0	0	0	0	0	0	0	0	0
MAPT	ALS2	0	1	0	0	0	0	0	0	0	0	0	0	0	0	0	0	0	0
MAPT	KIF26B	0	0	0	0	0	0	0	0	0	0	0	0	1	0	0	0	0	0
MAPT	SETX	0	1	0	0	0	0	0	0	0	0	0	0	0	0	0	0	0	0
MAPT	PRPH	0	0	0	0	1	0	0	0	0	0	0	0	1	0	0	1	0	0
MAPT	CHMP2B	0	1	0	0	0	0	0	0	0	0	0	0	0	0	0	0	0	0
MAPT	BSCL2	0	0	0	0	0	0	0	0	0	0	0	0	0	0	0	1	0	0
MAPT	TARDBP	0	1	0	0	0	0	0	0	0	0	0	0	0	0	0	0	0	0
MAPT	ATXN2	0	1	0	0	0	0	0	0	0	0	0	0	0	0	0	0	0	0
MAPT	HSPB8	0	0	0	0	1	0	0	0	0	0	0	0	1	0	0	0	0	0
MAPT	MAPT	1	0	0	0	0	0	0	0	0	0	0	0	0	0	0	0	0	0
EXOSC9	SPG11	0	0	0	0	0	0	0	0	0	0	1	0	0	0	0	0	0	0
EXOSC9	COQ7	0	0	0	0	0	0	1	0	1	0	0	0	0	0	0	0	0	0
EXOSC9	SLC25A46	0	0	0	0	0	0	0	0	0	0	0	0	0	0	1	0	0	0
EXOSC9	ALS2	0	0	0	0	0	0	0	0	0	0	0	0	0	0	1	0	0	0
EXOSC9	LAS1L	0	0	0	0	0	0	0	0	0	0	0	0	0	0	1	0	0	0
EXOSC9	SETX	1	0	0	0	0	0	0	0	0	0	0	0	0	0	0	0	0	0
EXOSC9	ASCC1	0	0	0	0	0	0	0	0	0	0	0	0	0	1	0	0	0	0
EXOSC9	FUS	0	0	0	0	0	0	0	0	0	0	0	0	0	0	1	0	0	0
EXOSC9	SPTLC1	0	0	0	0	1	0	0	0	0	0	0	0	0	0	0	0	0	0
EXOSC9	GLE1	0	0	0	0	0	0	0	0	1	0	0	0	0	0	0	0	0	0
EXOSC9	RBM7	1	0	0	0	0	0	0	0	0	0	0	0	0	0	0	0	0	0
EXOSC9	TARDBP	0	0	0	0	0	0	0	0	0	0	0	0	0	0	1	0	0	0
EXOSC9	HNRNPA1	0	0	0	0	0	0	0	0	0	0	0	0	0	0	1	0	0	0
EXOSC9	HEXB	0	0	0	0	1	0	0	0	0	0	0	0	0	0	0	0	0	0
EXOSC9	EXOSC3	1	0	0	0	0	0	0	0	0	0	0	0	0	0	1	0	0	0
EXOSC9	FBXO38	0	0	0	0	1	0	0	0	1	1	1	0	0	0	0	0	0	0
EXOSC9	EXOSC9	1	0	0	0	0	0	0	0	0	0	0	0	0	0	0	0	0	0
HSPB3	SPG11	0	1	0	0	0	0	0	0	0	0	0	0	0	0	0	0	0	0
HSPB3	REEP1	0	1	0	0	0	0	0	0	0	0	0	0	0	0	0	0	0	0
HSPB3	IGHMBP2	0	1	0	0	0	0	0	0	0	0	0	0	0	0	0	0	0	0
HSPB3	CHCHD10	0	1	0	0	0	0	0	0	0	0	0	0	0	0	0	0	0	0
HSPB3	PLEKHG5	0	1	0	0	0	0	0	0	0	0	0	0	0	0	0	0	0	0
HSPB3	MYH14	0	1	0	0	0	0	0	0	0	0	0	1	0	0	0	0	0	0
HSPB3	SYT2	0	1	0	0	0	0	0	0	0	0	0	0	0	0	0	0	0	0
HSPB3	SIGMAR1	0	1	0	0	0	0	0	0	0	0	0	0	0	0	0	0	0	0
HSPB3	SETX	0	1	0	0	0	0	0	0	0	0	0	0	0	0	0	0	0	0
HSPB3	DYNC1H1	0	1	0	0	0	0	0	0	0	0	0	0	0	0	0	0	0	0
HSPB3	SPTLC1	0	1	0	0	0	0	0	0	0	0	0	0	0	0	0	0	0	0
HSPB3	DNAJB2	0	1	0	0	0	0	0	0	0	0	0	0	0	0	0	0	0	0
HSPB3	SLC5A7	0	1	0	0	0	0	0	0	0	0	0	0	0	0	0	0	0	0
HSPB3	FBXO38	0	1	0	0	0	0	0	0	0	0	0	0	0	0	0	0	0	0
HSPB3	HSPB8	1	1	0	0	0	0	0	0	0	0	0	1	0	0	0	0	0	0
SOD1	NEFH	0	1	0	0	0	0	0	0	0	0	0	0	0	0	0	0	0	0
SOD1	CHCHD10	0	1	0	0	0	0	0	0	0	0	0	0	0	0	0	0	0	0
SOD1	C9orf72	0	1	0	0	0	0	0	0	0	0	0	0	0	0	0	0	0	0
SOD1	MATR3	0	1	0	0	0	0	0	0	0	0	0	0	0	0	0	0	0	0
SOD1	FIG4	0	1	0	1	1	0	0	0	0	0	0	0	0	0	0	0	0	0
SOD1	ASCC1	1	0	0	0	0	0	0	0	0	0	0	0	0	0	0	0	0	0
SOD1	PRPH	1	1	0	0	0	0	0	0	0	0	0	0	0	0	0	0	0	0
SOD1	CHMP2B	0	1	0	0	0	0	0	0	0	0	0	0	0	0	0	0	0	0
SOD1	FUS	0	1	0	0	0	0	0	0	0	0	0	0	0	0	0	0	0	0
SOD1	UBA1	1	0	0	0	1	0	0	0	0	0	0	0	1	1	0	0	0	0
SOD1	GLE1	0	0	0	0	0	0	0	0	0	0	0	0	0	1	0	0	0	0
SOD1	TARDBP	0	1	0	0	0	0	0	0	0	0	0	0	0	0	0	0	0	0
SOD1	HNRNPA1	0	1	0	0	0	0	0	0	0	0	0	0	0	0	0	0	0	0
SOD1	AARS	1	0	0	0	0	0	0	0	0	0	0	0	0	0	0	0	0	0
SOD1	HEXB	1	0	0	0	0	0	0	0	0	0	0	0	0	0	0	0	0	0
SOD1	HINT1	1	0	0	0	0	0	0	0	0	0	0	0	0	0	1	0	0	0
SOD1	SORD	1	0	0	0	0	0	0	0	0	0	0	0	0	0	0	0	0	0
SOD1	PRUNE1	0	0	0	1	0	0	0	0	0	1	0	1	0	0	0	0	0	0
SOD1	ATXN2	0	1	0	0	0	0	0	0	0	0	0	0	0	0	0	0	0	0
SOD1	MAPT	0	1	0	0	0	0	0	0	0	0	0	0	0	0	0	0	0	0
SOD1	SOD1	1	0	0	0	0	0	0	0	0	0	0	0	0	0	0	0	0	0
CAPN1	SPG11	0	0	0	0	1	0	0	1	0	0	0	0	0	0	0	0	0	0
CAPN1	SLC52A2	0	0	0	0	1	0	0	0	0	0	0	0	1	0	0	0	0	0
CAPN1	LRP10	0	0	0	0	0	0	0	0	0	0	0	0	0	0	0	0	1	0
CAPN1	CHCHD10	0	0	0	0	0	0	0	0	0	0	0	0	1	0	0	0	0	0
CAPN1	SIGMAR1	0	0	0	0	0	0	0	0	0	0	0	0	0	0	0	0	0	1
CAPN1	DYNC1H1	0	0	0	0	0	1	0	0	0	0	0	0	0	0	0	0	0	0
CAPN1	GBF1	0	0	0	0	0	0	1	1	0	0	0	1	0	0	0	0	0	0
CAPN1	FIG4	0	0	0	0	0	0	0	0	0	1	0	0	0	0	0	1	0	0
CAPN1	ADPRHL2	0	0	0	0	0	0	0	0	0	1	0	0	0	0	0	0	0	1
CAPN1	UBA1	0	0	0	0	0	0	0	0	0	1	0	1	0	0	0	0	1	0
CAPN1	GLE1	0	0	0	0	0	0	0	1	0	1	0	0	0	0	0	0	0	0
CAPN1	HINT1	0	0	0	0	0	0	0	0	0	0	0	0	1	0	0	0	0	0
CAPN1	DNAJB2	0	0	0	0	0	0	0	0	0	0	0	0	0	0	0	0	0	1
CAPN1	PRUNE1	0	0	0	0	0	0	1	0	0	0	0	0	0	0	0	1	0	0
KIF5A	SPG11	0	1	0	0	0	0	0	0	0	0	0	0	0	0	0	0	0	0
KIF5A	REEP1	0	1	0	0	0	0	0	0	0	0	0	0	0	0	0	0	0	0
KIF5A	NEFH	0	0	0	0	0	0	0	0	0	0	0	0	1	0	0	0	0	0
KIF5A	SYT2	0	0	0	0	0	0	0	0	0	0	0	0	0	0	0	1	0	0
KIF5A	SIGMAR1	0	1	0	0	0	0	0	0	0	0	0	0	0	0	0	0	0	0
KIF5A	ALS2	0	1	0	0	0	0	0	0	0	0	0	0	0	0	0	0	0	0
KIF5A	KIF26B	0	0	0	0	0	0	0	0	0	0	0	0	1	0	0	0	0	0
KIF5A	SETX	0	1	0	0	0	0	0	0	0	0	0	0	0	0	0	0	0	0
KIF5A	PRPH	0	0	0	0	0	0	0	0	0	0	0	0	0	0	1	0	0	0
KIF5A	MAPT	0	0	0	0	0	0	0	0	0	0	0	0	1	0	0	1	0	0
KIF5A	KIF5A	1	0	0	0	0	0	0	0	0	0	0	0	0	0	0	0	0	0
NEK9	SPG11	0	0	0	0	0	0	0	0	0	0	0	0	0	0	1	0	0	0
NEK9	COQ7	0	0	0	0	0	0	0	0	0	0	0	0	0	0	0	1	0	0
NEK9	COX20	0	0	0	0	1	0	0	0	0	0	0	0	0	0	0	0	0	0
NEK9	ALS2	0	0	0	0	0	0	0	0	0	0	0	0	0	0	1	0	0	0
NEK9	LAS1L	0	0	0	0	0	0	0	0	0	0	0	0	0	0	1	0	0	0
NEK9	SETX	0	0	0	1	0	0	1	1	0	0	1	0	0	0	0	0	0	0
NEK9	DYNC1H1	0	0	0	0	0	0	0	0	0	0	0	1	0	0	0	0	0	0
NEK9	GBF1	0	0	1	1	0	0	0	0	0	0	1	0	0	0	0	0	0	0
NEK9	FIG4	0	0	0	0	0	0	0	0	0	0	0	0	0	0	0	0	0	1
NEK9	FUS	0	0	0	0	0	0	0	0	1	0	0	0	0	0	0	0	0	0
NEK9	UBA1	0	0	0	0	0	0	0	0	0	0	0	0	0	0	0	1	0	0
NEK9	GLE1	0	0	1	0	0	1	0	0	0	0	0	1	0	0	0	0	0	0
NEK9	TARDBP	0	0	0	0	0	1	0	0	1	0	0	0	0	0	0	0	0	0
NEK9	ADCY6	0	0	0	0	0	0	0	0	0	1	0	0	0	0	0	0	0	0
NEK9	PRUNE1	0	0	0	0	0	0	0	0	1	0	0	0	0	0	0	0	0	0
NEK9	ATXN2	0	0	0	0	0	0	0	0	0	0	0	0	0	0	1	0	0	0
NEK9	FBXO38	0	0	0	0	0	0	0	0	0	0	0	1	0	0	0	0	0	0
NEK9	NEK9	1	0	0	0	0	0	0	0	0	0	0	0	0	0	0	0	0	0
TBK1	GARS1	0	0	0	0	0	0	0	0	0	0	1	0	0	0	0	0	0	0
TBK1	SPG11	0	1	0	0	0	0	0	0	0	0	0	0	0	0	0	0	0	0
TBK1	NEFH	0	1	0	0	0	0	0	0	0	0	0	0	0	0	0	0	0	0
TBK1	CHCHD10	0	1	0	0	0	0	0	0	0	0	0	0	0	0	0	0	0	0
TBK1	SLC25A46	0	0	0	0	0	0	0	0	0	0	0	0	0	0	1	0	0	0
TBK1	SIGMAR1	0	1	0	0	0	0	0	0	0	0	0	0	0	0	0	0	0	0
TBK1	C9orf72	0	1	0	0	0	0	0	0	0	0	0	0	0	0	0	0	0	0
TBK1	ALS2	0	1	0	0	0	0	0	0	0	0	0	0	0	0	0	0	0	0
TBK1	SETX	0	0	0	0	0	0	0	0	0	0	0	0	0	0	1	0	0	0
TBK1	MATR3	0	1	0	0	0	0	0	0	0	0	0	0	0	0	0	0	0	0
TBK1	FIG4	0	1	0	0	0	0	0	0	0	0	0	0	0	0	0	0	0	0
TBK1	PRPH	0	1	0	0	0	0	0	0	0	0	0	0	0	0	0	0	0	0
TBK1	CHMP2B	0	1	0	0	0	0	0	0	0	0	0	0	0	0	1	0	0	0
TBK1	FUS	0	1	0	0	0	0	0	0	0	0	0	0	0	0	0	0	0	0
TBK1	SPTLC1	0	0	0	0	0	0	0	0	0	0	0	0	0	0	1	0	0	0
TBK1	ADPRHL2	0	0	0	0	0	1	0	0	0	0	0	0	0	0	0	0	0	0
TBK1	RBM7	0	0	0	0	0	0	0	0	0	0	0	0	0	0	1	0	0	0
TBK1	TARDBP	0	1	0	0	0	0	0	0	0	0	0	0	0	0	0	0	0	0
TBK1	HNRNPA1	0	1	0	0	0	0	0	0	0	0	1	0	0	1	0	0	0	0
TBK1	ATXN2	0	1	0	0	0	0	0	0	0	0	0	0	0	0	0	0	0	0
TBK1	FBXO38	0	0	0	0	0	0	0	0	0	1	0	0	0	1	0	0	0	0
TBK1	MAPT	0	1	0	0	0	0	0	0	0	0	0	0	0	0	0	0	0	0
TBK1	EXOSC9	0	0	0	0	1	0	0	0	0	0	0	0	0	0	0	0	0	0
TBK1	SOD1	0	1	0	0	0	0	0	0	0	0	0	0	0	0	0	0	0	0
TBK1	TBK1	1	0	0	0	0	0	0	0	0	0	0	0	0	0	0	0	0	0
PIP5K1C	LRP10	0	0	0	0	0	0	0	0	0	1	0	0	0	0	0	0	0	0
PIP5K1C	REEP1	0	0	0	0	0	0	0	1	0	0	1	0	1	0	0	0	0	0
PIP5K1C	KIF26B	0	0	0	0	0	0	0	0	0	0	0	0	1	0	0	0	0	0
PIP5K1C	DYNC1H1	0	0	0	0	0	0	0	0	0	1	0	0	0	0	0	0	0	0
PIP5K1C	VWA1	0	0	0	0	0	0	0	0	0	0	0	0	0	1	0	0	0	0
PIP5K1C	ADCY6	0	1	0	0	0	0	0	0	0	0	0	0	0	0	0	0	0	0
PIP5K1C	EMILIN1	0	0	0	0	0	0	0	1	0	0	0	0	1	0	0	0	0	0
PIP5K1C	PRUNE1	0	0	0	0	0	0	0	0	0	0	0	0	0	1	0	0	0	0
PIP5K1C	ATXN2	0	0	0	0	0	0	0	0	0	0	0	0	0	1	0	0	0	0
PIP5K1C	HSPB8	0	0	0	0	1	0	0	1	0	0	0	0	1	0	0	0	0	0
PIP5K1C	MAPT	0	0	0	0	0	0	0	0	0	0	0	0	1	0	0	0	0	0
PIP5K1C	NEK9	0	0	0	0	1	0	0	1	0	0	1	0	1	0	0	0	0	0
VCP	GARS1	0	0	0	0	0	0	0	0	0	0	0	0	0	0	1	0	0	0
VCP	SPG11	0	1	0	0	0	0	0	0	0	0	0	0	0	0	0	0	0	0
VCP	LRP10	0	0	0	0	1	0	0	0	0	0	0	0	0	0	0	0	0	0
VCP	REEP1	0	1	0	0	0	0	0	0	0	0	0	0	0	0	0	0	0	0
VCP	NEFH	0	1	0	0	0	0	0	0	0	0	0	0	0	0	0	0	0	0
VCP	ZBTB42	0	0	0	0	0	0	0	0	0	0	0	1	0	0	0	0	0	0
VCP	CHCHD10	0	1	0	0	0	0	0	0	0	0	0	0	0	0	0	0	0	0
VCP	PLEKHG5	0	1	0	0	0	0	0	0	0	0	0	0	0	0	0	0	0	0
VCP	SLC25A46	1	0	0	0	0	0	0	0	0	0	0	0	0	0	0	0	0	0
VCP	SIGMAR1	0	1	0	0	0	0	0	0	0	1	0	0	1	0	0	0	0	1
VCP	C9orf72	0	1	0	0	0	0	0	0	0	0	0	0	0	0	0	0	0	0
VCP	ALS2	1	1	1	0	0	0	0	0	0	0	0	0	0	0	0	0	0	0
VCP	LAS1L	0	0	0	0	0	0	0	0	0	0	0	0	0	0	0	0	1	0
VCP	SETX	0	1	0	0	0	0	0	0	1	0	0	0	0	0	0	0	0	0
VCP	DYNC1H1	0	0	0	0	0	1	0	0	0	0	0	1	0	0	0	0	0	0
VCP	MATR3	0	1	0	0	0	0	0	0	0	0	0	0	0	0	0	0	0	0
VCP	GBF1	1	0	0	0	0	0	0	0	0	0	0	0	0	0	1	0	0	0
VCP	PRPH	0	1	0	0	0	0	0	0	0	0	0	0	0	0	0	0	0	0
VCP	CHMP2B	0	1	1	0	0	0	0	0	0	0	0	0	0	0	0	0	0	0
VCP	FUS	1	1	0	0	0	0	0	0	0	0	0	0	0	0	0	0	0	0
VCP	SPTLC1	0	0	0	0	1	0	0	0	0	0	0	0	0	0	0	0	0	0
VCP	ADPRHL2	0	0	0	0	0	0	0	0	0	0	0	0	0	1	0	1	0	0
VCP	UBA1	0	0	0	0	0	0	0	0	0	0	0	0	0	0	1	0	0	0
VCP	TARDBP	1	1	0	0	0	0	0	0	0	0	0	0	0	0	0	0	0	0
VCP	HNRNPA1	1	1	0	0	1	0	0	0	0	0	0	0	0	0	0	0	0	0
VCP	ASAH1	0	0	0	0	0	0	0	0	1	0	0	0	0	0	0	0	0	0
VCP	HINT1	0	0	0	0	0	0	0	0	0	0	0	0	0	0	1	0	0	0
VCP	ATXN2	0	1	0	0	0	0	0	0	0	0	0	0	0	0	0	0	0	0
VCP	FBXO38	0	0	0	0	0	0	0	1	0	0	0	0	0	0	0	0	0	0
VCP	HSPB8	0	1	0	0	0	0	0	0	0	0	0	0	0	0	0	0	0	0
VCP	MAPT	0	1	0	0	0	0	0	0	0	0	0	0	0	0	0	0	0	0
VCP	SOD1	1	1	1	0	0	0	1	0	0	0	0	0	0	0	0	0	0	0
VCP	CAPN1	0	0	0	0	0	0	0	0	0	0	0	0	0	0	0	0	1	0
VCP	TBK1	0	1	0	0	1	0	0	0	1	0	0	0	0	0	0	0	0	0
VCP	VCP	1	0	0	0	0	0	0	0	0	0	0	0	0	0	0	0	0	0
VRK1	SPG11	0	1	0	0	0	0	0	0	0	0	0	0	0	0	0	0	0	0
VRK1	NEFH	1	0	0	0	0	0	0	0	0	0	0	0	0	0	0	0	0	0
VRK1	ZBTB42	1	0	0	0	0	0	0	0	0	0	0	0	0	0	0	0	0	0
VRK1	COQ7	0	0	0	0	0	0	1	0	0	0	0	0	0	0	0	0	0	0
VRK1	SIGMAR1	0	0	0	0	0	0	0	0	0	0	0	0	1	0	0	0	0	0
VRK1	ALS2	0	1	0	0	0	0	0	0	0	0	0	0	0	0	0	0	0	0
VRK1	DYNC1H1	0	1	0	0	0	0	0	0	0	0	0	0	0	0	0	0	0	0
VRK1	SPTLC1	0	0	0	0	0	0	0	0	0	0	0	0	0	1	0	0	0	0
VRK1	EXOSC3	0	1	0	0	0	0	0	0	0	0	0	0	0	0	0	0	1	0
VRK1	EXOSC9	0	0	0	0	0	0	0	0	0	0	0	0	0	0	1	0	0	0
VRK1	VRK1	1	0	0	0	0	0	0	0	0	0	0	0	0	0	0	0	0	0
NEK1	SPG11	0	0	0	0	0	0	0	0	0	0	0	0	0	0	1	0	0	0
NEK1	ALS2	1	0	0	0	0	0	0	0	0	0	0	0	0	0	1	0	0	0
NEK1	DYNC1H1	0	0	0	0	0	0	0	0	0	0	0	0	0	0	0	1	0	0
NEK1	FIG4	0	0	0	0	0	0	0	0	0	0	0	0	0	0	1	0	0	0
NEK1	ATXN2	0	0	0	0	0	1	0	0	0	0	0	0	0	0	0	0	0	0
NEK1	NEK9	0	0	0	0	0	0	0	0	0	0	0	0	0	0	1	0	0	0
NEK1	NEK1	1	0	0	0	0	0	0	0	0	0	0	0	0	0	0	0	0	0
EXOSC8	ALS2	0	0	0	0	0	0	0	0	0	0	1	0	0	0	0	0	0	0
EXOSC8	LAS1L	0	0	0	0	0	0	0	0	1	0	0	1	0	0	0	0	0	0
EXOSC8	FUS	0	0	0	0	0	0	0	0	0	0	0	0	0	0	1	0	0	0
EXOSC8	RBM7	1	0	0	0	0	0	0	0	0	0	0	0	0	0	0	0	0	0
EXOSC8	TARDBP	0	0	0	0	0	0	0	0	0	0	1	0	0	1	0	0	0	0
EXOSC8	EXOSC3	1	1	0	0	0	0	0	0	0	0	0	0	0	0	0	0	0	0
EXOSC8	EXOSC9	1	0	0	0	0	0	0	0	0	0	0	0	0	0	1	0	0	0
EXOSC8	VRK1	0	1	0	0	0	0	0	0	0	0	0	0	0	0	0	0	0	0
EXOSC8	EXOSC8	1	0	0	0	0	0	0	0	0	0	0	0	0	0	0	0	0	0
HSPB1	SPG11	0	1	0	0	0	0	0	0	0	0	0	0	0	0	0	0	0	0
HSPB1	REEP1	0	1	0	0	0	0	0	0	0	0	0	0	0	0	0	0	0	0
HSPB1	IGHMBP2	0	1	0	0	0	0	0	0	0	0	0	0	0	0	0	0	0	0
HSPB1	CHCHD10	0	1	0	0	0	0	0	0	0	0	0	0	0	0	0	0	0	0
HSPB1	PLEKHG5	0	1	0	0	0	0	0	0	0	0	0	0	0	1	0	0	0	0
HSPB1	MYH14	0	1	0	0	0	0	0	0	0	0	0	0	0	0	0	0	0	0
HSPB1	SYT2	0	1	0	0	0	0	0	0	0	0	0	0	0	0	0	0	0	0
HSPB1	SIGMAR1	0	1	0	0	0	0	0	0	0	0	0	0	0	0	0	0	0	0
HSPB1	SETX	0	1	0	0	0	0	0	0	0	0	0	0	0	0	0	0	0	0
HSPB1	DYNC1H1	0	1	0	0	0	0	0	0	0	0	0	0	0	0	0	0	0	0
HSPB1	SPTLC1	0	1	0	0	0	0	0	0	0	0	0	0	0	0	0	0	0	0
HSPB1	ADPRHL2	1	0	0	0	0	0	0	0	0	0	0	0	0	0	0	0	0	0
HSPB1	VWA1	0	0	0	0	0	0	0	0	0	0	0	0	1	0	0	0	0	0
HSPB1	TARDBP	1	0	0	0	0	0	0	0	0	0	0	0	0	0	0	0	0	0
HSPB1	HNRNPA1	1	0	0	0	0	0	0	0	0	0	0	0	0	0	0	0	0	0
HSPB1	EMILIN1	0	0	0	0	0	0	0	0	0	0	0	0	1	0	0	0	0	0
HSPB1	AARS	0	1	0	0	0	0	0	0	0	0	0	0	0	0	0	0	0	0
HSPB1	HINT1	0	1	0	0	0	0	0	0	0	0	0	0	0	0	0	0	0	0
HSPB1	DNAJB2	0	1	0	0	0	0	0	0	0	0	0	0	0	0	0	0	0	0
HSPB1	SLC5A7	0	1	0	0	0	0	0	0	0	0	0	0	0	0	0	0	0	0
HSPB1	FBXO38	0	1	0	0	0	0	0	0	0	0	0	0	0	0	0	0	0	0
HSPB1	HSPB8	1	1	0	0	0	0	0	0	0	0	0	0	0	1	0	0	0	0
HSPB1	HSPB3	0	1	0	0	0	0	0	0	0	0	0	0	0	0	0	0	0	0
HSPB1	VCP	1	1	0	0	0	0	0	0	0	0	0	0	0	0	0	0	0	0
HSPB1	HSPB1	1	0	0	0	0	0	0	0	0	0	0	0	0	0	0	0	0	0
VAPB	NEFH	0	1	0	0	0	0	0	0	0	0	0	0	0	0	0	0	0	0
VAPB	CHCHD10	0	1	0	0	0	0	0	0	0	0	0	0	0	0	0	0	0	0
VAPB	COQ7	0	0	0	0	0	0	0	1	0	0	0	1	0	0	0	0	0	0
VAPB	SLC25A46	0	0	0	0	0	0	0	0	0	0	0	0	0	0	1	0	0	0
VAPB	SIGMAR1	0	0	0	0	1	0	0	0	0	0	0	0	0	0	0	0	0	0
VAPB	C9orf72	0	1	0	0	0	0	0	0	0	0	0	0	0	0	0	0	0	0
VAPB	SETX	0	0	0	0	0	0	0	0	1	0	0	0	0	0	0	0	0	0
VAPB	DYNC1H1	0	0	0	0	0	0	0	0	0	0	0	0	0	0	1	0	0	0
VAPB	MATR3	0	1	0	0	0	0	0	0	0	0	0	0	0	0	0	0	0	0
VAPB	GBF1	0	0	0	1	0	0	0	0	0	0	1	0	0	0	0	0	0	0
VAPB	FIG4	0	1	0	1	0	0	0	0	0	0	0	0	0	0	0	0	0	0
VAPB	ASCC1	0	0	0	0	1	1	0	0	0	0	0	1	0	0	0	0	0	0
VAPB	PRPH	0	1	0	0	0	0	0	0	0	0	0	0	0	0	0	0	0	0
VAPB	CHMP2B	0	1	0	0	0	0	0	0	0	0	0	0	0	0	0	0	0	0
VAPB	FUS	0	1	0	0	0	0	0	0	0	0	0	0	0	0	0	0	0	0
VAPB	UBA1	0	0	0	0	0	0	0	0	0	0	1	0	0	0	0	0	0	0
VAPB	GLE1	0	0	0	0	0	0	0	0	0	1	0	1	0	0	0	0	0	0
VAPB	TARDBP	0	1	0	0	0	0	0	0	0	0	0	0	0	0	0	0	0	0
VAPB	HNRNPA1	0	1	0	0	0	0	0	0	0	0	0	0	0	0	0	0	0	0
VAPB	DNAJB2	0	0	0	0	0	0	0	0	0	0	0	0	0	1	0	0	0	0
VAPB	PRUNE1	0	0	0	0	0	0	0	0	0	0	0	0	0	0	1	0	0	0
VAPB	ATXN2	0	1	0	0	0	0	0	0	0	0	0	0	0	0	0	0	0	0
VAPB	FBXO38	0	0	0	1	0	0	0	0	0	0	1	0	1	0	0	0	0	0
VAPB	SOD1	0	1	0	0	0	0	0	0	0	0	0	0	0	0	0	0	0	0
VAPB	NEK9	0	0	0	0	0	0	0	0	0	0	0	1	0	0	0	0	0	0
VAPB	TBK1	0	1	0	0	0	0	0	0	0	0	0	0	0	0	0	0	0	0
VAPB	VCP	1	1	0	0	0	0	0	0	0	0	0	0	0	0	0	0	0	0
VAPB	VAPB	1	0	0	0	0	0	0	0	0	0	0	0	0	0	0	0	0	0
ANXA11	LRP10	0	0	0	0	0	0	0	0	0	0	0	0	0	0	1	0	0	0
ANXA11	GBF1	0	0	0	0	0	0	0	1	0	0	0	0	0	0	0	0	0	0
ANXA11	GLE1	0	0	0	0	0	0	0	0	0	0	0	0	0	1	0	0	0	0
ANXA11	HEXB	0	0	0	0	0	0	0	0	0	0	0	0	1	0	0	0	0	0
ANXA11	HINT1	0	0	0	0	0	0	0	0	0	0	0	1	1	0	0	0	0	0
ANXA11	DNAJB2	0	0	0	0	0	0	0	0	0	0	0	0	0	0	0	0	1	0
ANXA11	PRUNE1	0	0	0	0	0	0	0	0	0	1	0	0	0	0	0	0	0	0
ANXA11	SOD1	0	0	0	0	0	0	0	0	0	1	0	1	0	1	0	0	0	0
ANXA11	CAPN1	0	0	0	0	0	0	0	0	0	0	0	0	0	0	1	0	0	0
ANXA11	PIP5K1C	0	0	0	0	0	0	0	0	0	0	0	0	0	0	0	0	0	1
ANXA11	VCP	0	0	0	0	0	0	1	0	0	0	0	1	0	0	0	0	0	0
SMN1	SPG11	0	1	0	0	0	0	0	0	0	0	0	0	0	0	0	0	0	0
SMN1	IGHMBP2	0	1	0	0	0	0	0	0	0	0	0	0	0	0	0	0	0	0
SMN1	CHCHD10	0	1	0	0	0	0	0	0	0	0	0	0	0	0	0	0	0	0
SMN1	PLEKHG5	0	1	0	0	0	0	0	0	0	0	0	0	0	0	0	0	0	0
SMN1	SIGMAR1	0	1	0	0	0	0	0	0	0	0	0	0	0	0	0	0	0	0
SMN1	SETX	1	0	0	0	0	0	0	0	0	0	0	0	0	0	0	0	0	0
SMN1	HNRNPA1	1	0	0	0	0	0	0	0	0	0	0	0	0	0	0	0	0	0
SMN1	ASAH1	0	1	0	0	0	0	0	0	0	0	0	0	0	0	0	0	0	0
SMN1	HINT1	0	1	0	0	0	0	0	0	0	0	0	0	0	0	0	0	0	0
SMN1	DNAJB2	0	1	0	0	0	0	0	0	0	0	0	0	0	0	0	0	0	0
SMN1	SLC5A7	0	1	0	0	0	0	0	0	0	0	0	0	0	0	0	0	0	0
SMN1	FBXO38	0	1	0	0	0	0	0	0	0	0	0	0	0	0	0	0	0	0
SMN1	HSPB3	0	1	0	0	0	0	0	0	0	0	0	0	0	0	0	0	0	0
SMN1	KIF5A	1	0	0	0	0	0	0	0	0	0	0	0	0	0	0	0	0	0
SMN1	TBK1	0	1	0	0	0	0	0	0	0	0	0	0	0	0	0	0	0	0
SMN1	VRK1	0	1	0	0	0	0	0	0	0	0	0	0	0	0	0	0	0	0
SMN1	HSPB1	1	1	0	0	0	0	0	0	0	0	0	0	0	0	0	0	0	0
SMN1	VAPB	0	1	0	0	0	0	0	0	0	0	0	0	0	0	0	0	0	0
SMN1	SMN1	1	0	0	0	0	0	0	0	0	0	0	0	0	0	0	0	0	0
UBQLN2	LRP10	0	0	0	0	0	0	0	0	0	1	0	0	0	0	0	0	0	0
UBQLN2	NEFH	0	1	0	0	0	0	0	0	0	0	0	0	0	0	0	0	0	0
UBQLN2	CHCHD10	0	1	0	0	0	0	0	0	0	0	0	0	0	0	0	0	0	0
UBQLN2	SLC25A46	0	0	0	0	0	0	0	0	0	0	0	1	0	0	0	0	0	0
UBQLN2	SIGMAR1	0	0	0	1	0	0	0	0	0	0	1	0	0	1	0	0	0	0
UBQLN2	C9orf72	0	1	0	0	0	0	0	0	0	0	0	0	0	0	0	0	0	0
UBQLN2	ALS2	0	1	0	0	0	0	0	0	0	0	0	0	0	0	0	0	0	0
UBQLN2	SETX	0	0	0	0	0	0	0	1	1	0	0	0	1	0	0	0	0	0
UBQLN2	DYNC1H1	0	0	0	0	0	0	0	0	0	0	0	0	0	0	1	0	0	0
UBQLN2	MATR3	0	1	0	0	0	0	0	0	0	0	0	0	0	0	0	0	0	0
UBQLN2	FIG4	0	1	0	0	0	0	0	0	0	0	0	0	0	0	0	0	0	0
UBQLN2	ASCC1	0	0	0	0	0	0	0	0	0	0	0	1	0	0	0	0	0	0
UBQLN2	PRPH	0	1	0	0	0	0	0	0	0	0	0	0	0	0	0	0	0	0
UBQLN2	CHMP2B	0	1	0	0	0	0	0	0	0	0	0	0	0	1	0	0	0	0
UBQLN2	FUS	0	1	0	0	0	0	0	0	0	0	0	0	0	0	0	0	0	0
UBQLN2	SPTLC1	0	0	0	0	0	0	1	0	1	0	0	0	0	0	0	0	0	0
UBQLN2	UBA1	0	0	1	1	0	0	0	0	0	0	0	0	0	1	0	1	0	0
UBQLN2	GLE1	0	0	0	0	0	0	0	0	0	1	0	0	0	0	0	0	0	0
UBQLN2	RBM7	0	0	0	0	0	1	0	0	0	0	0	0	0	0	0	0	0	0
UBQLN2	TARDBP	1	1	0	0	0	1	0	0	0	0	0	0	0	0	0	0	0	0
UBQLN2	HNRNPA1	1	1	0	0	0	0	0	0	0	0	0	0	0	0	0	0	0	0
UBQLN2	ADCY6	0	0	0	0	0	0	0	0	0	0	0	0	0	0	0	1	0	0
UBQLN2	PRUNE1	0	0	0	0	0	0	0	0	0	0	0	0	0	0	1	0	0	0
UBQLN2	ATXN2	0	1	0	0	0	0	0	0	0	0	0	0	0	0	0	1	1	0
UBQLN2	MAPT	0	1	0	0	0	0	0	0	0	0	0	0	0	0	0	0	0	0
UBQLN2	SOD1	0	1	0	0	0	0	0	0	0	0	0	0	0	0	0	0	0	0
UBQLN2	NEK9	0	0	0	0	1	0	0	0	0	0	0	0	1	0	0	0	0	0
UBQLN2	TBK1	0	1	0	0	0	0	0	0	0	0	0	0	0	0	0	0	0	0
UBQLN2	VCP	0	1	1	1	0	0	0	0	0	0	0	0	0	0	0	0	0	0
UBQLN2	VAPB	0	1	0	0	0	0	0	0	0	0	0	0	0	0	1	0	0	0
UBQLN2	UBQLN2	1	0	0	0	0	0	0	0	0	0	0	0	0	0	0	0	0	0
BICD2	REEP1	0	1	0	0	0	0	0	0	0	0	0	0	0	0	0	0	0	0
BICD2	PLEKHG5	0	1	0	0	0	0	0	0	0	0	0	0	0	1	0	0	0	0
BICD2	DYNC1H1	1	1	0	0	0	0	0	0	0	0	0	0	0	0	0	0	0	0
BICD2	GBF1	0	0	0	0	0	0	0	0	0	1	0	0	0	0	0	0	0	0
BICD2	UBA1	0	0	0	0	0	0	0	0	0	0	0	1	0	0	0	0	0	0
BICD2	TARDBP	0	0	0	0	0	0	0	0	0	0	0	0	0	0	0	1	0	0
BICD2	ATP7A	0	0	0	0	0	0	0	0	0	0	0	0	0	0	0	0	0	1
BICD2	DNAJB2	0	1	0	0	0	0	0	0	0	0	0	0	0	0	0	0	0	0
BICD2	ATXN2	0	0	0	0	0	0	0	0	0	0	0	0	0	0	1	0	0	0
BICD2	FBXO38	0	1	0	0	0	0	0	0	0	0	0	0	0	0	0	0	0	0
BICD2	HSPB8	0	0	0	0	0	0	0	1	0	0	0	0	0	0	0	0	0	0
BICD2	HSPB3	0	1	0	0	0	0	0	0	0	0	0	0	0	0	0	0	0	0
BICD2	CAPN1	0	0	0	0	0	0	0	0	0	0	0	0	0	0	0	0	0	1
BICD2	NEK9	1	0	0	0	0	0	0	0	0	0	0	0	0	0	1	0	0	0
BICD2	TBK1	0	0	1	0	0	0	0	0	0	0	0	0	0	0	0	0	0	0
BICD2	PIP5K1C	0	0	0	0	1	1	0	1	0	0	0	0	1	0	0	1	0	0
BICD2	HSPB1	0	1	0	0	0	0	0	0	0	0	0	0	0	1	0	0	0	0
BICD2	UBQLN2	0	0	0	0	1	0	0	0	0	0	0	0	0	0	0	0	0	0
BICD2	BICD2	1	0	0	0	0	0	0	0	0	0	0	0	0	0	0	0	0	0
MCM3AP	SPG11	0	0	0	0	0	0	0	0	0	0	0	0	0	0	1	0	0	0
MCM3AP	COQ7	0	0	0	0	0	0	0	0	0	0	0	0	0	0	0	1	0	0
MCM3AP	SLC25A46	0	0	0	0	0	0	0	0	0	0	0	0	1	0	0	0	0	0
MCM3AP	ALS2	0	0	0	0	0	0	0	0	1	0	0	0	0	0	0	0	0	0
MCM3AP	LAS1L	0	0	0	0	0	1	1	0	0	0	0	0	0	1	0	0	0	0
MCM3AP	SETX	0	0	0	0	0	0	0	0	0	0	0	0	0	0	1	0	0	0
MCM3AP	DYNC1H1	0	0	0	0	0	1	0	0	0	0	0	0	0	0	0	0	1	0
MCM3AP	GBF1	0	0	0	0	0	0	0	0	0	0	0	0	0	0	1	0	0	0
MCM3AP	FUS	0	0	0	0	0	0	0	0	0	0	0	0	0	0	1	0	0	0
MCM3AP	UBA1	0	0	0	0	0	1	0	1	0	0	0	0	0	0	0	1	0	0
MCM3AP	TARDBP	0	0	0	0	0	0	1	0	1	0	0	0	0	0	0	0	0	0
MCM3AP	ATXN2	0	0	0	0	0	0	0	0	0	0	0	0	0	1	0	1	0	0
MCM3AP	FBXO38	0	0	0	0	0	0	0	0	0	0	0	0	0	0	1	0	0	0
MCM3AP	EXOSC9	0	0	0	0	0	0	0	0	1	0	0	0	0	0	0	0	0	0
MCM3AP	NEK9	0	0	0	0	0	0	0	0	0	0	0	0	0	0	1	0	0	0
MCM3AP	TBK1	0	0	1	0	0	0	0	0	0	0	0	0	0	0	0	0	0	0
MCM3AP	VAPB	0	0	0	0	1	0	0	0	0	0	0	0	1	0	0	0	0	0
MCM3AP	BICD2	0	0	0	0	0	0	0	0	0	0	0	1	0	0	0	0	1	0
ANG	NEFH	0	1	0	0	0	0	0	0	0	0	0	0	0	0	0	0	0	0
ANG	CHCHD10	0	1	0	0	0	0	0	0	0	0	0	0	0	0	0	0	0	0
ANG	C9orf72	0	1	0	0	0	0	0	0	0	0	0	0	0	0	0	0	0	0
ANG	MATR3	0	1	0	0	0	0	0	0	0	0	0	0	0	0	0	0	0	0
ANG	FIG4	0	1	0	0	0	0	0	0	0	0	0	0	0	0	0	0	0	0
ANG	PRPH	0	1	0	0	0	0	0	0	0	0	0	0	0	0	0	0	0	0
ANG	CHMP2B	0	1	0	0	0	0	0	0	0	0	0	0	0	0	0	0	0	0
ANG	FUS	0	1	0	0	0	0	0	0	0	0	0	0	0	0	0	0	0	0
ANG	TARDBP	0	1	0	0	0	0	0	0	0	0	0	0	0	0	0	0	0	0
ANG	HNRNPA1	0	1	0	0	0	0	0	0	0	0	0	0	0	0	0	0	0	0
ANG	HEXB	0	0	0	0	0	0	0	0	0	0	0	0	0	1	0	0	0	0
ANG	ATXN2	0	1	0	0	0	0	0	0	0	0	0	0	0	0	0	0	0	0
ANG	SOD1	0	1	0	0	0	0	0	0	0	0	0	0	0	0	0	0	0	0
ANG	TBK1	0	1	0	0	0	0	0	0	0	0	0	0	0	0	0	0	0	0
ANG	VCP	0	1	0	0	0	0	0	0	0	0	0	0	0	0	0	0	0	0
ANG	HSPB1	1	0	0	0	0	0	0	0	0	0	0	0	0	0	0	0	0	0
ANG	VAPB	0	1	0	0	0	0	0	0	0	0	0	0	0	0	0	0	0	0
ANG	UBQLN2	0	1	0	0	0	0	0	0	0	0	0	0	0	0	0	0	0	0
SQSTM1	SPG11	0	1	0	0	0	0	0	0	0	0	0	0	0	0	0	0	0	0
SQSTM1	LRP10	0	0	0	1	0	0	0	0	0	1	1	0	0	0	0	0	0	0
SQSTM1	REEP1	0	1	0	0	0	0	0	0	0	0	0	0	0	0	0	0	0	0
SQSTM1	NEFH	0	1	0	0	0	0	0	0	0	0	0	0	0	0	0	0	0	0
SQSTM1	CHCHD10	0	1	0	0	0	0	0	0	0	0	0	0	0	0	0	0	0	0
SQSTM1	MYH14	0	0	1	0	0	0	0	0	0	0	0	0	0	0	0	0	0	0
SQSTM1	SIGMAR1	0	1	0	0	0	0	0	0	0	0	0	0	0	0	0	0	0	0
SQSTM1	C9orf72	0	1	0	0	0	0	0	0	0	0	0	0	0	0	0	0	0	0
SQSTM1	ALS2	0	1	0	0	0	0	0	0	0	0	0	0	0	0	0	0	0	0
SQSTM1	DYNC1H1	0	0	1	0	0	0	0	0	0	0	0	0	0	1	0	1	0	0
SQSTM1	MATR3	0	1	0	0	0	0	0	0	0	0	0	0	0	0	0	0	0	0
SQSTM1	FIG4	0	1	0	0	0	0	0	0	0	0	0	0	0	0	0	0	0	0
SQSTM1	ASCC1	0	0	0	1	0	0	0	1	0	0	1	0	0	0	0	0	0	0
SQSTM1	PRPH	0	1	0	0	0	0	0	0	0	0	0	0	0	0	0	0	0	0
SQSTM1	CHMP2B	1	1	0	0	0	0	0	0	0	0	0	0	0	0	0	0	0	0
SQSTM1	FUS	1	1	0	0	0	0	0	0	0	0	0	0	0	0	0	0	0	0
SQSTM1	UBA1	0	0	0	0	0	1	0	0	0	0	0	0	0	0	0	0	0	0
SQSTM1	RBM7	0	0	0	0	0	0	0	0	0	0	0	0	0	1	0	0	0	0
SQSTM1	TARDBP	1	1	0	0	0	0	0	0	0	0	0	0	0	0	0	0	0	0
SQSTM1	HNRNPA1	0	1	0	0	0	0	0	0	0	0	0	0	0	0	0	0	0	0
SQSTM1	HEXB	0	0	0	0	0	1	0	0	1	0	0	0	0	0	0	0	0	0
SQSTM1	DNAJB2	0	0	0	0	0	0	0	0	0	0	0	0	0	0	0	0	1	0
SQSTM1	PRUNE1	0	0	0	0	0	0	0	0	0	1	0	0	0	0	0	0	0	0
SQSTM1	ATXN2	0	1	0	0	0	0	0	0	0	0	0	0	0	0	0	0	0	0
SQSTM1	MAPT	1	1	0	0	0	0	0	0	0	0	0	0	0	0	0	0	0	0
SQSTM1	HSPB3	0	1	0	0	0	0	0	0	0	0	0	0	0	0	0	0	0	0
SQSTM1	SOD1	1	1	0	0	0	0	0	0	0	1	0	0	0	0	0	1	0	0
SQSTM1	TBK1	1	1	0	0	0	0	0	0	0	0	0	0	0	0	0	0	0	0
SQSTM1	VCP	0	1	1	0	0	0	0	0	0	0	0	0	0	0	0	0	0	0
SQSTM1	HSPB1	1	0	0	0	0	0	0	0	0	0	0	0	0	0	0	0	0	0
SQSTM1	VAPB	0	1	0	0	0	0	0	0	0	0	0	0	0	0	0	0	0	0
SQSTM1	ANXA11	0	0	0	0	0	0	0	0	0	0	0	0	0	0	0	0	1	1
SQSTM1	SMN1	0	1	0	0	0	0	0	0	0	0	0	0	0	0	0	0	0	0
SQSTM1	UBQLN2	0	1	0	0	0	0	0	0	0	1	0	0	0	0	0	0	0	0
SQSTM1	ANG	0	1	0	0	0	0	0	0	0	1	0	0	0	0	0	0	0	0
SQSTM1	SQSTM1	1	0	0	0	0	0	0	0	0	0	0	0	0	0	0	0	0	0
LRP12	SLC25A46	0	0	0	0	0	0	0	0	0	0	0	0	0	0	0	1	0	0
LRP12	SPTLC1	0	0	0	0	0	0	0	0	0	0	0	0	0	0	0	1	0	0
LRP12	EMILIN1	1	0	0	0	0	0	0	0	0	0	0	0	0	0	0	0	0	0
LRP12	ATP7A	0	0	0	0	0	0	0	0	1	0	0	0	0	0	0	0	0	0
LRP12	PRUNE1	0	0	0	0	0	0	0	0	0	0	0	0	1	0	0	0	0	0
LRP12	ATXN2	0	0	0	0	0	0	1	0	0	0	0	0	0	0	0	0	0	0
LRP12	BICD2	0	0	0	0	0	0	0	0	0	1	0	0	0	0	0	0	0	0
SPTAN1	SPG11	0	1	0	0	0	0	0	0	0	0	0	0	0	0	0	1	0	0
SPTAN1	IGHMBP2	0	0	0	0	0	0	0	0	0	0	0	0	0	0	0	0	1	0
SPTAN1	ALS2	0	0	0	0	0	0	0	1	0	0	0	0	0	0	0	0	0	0
SPTAN1	LAS1L	0	0	0	0	0	0	0	0	0	0	0	0	0	1	0	0	0	0
SPTAN1	DYNC1H1	0	1	0	0	0	0	0	0	0	0	0	0	0	0	1	0	0	0
SPTAN1	GBF1	0	0	0	0	0	0	0	0	1	1	0	0	0	0	0	0	0	1
SPTAN1	FUS	0	0	0	0	0	0	0	0	0	0	0	0	0	0	0	1	0	0
SPTAN1	UBA1	0	0	0	0	0	0	0	0	0	0	0	0	0	0	0	1	0	0
SPTAN1	ADCY6	0	0	1	0	0	0	0	0	0	0	0	0	0	0	0	0	0	0
SPTAN1	AARS	0	1	0	0	0	0	0	0	0	0	0	0	0	0	0	0	0	0
SPTAN1	DNAJB2	0	0	0	0	0	0	0	0	0	0	0	0	0	0	0	0	0	1
SPTAN1	EXOSC3	0	1	0	0	0	0	0	0	0	0	0	0	0	0	0	0	0	0
SPTAN1	ATXN2	0	0	0	0	0	0	0	1	0	0	1	0	0	0	0	1	0	0
SPTAN1	MAPT	1	0	0	0	0	0	0	0	0	0	0	0	0	0	0	0	0	0
SPTAN1	CAPN1	1	0	0	0	0	0	0	0	0	0	0	0	0	0	0	0	0	0
SPTAN1	NEK9	0	0	0	0	0	0	0	0	0	1	0	0	0	0	0	0	0	0
SPTAN1	PIP5K1C	0	0	0	0	0	1	0	0	0	0	0	0	0	1	0	0	0	0
SPTAN1	VCP	1	0	0	0	0	0	0	0	0	0	0	0	0	0	0	0	0	0
SPTAN1	NEK1	0	0	0	0	0	0	0	0	0	1	0	0	0	0	0	0	0	0
SPTAN1	ANXA11	0	0	0	0	0	1	0	0	0	0	0	0	0	0	0	0	0	0
SPTAN1	UBQLN2	0	0	0	0	0	0	0	0	0	0	0	0	0	0	0	1	0	0
SPTAN1	BICD2	0	0	0	0	1	1	0	0	0	0	0	0	0	0	0	0	1	0
SPTAN1	MCM3AP	0	0	0	0	0	0	0	0	0	0	0	0	0	0	0	1	1	0
DCTN1	SLC52A3	0	1	0	0	0	0	0	0	0	0	0	0	0	0	0	0	0	0
DCTN1	SPG11	0	1	0	0	0	1	0	0	1	0	0	0	0	0	0	0	0	0
DCTN1	LRP10	0	0	0	1	0	0	1	1	0	0	1	0	0	0	0	0	0	0
DCTN1	NEFH	0	1	0	0	0	0	0	0	0	0	0	0	0	0	0	0	0	0
DCTN1	ZBTB42	0	0	0	0	0	0	0	0	0	0	0	0	0	1	0	0	0	0
DCTN1	CHCHD10	0	1	0	0	0	0	0	0	0	0	0	0	0	0	0	0	0	0
DCTN1	SLC25A46	0	0	0	0	0	0	0	0	0	0	0	0	0	0	0	1	0	0
DCTN1	SIGMAR1	0	0	0	1	0	0	0	1	0	0	1	0	0	0	0	0	0	0
DCTN1	C9orf72	0	1	0	0	0	0	0	0	0	0	0	0	0	0	0	0	0	0
DCTN1	ALS2	0	0	0	0	0	0	1	0	0	0	0	1	0	0	0	0	0	0
DCTN1	LAS1L	0	0	0	0	0	1	0	0	0	0	0	0	0	0	0	0	0	0
DCTN1	DYNC1H1	1	0	0	0	0	0	0	0	0	0	0	0	0	0	1	0	0	0
DCTN1	MATR3	0	1	0	0	0	0	0	0	0	0	0	0	0	0	0	0	0	0
DCTN1	GBF1	0	0	0	0	0	0	0	0	0	0	0	0	0	0	1	0	0	0
DCTN1	FIG4	0	1	0	1	0	0	0	0	0	0	0	0	0	0	0	0	0	0
DCTN1	ASCC1	0	0	0	1	0	0	0	0	0	0	0	0	1	0	0	0	0	0
DCTN1	PRPH	0	1	0	0	0	0	0	0	0	0	0	0	0	0	0	0	0	0
DCTN1	CHMP2B	0	1	0	0	0	0	0	0	0	0	0	0	0	0	0	0	0	0
DCTN1	FUS	0	1	0	0	0	0	0	0	0	0	0	0	0	0	0	0	0	0
DCTN1	UBA1	0	0	0	0	0	0	0	0	0	0	0	0	0	0	1	0	0	0
DCTN1	TARDBP	0	1	0	0	0	0	0	0	0	0	0	0	0	0	0	0	0	0
DCTN1	HNRNPA1	0	1	0	0	0	0	0	0	0	0	0	0	0	0	0	0	0	0
DCTN1	ASAH1	0	0	0	0	0	0	0	0	1	0	0	0	0	0	0	0	0	0
DCTN1	ADCY6	0	0	0	0	0	0	0	0	0	0	0	0	0	1	0	0	0	0
DCTN1	HEXB	0	0	0	0	0	1	0	0	0	0	0	0	0	0	0	0	0	0
DCTN1	PRUNE1	0	0	0	0	0	0	0	0	0	1	1	0	0	0	0	0	0	0
DCTN1	ATXN2	0	1	0	0	0	0	0	0	0	0	0	0	0	0	0	0	0	0
DCTN1	SLC5A7	0	1	0	0	0	0	0	0	0	0	0	0	0	0	0	0	0	0
DCTN1	FBXO38	0	0	0	0	0	0	0	0	0	0	1	0	0	0	0	0	0	0
DCTN1	MAPT	1	1	0	0	0	0	0	0	0	0	0	0	0	0	0	0	0	0
DCTN1	SOD1	1	1	0	0	0	0	0	0	0	0	0	0	0	0	0	0	0	0
DCTN1	CAPN1	0	0	0	0	0	1	0	0	0	0	0	0	0	0	0	0	1	0
DCTN1	NEK9	0	0	1	0	0	0	1	0	0	1	1	0	0	0	0	0	0	0
DCTN1	TBK1	0	1	0	0	0	0	0	0	0	0	0	0	0	0	0	0	0	0
DCTN1	PIP5K1C	0	0	0	0	0	0	0	0	0	1	0	0	0	0	0	0	0	0
DCTN1	VCP	0	1	0	0	0	0	0	0	0	0	0	0	0	0	1	0	0	0
DCTN1	VAPB	0	1	0	0	0	0	0	1	0	1	1	0	1	0	0	0	0	0
DCTN1	UBQLN2	0	1	0	0	1	0	0	1	0	1	1	0	0	0	0	0	0	0
DCTN1	BICD2	1	0	0	0	0	0	0	0	0	1	0	0	0	0	0	0	0	0
DCTN1	MCM3AP	0	0	0	0	0	0	0	0	0	0	0	0	0	0	1	0	0	0
DCTN1	ANG	0	1	0	0	0	0	0	0	0	0	0	0	0	0	0	0	0	0
DCTN1	SQSTM1	0	1	0	1	0	1	0	0	0	0	0	0	0	0	0	0	0	0
DCTN1	SPTAN1	0	0	0	0	0	0	0	0	0	0	0	0	0	0	1	0	0	0
DCTN1	DCTN1	1	0	0	0	0	0	0	0	0	0	0	0	0	0	0	0	0	0
TUBA4A	SLC52A2	0	0	0	0	0	0	0	0	0	0	0	0	0	0	0	1	0	0
TUBA4A	C9orf72	0	1	0	0	0	0	0	0	0	0	0	0	0	0	0	0	0	0
TUBA4A	CHMP2B	0	1	0	0	0	0	0	0	0	0	0	0	0	0	0	0	0	0
TUBA4A	DNAJB2	0	0	0	0	0	0	0	0	0	0	0	0	0	0	0	1	0	1
TUBA4A	MAPT	1	1	0	0	0	0	0	0	0	0	0	0	0	0	0	0	0	0
TUBA4A	TBK1	0	1	0	0	0	0	0	0	0	0	0	0	0	0	0	0	0	0
TUBA4A	VCP	0	1	0	0	1	0	0	0	0	0	0	0	0	0	0	0	0	0
TUBA4A	HSPB1	1	0	0	0	0	0	0	0	0	0	0	0	0	1	0	0	0	0
TUBA4A	ANG	1	0	0	0	0	0	0	0	0	0	0	0	0	0	0	0	0	0
TUBA4A	SQSTM1	0	1	0	0	0	0	0	0	0	0	0	0	0	0	0	0	0	0
DNM2	SLC52A3	0	0	0	0	1	0	0	0	0	0	0	0	0	0	0	0	0	0
DNM2	SPG11	0	0	0	0	0	0	0	0	0	0	1	0	0	0	0	1	0	0
DNM2	SLC52A2	0	0	0	0	0	0	0	1	0	0	0	0	0	0	0	0	0	0
DNM2	IGHMBP2	0	1	0	0	0	0	0	0	0	0	0	0	0	0	0	0	0	0
DNM2	PLEKHG5	0	1	0	0	0	0	0	0	0	0	0	0	0	0	0	0	0	0
DNM2	COQ7	0	0	0	0	0	0	0	0	0	0	0	0	0	0	0	1	0	0
DNM2	MYH14	0	0	0	0	0	0	0	1	0	0	0	0	1	0	0	0	0	0
DNM2	LAS1L	0	0	0	0	0	0	1	0	0	0	0	0	0	0	0	0	0	0
DNM2	DYNC1H1	0	0	0	0	0	0	0	0	0	0	0	0	0	0	0	0	1	0
DNM2	GBF1	0	0	0	0	0	0	0	0	0	0	0	0	0	0	1	0	0	0
DNM2	UBA1	0	0	0	0	0	0	0	0	0	0	0	0	0	0	1	0	0	0
DNM2	TARDBP	0	0	0	0	0	0	0	0	0	0	0	0	0	1	0	0	0	0
DNM2	ADCY6	0	1	0	0	0	0	0	1	0	0	0	0	0	0	0	0	0	0
DNM2	AARS	0	1	0	0	0	0	0	0	0	0	0	0	0	0	0	0	0	0
DNM2	HINT1	0	0	0	0	0	0	0	0	0	0	0	1	0	0	0	0	0	0
DNM2	DNAJB2	0	1	0	0	0	0	0	0	0	0	0	0	0	0	0	0	0	0
DNM2	SORD	0	0	0	0	1	0	0	0	0	0	0	0	0	0	0	0	0	0
DNM2	ATXN2	0	0	0	0	0	0	0	0	0	0	0	0	0	0	0	1	0	0
DNM2	SLC5A7	0	1	0	0	0	0	0	0	0	0	0	0	0	0	0	0	0	0
DNM2	HSPB8	0	1	0	0	0	0	0	0	0	0	0	0	0	0	0	0	0	0
DNM2	HSPB3	0	1	0	0	0	0	0	0	0	0	0	0	0	0	0	0	0	0
DNM2	CAPN1	0	0	0	0	0	0	0	0	0	0	0	0	0	0	1	0	0	0
DNM2	NEK9	0	0	0	0	0	0	0	0	0	0	0	0	0	0	0	1	0	0
DNM2	PIP5K1C	0	0	0	0	0	0	1	0	0	0	0	0	0	0	0	0	0	0
DNM2	VCP	0	0	0	0	0	0	0	0	0	0	0	1	0	0	0	0	0	0
DNM2	HSPB1	0	1	0	0	0	0	0	0	0	0	0	0	0	0	0	0	0	0
DNM2	ANXA11	0	0	0	0	0	0	0	0	0	0	0	1	0	0	0	0	0	0
DNM2	SMN1	0	1	0	0	0	0	0	0	0	0	0	0	0	0	0	0	0	0
DNM2	MCM3AP	0	0	0	0	0	0	0	0	0	0	0	0	0	0	1	0	0	0
DNM2	ANG	0	0	0	0	1	0	0	0	0	0	0	0	0	0	0	0	0	0
DNM2	SPTAN1	0	0	0	0	0	0	0	0	0	0	0	0	0	0	0	1	0	0
DNM2	DCTN1	1	0	0	0	0	0	0	0	0	0	0	0	0	0	0	0	1	0
DNM2	DNM2	1	0	0	0	0	0	0	0	0	0	0	0	0	0	0	0	0	0
ERBB3	ADGRG6	0	0	0	1	0	0	0	0	0	0	0	0	0	0	0	0	0	0
ERBB3	ZBTB42	0	1	0	0	0	0	0	0	0	0	0	0	0	0	0	0	0	0
ERBB3	MYH14	0	0	0	0	0	0	0	0	0	0	0	0	0	0	1	0	0	0
ERBB3	VWA1	0	0	0	0	0	0	0	0	0	1	0	0	0	0	0	0	0	0
ERBB3	ADCY6	0	0	0	0	0	0	0	0	0	0	0	0	1	0	0	0	0	0
ERBB3	MYBPC1	0	0	0	0	0	0	1	0	0	0	0	0	0	0	0	0	0	0
ERBB3	ATP7A	0	0	0	0	0	0	0	0	0	0	0	0	0	0	0	0	0	1
ERBB3	SORD	0	0	0	0	1	0	0	0	0	0	0	0	0	0	0	0	0	0
ERBB3	PRUNE1	0	0	0	0	0	1	0	0	0	0	0	0	0	0	0	0	0	0
ERBB3	MAPT	0	0	0	0	0	0	0	0	0	0	0	0	0	0	0	1	0	0
ERBB3	TUBA4A	1	0	0	0	0	0	0	0	0	0	0	0	0	0	0	0	0	0
ERBB3	DNM2	0	0	0	0	0	0	0	0	0	0	0	0	1	0	0	0	0	0
ERBB3	ERBB3	1	0	0	0	0	0	0	0	0	0	0	0	0	0	0	0	0	0
PFN1	GARS1	0	0	0	0	0	0	0	0	0	0	0	1	0	0	0	0	0	0
PFN1	SLC52A2	0	0	0	0	0	0	0	0	0	0	0	0	0	0	1	0	0	0
PFN1	NEFH	0	1	0	0	0	0	0	0	0	0	0	0	0	0	0	0	0	0
PFN1	CHCHD10	0	1	0	0	0	0	0	0	0	0	0	0	0	0	0	0	0	0
PFN1	SIGMAR1	0	0	0	0	0	0	0	0	0	0	0	0	0	0	1	0	0	0
PFN1	C9orf72	0	1	0	0	0	0	0	0	0	0	0	0	0	0	0	0	0	0
PFN1	MATR3	0	1	0	0	0	0	0	0	0	0	0	0	0	0	0	0	0	0
PFN1	FIG4	0	1	0	0	0	0	0	0	0	0	0	0	0	0	0	0	0	0
PFN1	PRPH	0	1	0	0	0	0	0	0	0	0	0	0	0	0	0	0	0	0
PFN1	CHMP2B	0	1	0	0	0	0	0	0	0	0	0	0	0	0	0	0	0	0
PFN1	FUS	1	1	0	0	0	0	0	0	0	0	0	0	0	0	0	1	0	0
PFN1	ADPRHL2	0	0	0	0	0	0	0	0	0	0	0	0	0	1	0	0	0	0
PFN1	UBA1	0	0	0	0	0	0	0	0	0	0	0	0	0	0	1	0	0	0
PFN1	GLE1	0	0	0	0	0	0	0	0	0	0	0	0	0	1	0	0	0	0
PFN1	VWA1	0	0	0	0	0	0	0	0	0	0	0	0	0	0	0	0	0	1
PFN1	TARDBP	0	1	0	0	0	0	0	0	0	0	0	0	0	0	0	0	0	0
PFN1	HNRNPA1	1	1	0	0	0	0	0	0	0	0	0	0	0	0	0	0	0	0
PFN1	SORD	0	0	0	0	0	0	0	0	0	0	0	0	0	0	0	1	0	0
PFN1	ATXN2	0	1	0	0	0	0	0	0	0	0	0	0	0	0	0	0	0	0
PFN1	SOD1	1	1	0	0	0	0	0	0	0	0	0	0	0	0	0	0	0	0
PFN1	TBK1	0	1	0	0	0	0	0	0	0	0	0	0	0	0	0	0	0	0
PFN1	VCP	0	1	0	0	0	0	0	0	0	0	0	0	0	0	1	0	0	0
PFN1	VAPB	0	1	0	0	0	0	0	0	0	0	0	0	0	0	0	0	0	0
PFN1	UBQLN2	0	1	0	0	0	0	0	0	0	0	0	0	0	0	0	1	0	0
PFN1	ANG	0	1	0	0	0	0	0	0	0	0	0	0	0	0	0	0	0	0
PFN1	SQSTM1	0	1	0	0	0	0	0	0	0	0	0	0	0	0	0	0	0	0
PFN1	SPTAN1	0	0	0	0	0	0	0	0	0	0	0	0	0	0	0	1	0	0
PFN1	DCTN1	0	1	0	0	0	0	0	0	0	0	0	0	0	0	0	0	0	0
PFN1	DNM2	1	0	0	0	0	1	0	0	0	0	0	0	0	0	0	0	0	0
PFN1	PFN1	1	0	0	0	0	0	0	0	0	0	0	0	0	0	0	0	0	0
TTN	MYH14	0	0	0	0	0	0	0	0	0	0	0	1	0	0	0	0	0	0
TTN	TARDBP	1	0	0	0	0	0	0	0	0	0	0	0	0	0	0	0	0	0
TTN	MYBPC1	1	0	1	0	0	0	0	0	0	0	0	0	0	1	0	0	0	0
TTN	DNAJB2	0	1	0	0	0	0	0	0	0	0	0	0	0	0	0	0	0	0
TTN	HSPB8	0	0	0	0	0	0	0	0	0	0	0	1	0	0	0	0	0	0
TTN	HSPB3	0	1	0	0	0	0	0	0	0	0	0	1	0	1	0	0	0	0
TTN	NEK9	1	0	0	0	0	0	0	0	0	0	0	0	0	0	0	0	0	0
TTN	SQSTM1	1	0	0	0	0	0	0	0	0	0	0	0	0	0	0	0	0	0
TTN	DNM2	0	1	0	0	0	0	0	0	0	0	0	0	0	0	0	0	0	0
TTN	TTN	1	0	0	0	0	0	0	0	0	0	0	0	0	0	0	0	0	0
CNTNAP1	ZBTB42	0	1	0	0	0	0	0	0	0	0	0	0	0	0	0	0	0	0
CNTNAP1	VWA1	0	0	0	0	0	0	0	0	0	0	0	0	1	0	0	0	0	0
CNTNAP1	ADCY6	0	1	0	0	0	0	0	0	0	0	0	0	0	0	0	0	0	0
CNTNAP1	EMILIN1	0	0	0	0	0	1	0	0	0	0	0	0	1	0	0	0	0	1
CNTNAP1	DNM2	0	1	0	0	0	0	0	0	0	0	0	0	0	0	0	0	0	0
TRIP4	SPG11	0	0	0	0	0	0	0	0	0	0	0	0	0	0	1	0	0	0
TRIP4	SLC25A46	0	0	0	0	0	0	0	0	0	0	0	0	1	0	0	0	0	0
TRIP4	ALS2	0	0	0	0	1	0	1	0	0	0	0	0	0	0	0	0	0	0
TRIP4	GBF1	0	0	0	0	0	0	0	0	0	0	0	0	1	0	0	0	0	0
TRIP4	FIG4	0	0	0	0	0	0	0	1	0	1	0	0	0	0	0	0	0	0
TRIP4	ASCC1	1	0	0	0	0	0	0	0	0	0	0	0	0	0	0	0	0	0
TRIP4	CHMP2B	0	0	0	0	0	0	0	0	0	0	0	0	0	1	0	0	0	0
TRIP4	FUS	1	0	0	0	0	0	0	0	0	0	0	0	0	0	0	0	0	0
TRIP4	SPTLC1	0	0	0	0	0	0	1	0	0	0	0	0	1	1	0	0	0	0
TRIP4	UBA1	0	0	0	0	0	0	0	0	0	0	0	0	1	0	0	1	0	0
TRIP4	GLE1	0	0	0	0	0	0	0	0	0	0	0	0	0	0	1	0	0	0
TRIP4	HEXB	0	0	0	0	1	0	0	0	0	0	0	0	0	0	0	0	0	0
TRIP4	EXOSC3	0	0	0	0	0	0	0	1	0	1	1	0	0	0	0	0	0	0
TRIP4	ATXN2	0	0	0	0	0	0	0	0	0	0	0	0	0	0	0	1	0	0
TRIP4	FBXO38	0	0	0	0	1	0	1	0	0	0	0	0	0	0	0	0	0	0
TRIP4	EXOSC9	0	0	1	0	1	0	0	0	0	0	0	0	0	0	0	0	0	0
TRIP4	SOD1	1	0	0	0	0	0	0	0	0	0	0	0	0	0	0	0	0	0
TRIP4	CAPN1	1	0	0	0	0	0	0	0	0	0	0	0	0	0	0	0	0	0
TRIP4	NEK9	0	0	0	0	0	0	0	0	0	0	0	0	0	0	0	1	0	0
TRIP4	PIP5K1C	0	0	0	0	0	1	0	0	0	0	0	0	0	0	0	0	0	0
TRIP4	VRK1	0	0	1	0	0	0	1	0	0	0	0	0	0	0	0	0	0	0
TRIP4	EXOSC8	0	0	0	0	0	0	0	0	0	0	0	0	0	0	0	1	0	0
TRIP4	UBQLN2	0	0	0	0	0	0	1	0	0	0	0	0	0	1	0	0	0	0
TRIP4	BICD2	0	0	0	0	0	1	0	0	0	0	0	0	0	0	0	0	0	0
TRIP4	MCM3AP	0	0	0	0	0	0	0	0	0	0	0	0	0	0	0	1	0	0
TRIP4	SQSTM1	1	0	0	0	0	0	0	0	0	0	0	0	0	0	0	0	0	0
TRIP4	SPTAN1	0	0	0	0	0	0	0	0	0	0	0	0	0	0	0	1	0	0
TRIP4	TUBA4A	1	0	0	0	0	0	0	0	0	0	0	0	0	0	0	0	0	0
TRIP4	DNM2	0	0	0	0	0	0	0	0	0	0	0	0	0	0	0	1	0	0
TRIP4	TRIP4	1	0	0	0	0	0	0	0	0	0	0	0	0	0	0	0	0	0
AR	COQ7	0	0	0	0	0	0	0	0	0	0	0	1	0	0	0	0	0	0
AR	SORD	0	0	0	0	0	1	0	0	0	0	0	0	0	0	0	0	0	0
AR	PRUNE1	0	0	0	0	0	0	0	0	0	0	0	1	0	0	0	0	0	0
AR	MAPT	0	0	0	0	0	0	0	0	0	0	0	0	1	0	0	0	0	0
AR	KIF5A	0	0	0	0	0	0	0	0	0	0	0	0	1	0	0	0	0	0
AR	VCP	1	0	0	0	0	0	0	0	0	0	0	0	0	0	0	0	0	0
AR	TRIP4	1	0	0	0	0	0	0	0	0	0	0	0	0	0	0	0	0	0
AR	AR	1	0	0	0	0	0	0	0	0	0	0	0	0	0	0	0	0	0
OPTN	NEFH	0	1	0	0	0	0	0	0	0	0	0	0	0	0	0	0	0	0
OPTN	CHCHD10	0	1	0	0	0	0	0	0	0	0	0	0	0	0	0	0	0	0
OPTN	C9orf72	0	1	0	0	0	0	0	0	0	0	0	0	0	0	0	0	0	0
OPTN	MATR3	0	1	0	0	0	0	0	0	0	0	0	0	0	0	0	0	0	0
OPTN	FIG4	0	1	0	0	0	0	0	0	0	0	0	0	0	0	0	0	0	0
OPTN	PRPH	0	1	0	0	0	0	0	0	0	0	0	0	0	0	0	0	0	0
OPTN	CHMP2B	0	1	0	0	1	0	0	0	0	0	0	0	0	0	0	0	0	0
OPTN	FUS	0	1	0	0	0	0	0	0	0	0	0	0	0	0	0	0	0	0
OPTN	TARDBP	0	1	0	0	0	0	0	0	0	0	0	0	0	0	0	0	0	0
OPTN	HNRNPA1	0	1	0	0	0	0	0	0	0	0	0	0	0	0	0	0	0	0
OPTN	ASAH1	0	0	0	0	0	0	0	0	0	0	0	0	0	0	0	0	1	0
OPTN	DNAJB2	0	0	0	0	0	0	0	0	0	0	0	0	0	0	0	0	1	0
OPTN	PRUNE1	0	0	0	0	0	0	0	0	0	1	0	0	0	0	0	0	0	0
OPTN	ATXN2	0	1	0	0	0	0	0	0	0	0	0	0	0	0	0	0	0	0
OPTN	HSPB8	0	0	0	0	0	0	0	0	0	0	0	0	0	1	0	0	0	0
OPTN	SOD1	1	1	0	0	0	0	0	0	0	0	0	0	0	1	0	0	0	0
OPTN	TBK1	1	1	0	0	0	0	0	0	0	0	0	0	0	0	0	0	0	0
OPTN	VCP	1	1	0	0	0	0	0	0	0	0	0	0	0	0	0	0	0	0
OPTN	HSPB1	1	0	0	0	0	0	0	0	0	0	0	0	0	0	0	0	0	0
OPTN	VAPB	0	1	0	0	0	0	0	0	0	0	0	0	0	0	0	0	0	0
OPTN	ANXA11	0	0	0	0	0	0	0	0	0	0	0	1	0	1	0	0	1	0
OPTN	UBQLN2	0	1	0	0	0	0	0	0	0	0	0	0	0	0	0	0	0	0
OPTN	ANG	0	1	0	0	0	0	0	0	0	0	0	0	0	0	0	0	0	0
OPTN	SQSTM1	1	1	0	0	0	0	0	0	0	1	0	1	0	0	0	0	1	0
OPTN	DCTN1	0	1	0	0	0	0	0	0	0	0	0	1	0	0	0	0	0	0
OPTN	PFN1	0	1	0	0	0	0	0	0	0	0	0	0	0	0	0	0	0	0
OPTN	TTN	1	0	0	0	0	0	0	0	0	0	0	0	0	0	0	0	0	0
OPTN	OPTN	1	0	0	0	0	0	0	0	0	0	0	0	0	0	0	0	0	0
TRPV4	IGHMBP2	0	1	0	0	0	0	0	0	0	0	0	0	0	0	0	0	0	0
TRPV4	PLEKHG5	0	1	0	0	0	0	0	0	0	0	0	0	0	0	0	0	0	0
TRPV4	AARS	0	1	0	0	0	0	0	0	0	0	0	0	0	0	0	0	0	0
TRPV4	HSPB8	0	1	0	0	0	0	0	0	0	0	0	0	0	0	0	0	0	0
TRPV4	CAPN1	0	0	0	0	0	0	1	0	0	0	0	0	0	0	0	0	0	0
TRPV4	KIF5A	0	0	0	0	0	0	1	0	0	0	0	0	0	0	0	0	0	0
TRPV4	BICD2	0	1	0	0	0	0	0	0	0	0	0	0	0	0	0	0	0	0
TRPV4	DNM2	0	1	0	0	0	0	0	0	0	0	0	0	0	0	0	0	0	0
TRPV4	CNTNAP1	0	1	0	0	0	0	0	0	0	0	0	0	0	0	0	0	0	0
TRPV4	TRPV4	1	0	0	0	0	0	0	0	0	0	0	0	0	0	0	0	0	0
ERBB4	REEP1	0	0	0	0	0	0	0	0	0	0	0	1	0	0	0	0	0	0
ERBB4	NEFH	0	1	0	0	0	0	0	0	0	0	0	0	0	0	0	0	0	0
ERBB4	CHCHD10	0	1	0	0	0	0	0	0	0	0	0	0	0	0	0	0	0	0
ERBB4	MYH14	0	0	0	0	0	0	0	0	0	0	0	1	0	0	0	0	0	0
ERBB4	C9orf72	0	1	0	0	0	0	0	0	0	0	0	0	0	0	0	0	0	0
ERBB4	MATR3	0	1	0	0	0	0	0	0	0	0	0	0	0	0	0	0	0	0
ERBB4	FIG4	0	1	0	0	0	0	0	0	0	0	0	0	0	0	0	0	0	0
ERBB4	PRPH	0	1	0	0	0	0	0	0	0	0	0	0	0	0	0	0	0	0
ERBB4	CHMP2B	0	1	0	0	0	0	0	0	0	0	0	0	0	0	0	0	0	0
ERBB4	FUS	0	1	0	0	0	0	0	0	0	0	0	0	0	0	0	0	0	0
ERBB4	TARDBP	0	1	0	0	0	0	0	0	0	0	0	0	0	0	0	0	0	0
ERBB4	HNRNPA1	0	1	0	0	0	0	0	0	0	0	0	0	0	0	0	0	0	0
ERBB4	ASAH1	0	0	0	0	0	0	0	0	0	0	0	1	0	0	0	0	0	0
ERBB4	MYBPC1	0	0	0	0	0	0	1	0	0	0	0	0	0	0	0	0	0	0
ERBB4	HEXB	0	0	0	0	0	0	0	0	0	0	0	0	0	1	0	0	0	0
ERBB4	PRUNE1	0	0	0	0	0	0	0	0	0	0	0	1	0	0	0	0	0	0
ERBB4	ATXN2	0	1	0	0	0	0	0	0	0	0	0	0	0	0	0	0	0	0
ERBB4	HSPB3	0	0	0	0	0	0	0	0	0	0	0	1	0	0	0	0	0	0
ERBB4	SOD1	0	1	0	0	0	0	0	0	0	0	0	0	0	0	0	0	0	0
ERBB4	TBK1	0	1	0	0	0	0	0	0	0	0	0	0	0	0	0	0	0	0
ERBB4	VCP	0	1	0	0	0	0	0	0	0	0	0	0	0	0	0	0	0	0
ERBB4	VAPB	0	1	0	0	0	0	0	0	0	0	0	0	0	0	0	0	0	0
ERBB4	UBQLN2	0	1	0	0	0	0	0	0	0	0	0	0	0	0	0	0	0	0
ERBB4	ANG	0	1	0	0	0	0	0	0	0	0	0	0	0	1	0	0	0	0
ERBB4	SQSTM1	0	1	0	0	0	0	0	0	0	0	0	0	0	0	0	0	0	0
ERBB4	DCTN1	0	1	0	0	0	0	0	0	0	0	0	0	0	0	0	0	0	0
ERBB4	ERBB3	1	0	0	0	0	0	1	0	0	0	0	0	0	0	0	0	0	0
ERBB4	PFN1	0	1	0	0	0	0	0	0	0	0	0	0	0	0	0	0	0	0
ERBB4	TTN	0	0	0	0	0	0	0	0	0	0	0	1	0	0	0	0	0	0
ERBB4	OPTN	0	1	0	0	0	0	0	0	0	0	0	0	0	0	0	0	0	0
ERBB4	ERBB4	1	0	0	0	0	0	0	0	0	0	0	0	0	0	0	0	0	0
