V1	V2	ppi.tsv	MP.tsv	HP.tsv	coex_HRV.tsv	coex_CLT.tsv	coex_STM.tsv	coex_VGN.tsv	coex_ITI.tsv	coex_ATA.tsv	coex_EMC.tsv	coex_PRS.tsv	coex_CLS.tsv	coex_KDN.tsv
POMT1	FKRP	0	0	1	0	0	0	0	0	0	0	0	0	0
POPDC3	ANO5	0	0	0	1	0	0	0	0	0	0	0	0	0
SMCHD1	DUX4	0	0	1	0	0	0	0	0	0	0	0	0	0
POMGNT1	FKRP	0	0	1	0	0	0	0	0	0	0	0	0	1
POMGNT1	ANO5	0	0	0	0	0	0	0	0	0	0	0	0	1
POMGNT1	POMT1	0	0	1	0	0	0	1	0	0	1	0	0	0
BVES	POPDC3	0	0	0	1	0	0	0	0	0	0	0	0	0
GGPS1	GGPS1	1	0	0	0	0	0	0	0	0	0	0	0	0
POMGNT2	FKRP	0	0	1	0	0	0	0	0	0	1	0	0	1
POMGNT2	POMT1	0	0	1	0	0	0	0	0	0	0	0	0	0
POMGNT2	POMGNT1	0	0	1	0	0	0	0	0	0	0	0	0	0
POMGNT2	BVES	0	0	0	0	1	0	1	1	0	0	0	1	0
TMEM43	POGLUT1	0	0	0	0	0	0	1	0	0	0	0	0	0
TMEM43	PYROXD1	0	0	0	0	0	0	1	0	0	0	0	0	0
TRAPPC11	FKRP	0	0	1	0	0	0	0	0	0	0	0	0	0
TRAPPC11	POMT1	0	0	1	0	0	0	0	0	0	0	0	0	0
TRAPPC11	SMCHD1	0	0	0	0	0	0	0	0	0	0	0	1	0
TRAPPC11	POMGNT1	0	0	1	0	0	0	0	0	0	0	0	0	0
TRAPPC11	GGPS1	0	0	0	0	0	0	1	0	0	1	0	0	0
TRAPPC11	TRAPPC11	1	0	0	0	0	0	0	0	0	0	0	0	0
PLEC	TMEM43	0	0	0	0	0	0	0	0	0	0	0	0	1
FRG1	FKRP	0	0	1	0	0	0	0	0	0	0	0	0	0
FRG1	DUX4	0	0	1	0	0	0	0	0	0	0	0	0	0
FRG1	SMCHD1	0	0	1	0	0	0	0	0	0	0	0	0	0
FRG1	GGPS1	0	0	0	0	1	0	1	0	0	1	0	0	0
FRG1	PYROXD1	0	0	0	0	0	0	1	0	0	0	0	0	0
FRG1	TMEM43	0	0	0	0	0	0	1	0	0	0	1	0	0
FRG1	TRAPPC11	0	0	0	0	0	0	1	1	0	1	0	0	0
LRIF1	SMCHD1	1	0	0	0	0	0	0	0	0	0	0	0	0
LRIF1	LRIF1	1	0	0	0	0	0	0	0	0	0	0	0	0
SCRN1	POPDC3	1	0	0	0	0	0	0	0	0	0	0	0	0
SCRN1	SMCHD1	0	0	0	0	0	0	1	0	0	0	0	0	0
SCRN1	BVES	0	0	0	0	1	0	0	0	0	0	0	1	0
SCRN1	POMGNT2	0	0	0	0	1	1	0	0	0	0	0	1	0
SCRN1	TMEM43	0	0	0	0	0	1	0	0	1	0	0	0	0
COL6A3	BVES	0	0	0	0	0	0	1	0	0	0	0	0	0
COL6A3	TMEM43	0	0	0	0	1	0	0	0	0	0	0	0	0
HNRNPDL	ANO5	0	0	1	0	0	0	0	0	0	0	0	0	0
HNRNPDL	FRG1	0	0	1	0	0	0	0	0	0	0	0	0	0
TOR1AIP1	BVES	0	0	0	0	1	0	0	1	0	0	0	1	0
TOR1AIP1	POMGNT2	0	0	0	0	1	0	0	1	0	0	0	1	0
TOR1AIP1	TMEM43	0	0	0	0	0	1	0	1	0	0	1	0	0
TOR1AIP1	TRAPPC11	0	0	0	0	0	0	0	0	0	0	1	0	0
TOR1AIP1	FRG1	0	0	0	0	0	0	0	0	0	0	1	0	0
HMGCR	HMGCR	1	0	0	0	0	0	0	0	0	0	0	0	0
CCT2	CRPPA	1	0	0	0	0	0	0	0	0	0	0	0	0
CCT2	FRG1	0	0	0	0	0	0	0	0	0	1	0	0	0
SYNE2	TMEM43	0	0	1	0	0	0	0	0	0	0	0	0	0
SYNE2	HNRNPDL	0	0	1	0	0	0	0	0	0	0	0	0	0
LAMA2	FKRP	0	0	1	0	0	0	0	0	0	0	0	0	0
LAMA2	FRG1	0	0	1	0	0	0	0	0	0	0	0	0	0
LAMA2	COL6A3	0	0	1	0	0	0	0	0	0	1	0	0	0
POMK	FKRP	0	0	1	0	0	0	0	0	0	0	0	0	0
POMK	POMT1	1	0	1	0	0	0	0	0	0	0	0	0	0
POMK	POMGNT1	1	0	1	0	0	0	0	0	0	0	0	0	0
POMK	POMGNT2	0	0	1	0	0	0	0	0	0	0	0	0	0
POMK	LAMA2	0	0	1	0	0	0	0	0	0	0	0	0	0
EMD	FKRP	0	0	0	0	0	0	0	1	0	0	0	0	0
EMD	TMEM43	0	0	1	0	0	0	0	0	0	0	0	0	0
EMD	SCRN1	0	0	0	0	0	0	0	1	0	0	0	0	0
EMD	HNRNPDL	0	0	0	0	1	0	0	0	0	0	0	0	0
EMD	SYNE2	1	0	0	0	0	0	0	0	0	0	0	0	0
EMD	EMD	1	0	0	0	0	0	0	0	0	0	0	0	0
LMNA	SMCHD1	1	0	0	0	0	0	0	0	0	0	0	0	0
LMNA	TMEM43	1	0	0	0	0	0	0	0	0	0	0	0	0
LMNA	PLEC	0	0	1	0	0	0	0	0	0	0	0	0	0
LMNA	COL6A3	0	0	1	0	0	0	0	0	0	0	0	0	0
LMNA	TOR1AIP1	1	0	0	0	0	0	0	0	0	0	0	0	0
LMNA	EMD	1	0	0	0	0	0	0	0	0	1	0	0	0
LMNA	LMNA	1	0	0	0	0	0	0	0	0	0	0	0	0
COL6A1	BVES	0	0	0	0	1	0	0	1	0	0	0	0	0
COL6A1	POMGNT2	0	0	0	0	1	0	0	1	0	0	1	1	0
COL6A1	SCRN1	0	0	0	0	1	0	0	0	0	0	0	0	0
COL6A1	COL6A3	1	0	1	0	0	0	0	0	0	0	0	0	0
COL6A1	HNRNPDL	0	0	1	0	0	0	0	0	0	0	0	0	0
COL6A1	TOR1AIP1	0	0	0	0	1	0	0	1	0	0	0	0	0
COL6A1	LMNA	0	0	1	0	0	0	0	0	0	0	0	0	0
SGCA	FKRP	0	0	1	0	0	0	0	0	0	0	0	0	0
SGCA	ANO5	0	0	1	0	0	0	0	0	0	1	0	0	0
SGCA	POMT1	0	0	1	0	0	0	0	0	0	0	0	0	0
SGCA	BVES	0	0	0	0	1	0	1	1	0	1	1	0	0
SGCA	POMGNT2	0	0	0	0	1	0	1	1	0	0	0	1	0
SGCA	TRAPPC11	0	0	1	0	0	0	0	0	0	0	0	0	0
SGCA	FRG1	0	0	1	0	0	0	0	0	0	0	0	0	0
SGCA	COL6A3	0	1	1	0	0	1	0	0	0	0	0	0	0
SGCA	HNRNPDL	0	0	1	0	0	0	0	0	0	0	0	0	0
SGCA	TOR1AIP1	0	0	0	0	0	0	0	1	0	0	0	0	0
SGCA	SYNE2	0	0	1	0	0	0	0	0	0	0	0	0	0
SGCA	LMNA	0	0	1	0	0	0	0	0	0	0	0	0	0
SGCA	COL6A1	0	0	1	0	0	0	0	0	0	0	0	0	0
DES	POMGNT2	0	0	0	0	0	0	0	1	0	0	1	0	0
DES	TMEM43	0	0	1	0	0	0	0	0	0	0	0	0	0
DES	FRG1	0	0	1	0	0	0	0	0	0	0	0	0	0
DES	COL6A3	0	0	1	0	0	1	1	0	0	0	0	0	0
DES	HNRNPDL	0	0	1	0	0	0	0	0	0	0	0	0	0
DES	SYNE2	0	0	1	0	0	0	0	0	0	0	0	0	0
DES	EMD	0	1	0	0	0	0	0	0	0	0	0	0	0
DES	LMNA	0	0	1	0	0	0	0	0	0	0	0	0	0
DES	COL6A1	0	0	1	0	1	1	0	1	0	0	0	1	0
DES	SGCA	0	1	1	0	0	0	0	0	0	0	0	0	0
DES	DES	1	0	0	0	0	0	0	0	0	0	0	0	0
FLNC	POMGNT2	0	0	0	0	0	0	1	1	0	0	0	0	0
FLNC	COL6A3	0	1	0	0	0	0	1	0	0	0	0	0	0
FLNC	HNRNPDL	0	0	1	0	0	0	0	0	0	0	0	0	0
FLNC	SYNE2	0	0	1	0	0	0	0	0	0	0	0	0	0
FLNC	COL6A1	0	0	0	0	1	1	1	1	0	0	0	1	0
FLNC	SGCA	0	0	1	0	0	0	0	0	0	0	0	0	0
FLNC	DES	0	0	1	0	0	0	0	0	0	0	0	0	0
FLNC	FLNC	1	0	0	0	0	0	0	0	0	0	0	0	0
FHL1	BVES	0	0	0	0	1	0	1	1	0	1	1	0	0
FHL1	POMGNT2	0	0	0	0	0	0	0	1	0	0	0	0	0
FHL1	TMEM43	0	0	1	0	0	0	0	1	0	0	0	0	0
FHL1	COL6A3	0	0	1	0	0	1	0	0	0	0	0	0	0
FHL1	HNRNPDL	0	0	1	0	0	0	0	0	0	0	0	0	0
FHL1	TOR1AIP1	0	0	0	0	1	0	0	1	0	0	0	0	0
FHL1	EMD	0	0	1	0	0	0	0	0	0	0	0	0	0
FHL1	LMNA	1	0	1	0	0	0	0	0	0	0	0	0	0
FHL1	COL6A1	0	0	1	0	0	0	0	0	0	0	0	0	0
FHL1	SGCA	0	0	1	0	0	0	0	0	0	0	0	0	0
FHL1	DES	0	0	1	0	0	0	0	0	0	0	0	0	0
FHL1	FLNC	0	0	1	0	0	0	0	0	0	0	0	0	0
FHL1	FHL1	1	0	0	0	0	0	0	0	0	0	0	0	0
DMD	FKRP	0	0	1	0	0	0	0	0	0	0	0	0	0
DMD	ANO5	0	0	0	0	0	0	0	0	0	1	0	0	0
DMD	POMGNT2	0	0	0	0	0	0	0	1	0	0	0	1	0
DMD	SCRN1	0	0	0	0	1	0	0	0	0	0	0	1	0
DMD	TOR1AIP1	0	0	0	0	1	0	0	1	0	0	0	1	0
DMD	SYNE2	0	0	1	0	0	0	0	0	0	0	0	0	0
DMD	LMNA	0	0	1	0	0	0	0	0	0	0	0	0	0
DMD	COL6A1	0	0	0	0	1	0	1	1	0	1	0	1	0
DMD	SGCA	0	0	1	0	1	0	0	1	0	1	1	0	0
DMD	DES	0	0	1	0	1	0	1	1	0	0	0	1	0
DMD	FLNC	0	0	1	0	0	0	0	0	0	0	0	0	0
DMD	FHL1	0	0	1	0	0	0	0	0	0	0	0	0	0
DMD	DMD	1	0	0	0	0	0	0	0	0	0	0	0	0
GMPPB	FKRP	0	0	1	0	0	0	0	0	0	0	0	0	0
GMPPB	POMT1	0	0	1	0	0	0	0	0	0	0	0	0	0
GMPPB	POMGNT1	0	0	1	0	0	0	0	0	0	0	0	0	0
GMPPB	POMGNT2	0	0	1	0	0	0	0	0	0	0	0	0	0
GMPPB	TRAPPC11	0	0	1	0	0	0	0	0	0	0	0	0	0
GMPPB	HMGCR	0	0	0	0	1	0	0	0	0	0	0	0	0
GMPPB	LAMA2	0	0	1	0	0	0	0	0	0	0	0	0	0
GMPPB	POMK	0	0	1	0	0	0	0	0	0	0	0	0	0
GMPPB	LMNA	1	0	0	0	0	0	0	0	0	0	0	0	0
GMPPB	GMPPB	1	0	0	0	0	0	0	0	0	0	0	0	0
POMT2	FKRP	0	0	1	0	0	0	0	0	0	0	0	0	1
POMT2	POMT1	1	0	1	0	0	0	0	0	0	0	0	0	0
POMT2	POMGNT1	0	0	1	0	0	0	0	0	0	0	0	0	0
POMT2	POGLUT1	0	0	0	0	0	1	0	0	0	1	0	0	0
POMT2	POMGNT2	0	0	1	0	0	0	0	0	0	0	0	0	0
POMT2	TRAPPC11	0	0	1	0	0	0	0	0	0	0	0	0	0
POMT2	SYNE2	0	0	0	0	0	0	0	0	0	0	0	0	1
POMT2	LAMA2	0	0	1	0	0	0	0	0	0	0	0	0	0
POMT2	POMK	0	0	1	0	0	0	0	0	0	0	0	0	0
POMT2	GMPPB	0	0	1	0	0	0	0	0	0	0	0	0	0
DPM3	FHL1	0	0	1	0	0	0	0	0	0	0	0	0	0
DNAJB6	ANO5	0	0	1	0	0	0	0	0	0	0	0	0	0
DNAJB6	GGPS1	0	0	0	0	0	0	0	1	0	0	0	0	0
DNAJB6	TMEM43	0	0	0	0	0	0	0	0	0	0	1	0	0
DNAJB6	FRG1	0	0	1	0	0	0	0	0	0	0	0	0	0
DNAJB6	HNRNPDL	0	0	1	0	0	0	0	0	0	0	0	0	0
DNAJB6	SGCA	0	0	1	0	0	0	0	0	0	0	0	0	0
DNAJB6	FLNC	0	0	1	0	0	0	0	0	0	0	0	0	0
DNAJB6	FHL1	0	0	1	0	0	0	0	0	0	0	0	0	0
DNAJB6	DMD	0	0	1	0	0	0	0	0	0	0	0	0	0
DNAJB6	POMT2	0	1	0	0	0	0	0	0	0	0	0	0	0
DNAJB6	DPM3	0	0	1	0	0	0	0	0	0	0	0	0	0
DNAJB6	DNAJB6	1	0	0	0	0	0	0	0	0	0	0	0	0
TNPO3	TRAPPC11	0	0	0	0	1	0	0	1	0	0	1	0	0
TNPO3	FRG1	0	0	0	0	0	0	0	0	0	0	1	0	0
TNPO3	TNPO3	1	0	0	0	0	0	0	0	0	0	0	0	0
LIMS2	BVES	0	0	0	0	1	0	1	1	0	0	0	1	0
LIMS2	GGPS1	0	0	0	0	0	0	0	0	0	0	0	0	1
LIMS2	POMGNT2	0	0	0	0	0	0	0	1	0	0	1	1	0
LIMS2	SCRN1	0	0	0	0	1	0	0	0	0	0	0	1	0
LIMS2	COL6A3	0	0	0	0	0	1	0	0	0	0	0	0	0
LIMS2	TOR1AIP1	0	0	0	0	1	0	0	1	0	0	0	0	0
LIMS2	LMNA	1	0	0	0	0	0	0	0	0	0	0	0	0
TRIM32	SMCHD1	0	0	1	0	0	0	0	0	0	0	0	0	0
TRIM32	TMEM43	0	0	0	0	0	0	0	0	0	0	1	0	0
TRIM32	FRG1	0	0	0	0	0	0	0	0	0	0	1	0	0
TRIM32	COL6A3	0	1	0	0	0	0	0	0	0	0	0	0	0
TRIM32	TOR1AIP1	0	0	0	0	0	0	0	0	0	0	1	0	0
TRIM32	LMNA	0	0	1	0	0	0	0	0	0	0	0	0	0
TRIM32	SGCA	0	0	1	0	0	0	0	0	0	0	0	0	0
TRIM32	DNAJB6	0	0	1	0	0	0	0	0	0	0	0	0	0
TRIM32	TNPO3	0	0	0	0	0	0	0	0	0	0	0	1	0
TRIM32	TRIM32	1	0	0	0	0	0	0	0	0	0	0	0	0
TCAP	CACNA1S	0	0	0	0	0	0	0	0	0	0	1	0	0
TCAP	COL6A3	0	1	0	0	0	0	0	0	0	0	0	0	0
TCAP	EMD	0	1	0	0	0	0	0	0	0	0	0	0	0
TCAP	LMNA	0	0	1	0	0	0	0	0	0	0	0	0	0
TCAP	SGCA	0	1	0	0	0	0	0	0	0	0	0	0	0
TCAP	DES	0	1	1	1	0	0	0	0	0	0	0	0	0
TCAP	FLNC	0	0	1	0	0	0	0	0	0	0	0	0	0
TCAP	FHL1	0	1	1	0	0	0	0	0	0	0	0	0	0
TCAP	DMD	0	0	1	0	0	0	0	0	0	0	0	0	0
TCAP	DPM3	0	0	1	0	0	0	0	0	0	0	0	0	0
TCAP	DNAJB6	0	0	1	0	0	0	0	0	0	0	0	0	0
TCAP	TRIM32	0	1	0	0	0	0	0	0	0	0	0	0	0
DYSF	ANO5	0	0	1	0	0	0	0	0	0	0	0	0	0
DYSF	BVES	0	0	0	0	0	0	1	0	0	0	1	0	0
DYSF	POMGNT2	0	0	0	0	0	0	1	1	0	0	0	0	0
DYSF	COL6A3	1	1	0	0	1	0	1	1	0	0	0	0	0
DYSF	HNRNPDL	0	0	1	0	0	0	0	0	0	0	0	0	0
DYSF	TOR1AIP1	0	0	0	0	0	0	0	1	0	0	0	0	0
DYSF	COL6A1	0	0	0	0	0	0	0	1	0	1	0	1	0
DYSF	SGCA	0	1	1	0	0	0	0	0	0	0	1	0	0
DYSF	DES	1	1	1	0	0	0	1	0	0	0	0	0	0
DYSF	FLNC	1	1	1	0	1	0	1	0	0	0	0	0	0
DYSF	FHL1	0	0	1	0	0	0	0	0	0	0	0	0	0
DYSF	DMD	0	0	0	0	0	0	0	0	0	0	1	0	0
DYSF	DNAJB6	1	0	1	0	0	0	0	0	0	0	0	0	0
DYSF	TRIM32	0	1	0	0	0	0	0	0	0	0	0	0	0
DYSF	TCAP	0	1	1	0	0	0	0	0	0	0	0	0	0
BOK	POPDC3	0	1	0	0	0	0	0	0	0	0	0	0	0
BOK	BVES	0	0	0	0	1	0	0	0	0	0	0	0	0
BOK	POMGNT2	0	0	0	0	1	0	0	1	0	0	0	0	0
BOK	COL6A1	0	0	0	0	1	0	0	0	0	0	0	0	0
BOK	SGCA	0	0	0	0	1	0	0	1	0	0	0	0	0
BOK	DES	0	0	0	0	1	0	0	0	0	0	0	0	0
BOK	FLNC	0	0	0	0	1	0	0	0	0	0	0	0	0
BOK	LIMS2	0	0	0	0	1	0	0	1	0	0	0	0	0
CAVIN1	TMEM43	0	0	0	0	0	1	0	0	1	0	0	0	0
CAVIN1	SCRN1	0	0	0	0	1	0	0	0	1	0	0	0	0
CAVIN1	COL6A3	0	0	0	0	1	1	0	0	0	0	0	0	0
CAVIN1	TOR1AIP1	0	0	0	0	0	0	0	1	0	0	0	0	0
CAVIN1	LMNA	0	0	1	0	0	0	0	0	0	0	0	0	0
CAVIN1	SGCA	0	0	0	0	1	1	0	1	0	0	1	0	0
CAVIN1	DMD	1	0	0	0	0	0	0	0	0	0	0	0	0
CAVIN1	BOK	0	0	0	0	1	0	0	1	0	0	0	1	0
CAVIN1	CAVIN1	1	0	0	0	0	0	0	0	0	0	0	0	0
SGCB	FKRP	0	0	1	0	0	0	0	0	0	0	0	0	0
SGCB	ANO5	0	0	1	0	0	0	0	0	0	0	0	0	0
SGCB	GGPS1	0	0	0	0	0	0	0	0	0	0	0	1	0
SGCB	POMGNT2	0	0	0	0	1	0	0	0	0	0	0	1	0
SGCB	TMEM43	0	0	0	0	0	1	0	0	1	0	1	0	0
SGCB	FRG1	0	0	1	0	0	0	0	0	0	0	0	0	0
SGCB	COL6A3	0	1	0	0	0	1	0	0	0	0	0	0	0
SGCB	HNRNPDL	0	0	1	0	0	0	0	0	0	0	0	0	0
SGCB	SYNE2	0	0	1	0	0	0	0	0	0	0	0	0	0
SGCB	LAMA2	0	0	0	0	0	0	0	0	0	0	1	0	0
SGCB	LMNA	0	0	1	0	0	0	0	0	0	0	0	0	0
SGCB	COL6A1	0	0	0	0	0	1	0	0	0	1	0	1	0
SGCB	SGCA	1	1	1	0	0	0	0	1	0	0	1	0	0
SGCB	DES	0	1	1	0	0	0	0	0	0	0	0	0	0
SGCB	FLNC	0	0	1	0	0	0	0	1	0	0	0	0	0
SGCB	FHL1	0	0	1	0	0	0	1	1	0	0	1	0	0
SGCB	DNAJB6	0	0	1	0	0	0	0	0	1	0	1	1	0
SGCB	TRIM32	0	0	1	0	0	0	0	0	0	0	0	0	0
SGCB	TCAP	0	1	1	0	0	0	0	0	0	0	0	0	0
SGCB	DYSF	0	1	1	0	0	0	0	0	0	0	0	0	0
SGCB	BOK	0	0	0	0	0	0	0	1	0	0	0	0	0
SYNE1	FKRP	0	0	1	0	0	0	0	0	0	0	0	0	0
SYNE1	POMT1	0	0	1	0	0	0	0	0	0	0	0	0	0
SYNE1	BVES	0	0	0	0	1	0	0	0	0	0	0	0	0
SYNE1	POMGNT2	0	0	0	0	1	0	0	0	0	0	0	0	0
SYNE1	TRAPPC11	0	0	1	0	0	0	0	0	0	0	0	0	0
SYNE1	SCRN1	0	0	0	0	1	0	0	1	0	0	0	0	0
SYNE1	COL6A3	0	0	0	0	1	0	0	0	0	0	0	0	0
SYNE1	HNRNPDL	0	0	1	0	0	0	0	0	0	0	0	0	0
SYNE1	TOR1AIP1	0	0	0	0	1	0	0	0	0	0	0	0	0
SYNE1	SYNE2	0	0	1	0	0	0	0	0	0	0	0	0	0
SYNE1	EMD	1	0	0	0	0	0	0	0	0	0	0	0	0
SYNE1	LMNA	1	0	0	0	0	0	0	0	0	0	0	0	0
SYNE1	COL6A1	0	0	0	0	1	0	1	0	0	1	0	0	0
SYNE1	SGCA	0	0	1	0	1	0	0	0	0	0	0	0	0
SYNE1	FLNC	0	0	1	0	0	0	0	0	0	0	0	0	0
SYNE1	FHL1	0	0	0	0	1	0	1	0	1	1	0	0	0
SYNE1	DMD	0	0	0	0	1	0	0	0	0	1	0	0	0
SYNE1	GMPPB	0	0	1	0	0	0	0	0	0	0	0	0	0
SYNE1	DNAJB6	0	0	1	0	0	0	0	0	0	0	0	0	0
SYNE1	LIMS2	0	0	0	0	0	0	0	0	0	1	0	0	0
SYNE1	DYSF	0	0	1	0	0	0	0	0	0	0	0	0	0
SYNE1	SYNE1	1	0	0	0	0	0	0	0	0	0	0	0	0
VCP	PLEC	1	0	0	0	0	0	0	0	0	0	0	0	0
VCP	HMGCR	1	0	0	0	0	0	0	0	0	0	0	0	0
VCP	CCT2	1	0	0	0	0	0	0	0	0	0	0	0	0
VCP	LMNA	1	0	0	0	0	0	0	0	0	0	0	0	0
VCP	TNPO3	1	0	0	0	0	0	0	0	0	0	0	0	0
VCP	VCP	1	0	0	0	0	0	0	0	0	0	0	0	0
EGFR	FKRP	0	0	0	0	0	0	0	0	0	0	0	0	1
EGFR	ANO5	1	0	0	0	0	0	0	0	0	0	0	0	0
EGFR	POMGNT2	0	0	0	0	0	0	0	0	0	0	0	0	1
EGFR	TMEM43	1	0	0	0	0	0	0	0	0	0	0	0	0
EGFR	TRAPPC11	0	0	0	0	0	0	0	0	0	1	0	0	0
EGFR	TOR1AIP1	1	0	0	0	0	0	0	0	0	0	0	0	0
EGFR	SYNE2	0	0	0	0	0	0	1	0	0	1	0	0	0
EGFR	EMD	1	0	0	0	0	0	0	0	0	0	0	0	0
EGFR	LMNA	1	0	0	0	0	0	0	0	0	0	0	0	0
EGFR	TNPO3	1	0	0	0	0	0	0	0	0	0	0	0	0
EGFR	CAVIN1	1	0	0	0	0	0	0	0	0	0	0	0	0
EGFR	EGFR	1	0	0	0	0	0	0	0	0	0	0	0	0
DAG1	FKRP	0	0	1	0	0	0	1	0	0	0	0	0	0
DAG1	ANO5	0	0	0	0	0	0	0	1	0	0	0	0	1
DAG1	POMT1	0	0	1	0	0	0	0	0	0	0	0	0	0
DAG1	POMGNT1	0	0	1	0	0	0	0	0	0	0	0	0	1
DAG1	POMGNT2	0	0	1	0	0	0	0	0	0	0	0	0	0
DAG1	TMEM43	0	0	0	0	0	0	1	0	0	0	0	0	0
DAG1	TRAPPC11	0	0	1	0	0	0	0	0	0	0	0	0	0
DAG1	SCRN1	0	0	0	0	0	0	0	0	1	0	0	0	0
DAG1	LAMA2	1	0	0	0	0	0	0	0	0	0	0	0	0
DAG1	POMK	0	0	1	0	0	0	0	0	0	0	0	0	0
DAG1	SGCA	1	0	0	0	0	0	0	0	0	0	0	0	0
DAG1	DMD	1	0	0	0	0	0	0	0	0	0	0	0	0
DAG1	GMPPB	0	0	1	0	0	0	0	0	0	0	0	0	0
DAG1	POMT2	0	0	1	0	0	0	0	0	0	0	0	0	0
DAG1	CAVIN1	0	0	0	0	0	0	0	0	1	0	0	0	0
DAG1	SGCB	0	0	0	0	0	0	0	0	0	0	0	0	1
DAG1	SYNE1	0	0	1	0	0	0	0	0	0	0	0	0	0
DAG1	DAG1	1	0	0	0	0	0	0	0	0	0	0	0	0
DTNA	POMGNT2	0	0	0	0	0	0	0	1	0	0	0	0	0
DTNA	TMEM43	0	0	0	0	0	0	0	1	0	0	0	0	0
DTNA	SCRN1	0	0	0	0	1	0	0	0	0	0	0	0	0
DTNA	TOR1AIP1	0	0	0	0	1	0	0	1	0	0	0	0	0
DTNA	EMD	0	1	0	0	0	0	0	0	0	0	0	0	0
DTNA	COL6A1	0	0	0	0	1	0	0	1	0	0	0	0	0
DTNA	DES	0	1	0	0	1	0	1	1	0	0	1	1	0
DTNA	FLNC	0	0	0	0	1	0	1	1	0	0	1	1	0
DTNA	DMD	1	0	0	0	0	0	0	0	0	0	0	0	0
DTNA	TRIM32	0	1	0	0	0	0	0	0	0	0	0	0	0
DTNA	TCAP	0	1	0	0	0	0	0	0	0	0	0	0	0
DTNA	DYSF	0	0	0	0	0	0	1	0	0	0	0	0	0
DTNA	BOK	0	0	0	0	1	0	0	0	0	0	0	0	0
DTNA	CAVIN1	0	0	0	0	1	0	1	1	0	0	1	1	0
DTNA	SGCB	0	0	0	0	1	0	0	1	0	0	1	0	0
DTNA	SYNE1	0	0	0	0	1	0	0	0	0	0	0	0	0
CAV3	POPDC3	0	0	0	1	0	0	0	0	0	0	0	0	0
CAV3	TMEM43	0	0	1	0	0	0	0	0	0	0	0	0	0
CAV3	COL6A3	0	1	0	0	0	0	0	0	0	0	0	0	0
CAV3	SYNE2	0	0	1	0	0	0	0	0	0	0	0	0	0
CAV3	SGCA	0	1	1	1	0	0	0	0	0	0	0	0	0
CAV3	DES	0	1	1	1	0	0	0	0	0	0	0	0	0
CAV3	TCAP	0	1	0	1	0	0	0	0	0	0	0	0	0
CAV3	DYSF	1	1	0	0	0	0	0	0	0	0	0	0	0
CAV3	CAVIN1	1	0	0	0	0	0	0	0	0	0	0	0	0
CAV3	SGCB	0	1	1	0	0	0	0	0	0	0	0	0	0
CAV3	EGFR	1	0	0	0	0	0	0	0	0	0	0	0	0
CAV3	DAG1	1	0	0	0	0	0	0	0	0	0	0	0	0
SGCG	ANO5	0	0	1	1	0	0	0	0	0	0	0	0	0
SGCG	POPDC3	0	0	0	1	0	0	0	0	0	0	0	0	0
SGCG	COL6A3	0	0	1	0	0	0	0	0	0	0	0	0	0
SGCG	SYNE2	0	0	1	0	0	0	0	0	0	0	0	0	0
SGCG	COL6A1	0	0	1	0	0	0	0	0	0	0	0	0	0
SGCG	SGCA	0	0	1	0	0	0	0	0	0	0	0	0	0
SGCG	DES	0	1	1	1	0	0	0	0	0	0	0	0	0
SGCG	FLNC	1	0	0	0	0	0	0	0	0	0	0	0	0
SGCG	FHL1	0	0	1	0	0	0	0	0	0	0	0	0	0
SGCG	DNAJB6	1	0	0	0	0	0	0	0	0	0	0	0	0
SGCG	TCAP	0	0	0	1	0	0	0	0	0	0	0	0	0
SGCG	DYSF	1	1	0	0	0	0	0	0	0	0	0	0	0
SGCG	SGCB	1	1	1	0	0	0	0	0	0	0	0	0	0
SGCG	CAV3	0	1	0	1	0	0	0	0	0	0	0	0	0
MYOT	ANO5	0	0	1	0	0	0	0	0	0	0	0	0	0
MYOT	COL6A3	0	0	1	0	0	0	0	0	0	0	0	0	0
MYOT	HNRNPDL	0	0	1	0	0	0	0	0	0	0	0	0	0
MYOT	SYNE2	0	0	1	0	0	0	0	0	0	0	0	0	0
MYOT	EMD	0	0	1	0	0	0	0	0	0	0	0	0	0
MYOT	SGCA	0	0	1	0	0	0	0	0	0	0	0	0	0
MYOT	DES	0	0	1	0	0	0	0	0	0	0	0	0	0
MYOT	FLNC	1	0	1	1	0	0	0	0	0	0	0	0	0
MYOT	FHL1	0	0	1	1	0	0	0	0	0	0	0	0	0
MYOT	DMD	0	0	1	0	0	0	0	0	0	0	0	0	0
MYOT	DPM3	0	0	1	0	0	0	0	0	0	0	0	0	0
MYOT	DNAJB6	0	0	1	0	0	0	0	0	0	0	0	0	0
MYOT	TRIM32	0	0	1	0	0	0	0	0	0	0	0	0	0
MYOT	TCAP	0	0	1	0	0	0	0	0	0	0	0	0	0
MYOT	DYSF	0	0	1	0	0	0	0	0	0	0	0	0	0
MYOT	SGCB	0	0	1	0	0	0	0	0	0	0	0	0	0
MYOT	SYNE1	0	0	1	0	0	0	0	0	0	0	0	0	0
MYOT	CAV3	0	0	1	0	0	0	0	0	0	0	0	0	0
MYOT	SGCG	0	0	0	0	0	1	0	0	0	0	0	0	0
MYOT	MYOT	1	0	0	0	0	0	0	0	0	0	0	0	0
SGCD	ANO5	0	0	0	1	0	0	0	0	0	0	0	0	0
SGCD	POPDC3	0	0	0	1	0	0	0	0	0	0	0	0	0
SGCD	BVES	0	0	0	1	0	0	1	1	0	0	0	0	0
SGCD	COL6A3	0	0	0	0	1	1	0	0	0	0	0	0	0
SGCD	TOR1AIP1	0	0	0	0	0	0	0	1	0	0	0	0	0
SGCD	LMNA	0	0	1	0	0	0	0	0	0	0	0	0	0
SGCD	COL6A1	0	0	0	0	0	0	1	1	0	1	0	0	0
SGCD	SGCA	1	1	0	0	0	0	0	1	0	0	0	0	0
SGCD	DES	0	1	1	0	0	0	0	1	0	0	0	0	0
SGCD	FLNC	1	0	0	0	0	0	1	1	0	1	0	0	0
SGCD	FHL1	0	0	0	0	0	0	1	1	0	1	0	0	0
SGCD	DMD	0	0	1	1	0	0	1	1	0	1	0	0	0
SGCD	LIMS2	0	0	0	0	0	0	1	1	0	1	0	0	0
SGCD	TCAP	0	0	1	0	0	0	0	0	0	0	0	0	0
SGCD	DYSF	0	0	0	0	0	1	0	1	0	0	0	0	0
SGCD	BOK	0	0	0	0	1	0	0	0	0	0	0	0	0
SGCD	CAVIN1	0	0	0	0	1	0	1	1	0	1	0	1	0
SGCD	SGCB	1	1	1	0	0	0	1	1	0	0	0	0	0
SGCD	SYNE1	0	0	0	0	1	0	1	0	0	1	0	1	0
SGCD	DTNA	0	0	0	0	0	0	0	1	0	0	0	0	0
SGCD	CAV3	0	1	0	0	0	0	0	0	0	0	0	0	0
SGCD	SGCG	1	1	0	0	0	0	0	0	0	0	0	0	0
SGCD	SGCD	1	0	0	0	0	0	0	0	0	0	0	0	0
CAPN3	ANO5	0	0	1	0	0	0	0	0	0	0	0	0	0
CAPN3	COL6A3	0	1	0	0	0	0	0	0	0	0	0	0	0
CAPN3	SGCA	0	1	0	0	0	0	0	0	0	0	0	0	0
CAPN3	DES	0	0	1	0	0	0	0	0	0	0	0	0	0
CAPN3	FLNC	1	1	0	0	0	0	0	0	0	0	0	0	0
CAPN3	TRIM32	0	1	0	0	0	0	0	0	0	0	0	0	0
CAPN3	TCAP	0	1	1	0	0	0	0	0	0	0	0	0	0
CAPN3	DYSF	1	1	1	0	0	0	0	0	0	0	0	0	0
CAPN3	SGCB	0	1	1	0	0	0	0	0	0	0	0	0	0
CAPN3	CAV3	0	1	0	0	0	0	0	0	0	0	0	0	0
CAPN3	SGCG	0	1	0	0	0	0	0	0	0	0	0	0	0
CAPN3	SGCD	0	0	1	0	0	0	0	0	0	0	0	0	0
CAPN3	CAPN3	1	0	0	0	0	0	0	0	0	0	0	0	0
COL6A2	BVES	0	0	0	0	1	0	0	1	0	0	0	0	0
COL6A2	POMGNT2	0	0	0	0	1	0	0	1	0	0	1	1	0
COL6A2	SCRN1	0	0	0	0	1	0	0	0	0	0	0	0	0
COL6A2	COL6A3	0	0	1	0	0	0	0	0	0	0	0	0	0
COL6A2	HNRNPDL	0	0	1	0	0	0	0	0	0	0	0	0	0
COL6A2	TOR1AIP1	0	0	0	0	1	0	0	1	0	0	0	0	0
COL6A2	LAMA2	0	0	1	0	0	0	0	0	0	0	0	0	0
COL6A2	LMNA	0	0	1	0	0	0	0	0	0	0	0	0	0
COL6A2	COL6A1	1	0	1	0	0	0	0	0	0	0	0	0	0
COL6A2	SGCA	0	0	1	0	0	0	0	0	0	0	0	0	0
COL6A2	DES	0	0	1	0	1	1	0	1	0	0	0	1	0
COL6A2	FLNC	0	0	0	0	1	1	0	1	0	0	0	1	0
COL6A2	FHL1	0	0	1	0	0	0	0	0	0	0	0	0	0
COL6A2	DYSF	0	0	0	0	1	0	0	1	0	1	0	1	0
COL6A2	BOK	0	0	0	0	1	0	0	0	0	0	0	1	0
COL6A2	SGCB	0	0	0	0	0	1	0	0	0	0	0	0	0
COL6A2	SYNE1	0	0	0	0	1	0	1	0	0	1	0	0	0
COL6A2	DTNA	0	0	0	0	1	0	0	1	0	0	0	0	0
COL6A2	SGCG	0	0	1	0	0	0	0	0	0	0	0	0	0
COL6A2	MYOT	0	0	1	0	0	0	0	0	0	0	0	0	0
COL6A2	SGCD	0	0	0	0	0	0	1	1	0	1	0	0	0
TTN	FKRP	0	0	1	0	0	0	0	0	0	0	0	0	0
TTN	ANO5	0	0	1	1	0	0	0	0	0	0	0	0	0
TTN	POPDC3	0	0	0	1	0	0	0	0	0	0	0	0	0
TTN	CACNA1S	0	0	0	0	0	0	0	0	0	0	1	0	0
TTN	TMEM43	0	0	1	0	0	0	0	0	0	0	0	0	0
TTN	FRG1	0	0	1	0	0	0	0	0	0	0	0	0	0
TTN	COL6A3	0	0	1	0	0	0	0	0	0	0	0	0	0
TTN	HNRNPDL	1	0	1	0	0	0	0	0	0	0	0	0	0
TTN	SYNE2	0	0	1	0	0	0	0	0	0	0	0	0	0
TTN	LMNA	1	0	1	0	0	0	0	0	0	0	0	0	0
TTN	COL6A1	0	0	1	0	0	0	0	0	0	0	0	0	0
TTN	SGCA	0	0	1	0	0	0	0	0	0	0	0	0	0
TTN	DES	0	0	1	1	0	0	0	0	0	0	0	0	0
TTN	FLNC	0	0	1	0	0	0	0	0	0	0	0	0	0
TTN	FHL1	1	0	1	0	0	0	0	0	0	0	0	0	0
TTN	DMD	0	0	1	0	0	0	0	0	0	0	0	0	0
TTN	GMPPB	0	0	1	0	0	0	0	0	0	0	0	0	0
TTN	DNAJB6	1	0	1	0	0	0	0	0	0	0	0	0	0
TTN	TRIM32	0	0	1	0	0	0	0	0	0	0	0	0	0
TTN	TCAP	1	0	1	0	0	0	0	0	0	0	0	0	0
TTN	DYSF	1	0	1	0	0	0	0	0	0	0	0	0	0
TTN	SGCB	0	0	1	0	0	0	0	0	0	0	0	0	0
TTN	SYNE1	0	0	1	0	0	0	0	0	0	0	0	0	0
TTN	EGFR	1	0	0	0	0	0	0	0	0	0	0	0	0
TTN	CAV3	0	0	1	1	0	0	0	0	0	0	0	0	0
TTN	SGCG	1	0	0	1	0	0	0	0	0	0	0	0	0
TTN	MYOT	0	0	1	0	0	0	0	0	0	0	0	0	0
TTN	SGCD	0	0	1	1	0	0	0	0	0	0	0	0	0
TTN	CAPN3	1	0	0	0	0	0	0	0	0	0	0	0	0
TTN	COL6A2	0	0	1	0	0	0	0	0	0	0	0	0	0
TTN	TTN	1	0	0	0	0	0	0	0	0	0	0	0	0
KAT2B	CRPPA	0	0	0	1	0	0	0	0	0	0	0	0	0
KAT2B	SYNE1	0	0	0	0	0	0	0	0	0	0	0	0	1
KAT2B	JAG2	0	0	0	0	0	0	0	0	0	0	0	0	1
KAT2B	KAT2B	1	0	0	0	0	0	0	0	0	0	0	0	0
