V1	V2	coex_ATA.tsv	ppi.tsv	coex_KDN.tsv	coex_BRO.tsv	coex_THY.tsv	coex_ITI.tsv	HP.tsv	coex_ATC.tsv	coex_SMU.tsv	coex_CLT.tsv	coex_LVR.tsv	coex_CLS.tsv	coex_core.tsv	reactome_copathway.tsv	coex_STM.tsv	coex_LCL.tsv	coex_BRB.tsv	coex_LNG.tsv	coex_WBL.tsv	coex_PIT.tsv
GIMAP5	CARMIL2	0	0	0	0	0	1	0	0	0	0	0	0	0	0	0	0	0	0	0	0
CD27	CARMIL2	0	0	0	0	0	0	0	0	0	0	0	0	1	0	0	0	0	0	0	0
PDCD1	CARMIL2	0	0	1	0	1	1	0	0	0	0	0	0	0	0	0	0	0	0	0	0
PDCD1	GIMAP5	0	0	0	0	0	1	0	0	0	0	0	0	0	0	0	0	0	0	0	0
PDCD1	CD27	0	0	1	0	0	1	0	0	0	0	0	0	0	0	0	0	0	0	0	0
FOXP3	CARMIL2	0	0	1	0	0	1	0	0	0	0	0	0	0	0	0	0	0	0	0	0
FOXP3	GIMAP5	0	0	0	0	0	1	0	0	0	0	0	0	0	0	0	0	0	0	0	0
FOXP3	CD27	0	0	1	0	0	1	0	0	0	0	0	0	0	0	0	0	0	0	1	0
FOXP3	PDCD1	0	0	0	0	0	1	0	0	0	0	0	0	0	0	0	0	0	0	0	0
IL2RA	CARMIL2	0	0	0	0	0	1	0	0	0	0	0	0	0	0	0	0	0	0	0	0
IL2RA	CD27	0	0	0	0	0	1	0	0	0	0	0	0	0	0	0	0	0	0	0	0
IL2RA	PDCD1	0	0	0	0	0	1	0	0	0	0	0	0	0	0	0	0	0	0	0	0
IL2RA	FOXP3	0	0	0	0	0	1	1	0	0	0	0	0	0	0	0	0	0	0	1	0
TNFRSF9	TNFSF9	0	1	0	0	0	0	0	0	0	0	0	0	0	0	0	0	0	0	0	0
CTLA4	CARMIL2	0	0	1	0	1	1	0	0	0	0	0	0	0	0	0	0	0	0	0	0
CTLA4	GIMAP5	0	0	0	0	0	1	0	0	0	0	0	0	0	0	0	0	0	0	0	0
CTLA4	CD27	0	0	1	0	0	1	0	0	0	0	0	0	0	0	0	0	0	0	0	0
CTLA4	PDCD1	0	0	1	0	1	1	0	0	0	0	0	0	0	0	0	0	0	0	1	0
CTLA4	FOXP3	0	0	1	0	0	1	0	0	0	0	0	0	0	0	0	0	0	0	0	0
CTLA4	IL2RA	0	0	0	0	0	1	1	0	0	0	0	0	0	0	0	0	0	0	0	0
AIRE	CARMIL2	0	0	0	0	0	1	0	0	0	0	0	0	0	0	0	0	0	0	0	0
AIRE	GIMAP5	0	0	0	0	0	1	0	0	0	0	0	0	0	0	0	0	0	0	0	0
AIRE	CD27	0	0	0	0	0	1	0	0	0	0	0	0	0	0	0	0	0	0	0	0
AIRE	PDCD1	0	0	0	0	0	1	0	0	0	0	0	0	0	0	0	0	0	0	0	0
AIRE	FOXP3	0	0	0	0	0	1	0	0	0	0	0	0	0	0	0	0	0	0	0	0
AIRE	CTLA4	0	0	0	0	0	1	0	0	0	0	0	0	0	0	0	0	0	0	0	0
SH2D1A	CARMIL2	0	0	1	0	1	1	0	0	0	0	0	0	0	0	0	0	0	0	0	0
SH2D1A	GIMAP5	0	0	0	0	0	1	0	0	0	0	0	0	0	0	0	0	0	0	0	0
SH2D1A	CD27	0	0	1	0	0	1	1	0	0	0	0	0	0	0	0	0	0	0	0	0
SH2D1A	PDCD1	0	0	1	0	1	1	0	0	0	0	0	0	0	0	0	0	0	0	1	0
SH2D1A	FOXP3	0	0	1	0	0	1	0	0	0	0	0	0	0	0	0	0	0	0	0	0
SH2D1A	CTLA4	0	0	1	0	1	1	0	0	0	0	0	0	0	0	0	0	0	0	0	0
SH2D1A	AIRE	0	0	0	0	0	1	0	0	0	0	0	0	0	0	0	0	0	0	0	0
CD70	GIMAP5	0	0	0	0	0	1	0	0	0	0	0	0	0	0	0	0	0	0	0	0
CD70	CD27	0	1	0	0	0	0	0	0	0	0	0	0	0	0	0	0	0	0	0	0
CD70	TNFSF9	0	0	0	0	0	0	0	0	0	0	0	0	0	0	0	1	0	0	0	0
CD70	SH2D1A	0	0	0	0	0	1	0	0	0	0	0	0	0	0	0	0	0	0	0	0
NFATC2	CARMIL2	0	0	1	0	0	0	0	0	0	0	0	0	0	0	0	0	0	0	1	0
NFATC2	PDCD1	0	0	0	0	0	0	0	0	0	0	0	0	0	0	0	0	0	0	1	0
NFATC2	FOXP3	0	1	0	0	0	0	0	0	0	0	0	0	0	0	0	0	0	0	0	0
NFATC2	SH2D1A	0	0	0	0	0	0	0	0	0	0	0	0	0	0	0	0	0	0	1	0
SOCS1	GIMAP5	0	0	0	0	0	1	0	0	0	0	0	0	0	0	0	0	0	0	0	0
SOCS1	PDCD1	0	1	0	0	0	1	0	0	0	0	0	0	0	0	0	0	0	0	0	0
SOCS1	FOXP3	0	0	0	0	0	1	0	0	0	0	0	0	0	0	0	0	0	0	0	0
SOCS1	CTLA4	0	0	0	0	0	1	0	0	0	0	0	0	0	0	0	0	0	0	0	0
LRBA	FOXP3	0	0	0	0	0	0	1	0	0	0	0	0	0	0	0	0	0	0	0	0
LRBA	IL2RA	0	0	0	0	0	0	1	0	0	0	0	0	0	0	0	0	0	0	0	0
LRBA	CTLA4	0	1	0	0	0	0	0	0	0	0	0	0	0	0	0	0	0	0	0	0
LRBA	SH2D1A	0	0	0	0	0	0	0	0	0	0	0	0	0	0	0	0	0	0	1	0
LRBA	NFATC2	0	0	0	0	0	0	0	0	0	0	0	0	0	0	0	0	0	0	1	0
LACC1	IL2RA	0	0	0	0	0	0	1	0	0	0	0	0	0	0	0	0	0	0	0	0
LACC1	CTLA4	0	0	0	0	0	0	1	0	0	0	0	0	0	0	0	0	0	0	0	0
PEPD	AP3D1	0	0	0	0	0	0	0	0	0	0	0	0	0	0	0	0	0	0	0	1
BACH2	GIMAP5	0	0	0	0	0	1	0	0	0	0	0	0	0	0	0	0	0	0	0	0
BACH2	IL2RA	0	0	0	0	0	0	0	0	0	0	0	0	0	0	0	0	0	0	1	0
BACH2	SH2D1A	0	0	0	0	0	1	0	0	0	0	0	0	0	0	0	0	0	0	0	0
BACH2	CD70	0	0	0	0	0	1	0	0	0	0	0	0	0	0	0	0	0	0	0	0
ITCH	AP3D1	0	0	0	0	0	0	0	0	0	0	0	0	0	0	0	0	0	0	0	1
ITCH	PEPD	0	0	0	0	0	0	0	0	0	0	0	0	0	0	0	0	0	0	0	1
IL10RB	ITCH	0	0	0	0	0	0	0	0	0	0	0	0	0	0	0	0	0	0	0	1
PRF1	CARMIL2	0	0	0	0	0	0	0	1	0	0	0	0	0	0	0	0	0	0	0	0
PRF1	PDCD1	0	0	1	0	0	1	0	0	0	0	0	0	0	0	0	0	0	0	1	0
PRF1	TNFSF9	0	0	0	0	0	0	0	0	0	0	0	0	0	0	0	0	0	0	1	0
PRF1	SH2D1A	0	0	1	0	0	0	1	0	0	0	0	0	0	0	0	0	0	0	1	0
PRF1	NFATC2	0	0	0	0	0	0	0	0	0	0	0	0	0	0	0	0	0	0	1	0
TLR7	CARMIL2	0	0	0	0	0	1	0	0	0	0	0	0	0	0	0	0	0	0	0	0
TLR7	CD27	0	0	0	0	0	1	0	0	0	0	0	0	0	0	0	0	0	0	0	0
TLR7	SH2D1A	0	0	0	0	0	1	0	0	0	0	0	0	0	0	0	0	0	0	0	0
TLR7	NFATC2	0	0	0	1	0	0	0	0	0	0	0	0	0	0	0	0	0	0	0	0
JAK1	SOCS1	0	1	0	0	0	0	0	0	0	0	0	0	0	0	0	0	0	0	0	0
JAK1	BACH2	0	0	0	0	0	1	0	0	0	0	0	0	0	0	0	0	0	0	0	0
JAK1	ITCH	0	0	0	0	0	0	0	0	0	1	0	0	0	0	1	0	0	0	0	0
IKZF1	CARMIL2	0	0	0	0	0	0	0	0	0	0	0	0	1	0	0	0	0	0	0	0
IKZF1	GIMAP5	0	0	0	0	0	1	0	0	0	0	0	0	0	0	0	0	0	0	0	0
IKZF1	CD27	0	0	1	0	0	1	0	0	0	1	0	0	0	0	0	0	0	0	0	0
IKZF1	PDCD1	0	0	1	0	1	1	0	0	0	0	0	0	0	0	0	0	0	0	0	0
IKZF1	FOXP3	0	0	1	0	0	1	0	0	0	0	0	0	0	0	0	0	0	0	0	0
IKZF1	IL2RA	0	0	0	0	0	1	0	0	0	0	0	0	0	0	0	0	0	0	0	0
IKZF1	CTLA4	0	0	1	0	1	1	1	0	0	0	0	0	0	0	0	0	0	0	0	0
IKZF1	SH2D1A	0	0	1	0	1	1	0	0	0	0	0	0	0	0	0	0	0	0	0	0
IKZF1	NFATC2	0	1	0	1	0	0	0	0	0	0	0	0	0	0	0	0	0	0	0	0
IKZF1	PRF1	0	0	0	0	0	0	0	0	0	0	0	0	1	0	0	0	0	0	0	0
IKZF1	TLR7	0	0	0	1	0	1	0	1	0	0	0	0	0	0	0	0	0	0	0	1
IKZF1	JAK1	0	0	0	0	0	0	0	0	0	0	0	0	0	0	0	0	0	0	1	0
ERN1	CD27	0	0	1	0	0	0	0	0	0	0	0	0	0	0	0	0	0	0	0	0
ERN1	PDCD1	0	0	1	0	0	0	0	0	0	0	0	0	0	0	0	0	0	0	0	0
ERN1	IL2RA	0	0	0	0	0	1	0	0	0	0	0	0	0	0	0	0	0	0	0	0
ERN1	IKZF1	0	0	0	0	0	0	0	0	0	1	0	0	0	0	0	0	0	0	0	0
TET2	CTLA4	0	0	0	0	0	0	1	0	0	0	0	0	0	0	0	0	0	0	0	0
TET2	LRBA	0	0	0	0	0	0	0	0	0	0	0	0	0	0	0	0	0	0	0	1
RHOG	IL2RA	0	0	1	0	0	0	0	0	0	0	0	0	0	0	0	0	0	0	0	0
RHOG	TNFSF9	0	0	0	0	0	0	0	0	0	0	0	0	0	0	0	1	0	0	0	0
RHOG	AP3D1	0	0	0	0	0	0	0	0	1	0	0	1	0	0	1	0	0	0	0	0
RHOG	CD70	0	0	0	0	0	0	0	0	0	0	0	0	0	0	0	1	0	0	0	0
RHOG	PEPD	0	0	0	0	0	0	0	0	0	0	0	0	1	0	0	0	0	0	0	0
RHOG	IL10RB	0	0	0	0	0	0	0	1	0	0	0	0	0	0	0	0	0	0	0	0
CTPS1	SH2D1A	0	0	0	0	0	0	1	0	0	0	0	0	0	0	0	0	0	0	0	0
CTPS1	RHOG	0	0	0	0	0	0	0	0	1	0	0	0	0	0	0	0	0	0	0	0
FADD	FERMT1	0	0	1	0	0	0	0	0	0	0	0	0	0	0	0	0	0	0	0	0
FADD	IL10RB	0	0	0	0	0	0	0	0	0	0	0	0	0	0	0	0	0	0	1	0
FADD	RHOG	0	0	0	0	0	0	0	1	0	0	0	0	0	0	0	0	0	0	0	0
RASGRP1	CARMIL2	0	0	0	0	1	1	0	1	0	1	0	0	0	0	0	0	0	0	0	0
RASGRP1	GIMAP5	0	0	0	0	0	1	0	0	0	0	0	0	0	0	0	0	0	0	0	0
RASGRP1	CD27	0	0	1	0	0	1	0	0	0	1	0	0	0	0	0	0	0	0	0	0
RASGRP1	PDCD1	0	0	0	0	1	1	0	0	0	0	0	0	0	0	0	0	0	0	0	0
RASGRP1	FOXP3	0	0	0	0	0	1	0	0	0	0	0	0	0	0	0	0	0	0	0	0
RASGRP1	IL2RA	0	0	0	0	0	1	0	0	0	0	0	0	0	0	0	0	0	0	0	0
RASGRP1	CTLA4	0	0	0	0	1	1	0	0	0	0	0	0	0	0	0	0	0	0	1	0
RASGRP1	AIRE	0	0	0	0	0	1	0	0	0	0	0	0	0	0	0	0	0	0	0	0
RASGRP1	SH2D1A	0	0	0	0	0	0	0	0	0	0	0	0	1	0	0	0	0	0	0	0
RASGRP1	NFATC2	0	0	0	0	0	0	0	0	0	0	0	0	0	0	0	0	0	0	1	0
RASGRP1	LRBA	0	0	0	0	0	0	0	0	0	0	0	0	0	0	0	0	0	0	1	0
RASGRP1	PRF1	0	0	0	0	0	1	0	0	0	0	0	0	0	0	0	0	0	0	0	0
RASGRP1	IKZF1	0	0	0	0	1	1	0	1	0	1	0	0	0	0	0	0	0	0	0	0
RASGRP1	ERN1	0	0	1	0	0	0	0	0	0	0	0	0	0	0	0	0	0	0	0	0
STAT3	IL2RA	0	1	0	0	0	0	0	0	0	0	0	0	0	0	0	0	0	0	0	0
STAT3	IL10RB	0	0	0	1	0	0	0	0	0	0	0	0	0	0	0	0	0	0	0	0
STAT3	JAK1	0	1	0	0	0	0	0	0	0	0	0	0	0	1	0	0	0	0	0	0
STAT3	ERN1	0	0	0	1	0	0	0	0	0	0	0	0	0	0	0	0	1	1	0	0
PRKCD	CTLA4	0	0	0	0	0	0	1	0	0	0	0	0	0	0	0	0	0	0	0	0
PRKCD	SH2D1A	0	0	0	0	0	0	1	0	0	0	0	0	0	0	0	0	0	0	0	0
PRKCD	LRBA	0	0	0	0	0	0	1	0	0	0	0	0	0	0	1	0	0	0	0	0
PRKCD	IL10RB	0	0	0	0	0	1	0	0	0	1	0	1	0	0	0	0	0	0	1	0
PRKCD	STAT3	0	1	0	0	0	0	0	0	0	0	0	0	0	0	0	0	0	0	0	0
ARPC5	LACC1	0	0	0	0	0	0	0	0	0	1	0	0	0	0	0	0	0	0	0	0
ARPC5	ITCH	0	0	0	1	0	0	0	0	0	0	0	0	0	0	0	0	0	0	0	0
ARPC5	IL10RB	0	0	0	0	0	0	0	0	0	1	0	0	0	0	0	0	0	0	1	0
ARPC5	RHOG	0	0	0	0	0	0	0	0	0	0	0	0	1	0	0	0	0	0	0	0
ARPC5	PRKCD	0	0	0	0	0	0	0	0	0	0	0	0	0	0	0	0	0	0	1	0
AP3B1	AP3D1	0	1	0	0	0	0	0	0	0	0	0	0	0	0	0	0	0	0	0	0
AP3B1	LRBA	0	0	0	0	0	0	0	0	0	0	0	0	1	0	0	0	0	0	0	0
AP3B1	JAK1	0	0	0	0	0	0	0	0	0	0	0	0	1	0	0	0	0	0	0	0
AP3B1	ARPC5	0	0	0	0	0	0	0	0	0	1	0	0	0	0	0	1	0	0	0	0
NBEAL2	CD27	0	0	0	0	0	0	0	0	0	0	0	1	0	0	0	0	0	0	0	0
NBEAL2	STAT3	0	0	0	0	0	0	0	0	0	0	0	0	0	0	0	0	0	0	1	0
NBEAL2	PRKCD	0	0	0	0	0	0	0	0	0	0	1	0	0	0	1	0	0	0	1	0
SLC7A7	NFATC2	0	0	0	1	0	0	0	0	0	0	0	0	0	0	0	0	0	0	0	0
SLC7A7	PEPD	0	0	1	0	0	1	0	0	0	0	0	0	0	0	0	0	0	0	0	0
SLC7A7	TLR7	0	0	0	1	0	0	0	0	0	0	0	0	0	0	0	0	0	0	0	1
SLC7A7	IKZF1	0	0	0	0	0	0	0	0	0	0	0	0	1	0	0	0	0	0	0	0
SLC7A7	RHOG	0	0	0	0	0	0	0	1	0	0	0	0	0	0	0	0	0	0	0	0
SLC7A7	PRKCD	0	0	0	0	0	1	0	0	0	0	1	1	0	0	0	0	0	0	0	0
LYST	NFATC2	0	0	1	0	0	0	0	0	0	0	0	0	0	0	0	0	0	0	0	0
LYST	BACH2	0	0	0	0	0	1	0	0	0	0	0	0	0	0	0	0	0	0	0	0
LYST	ITCH	0	0	0	0	0	0	0	0	0	0	0	0	0	0	0	0	0	0	1	0
LYST	JAK1	0	0	0	0	0	1	0	0	0	1	0	0	0	0	0	0	0	0	0	0
LYST	TET2	1	0	0	0	0	0	0	0	0	0	0	0	0	0	1	0	0	1	0	0
LYST	AP3B1	0	0	0	0	0	0	1	0	0	0	0	0	0	0	0	0	0	0	0	0
DPP9	AP3D1	0	0	0	0	0	0	0	0	0	0	0	0	1	0	0	0	0	0	0	0
DPP9	PEPD	0	0	0	0	0	0	0	0	0	0	0	0	0	0	0	1	0	0	0	0
DPP9	IL10RB	0	0	0	0	0	0	0	0	0	0	0	0	0	0	0	0	0	0	0	1
DPP9	JAK1	0	0	0	0	0	0	0	0	1	0	0	0	0	0	0	0	0	0	0	0
DPP9	RHOG	0	0	0	0	0	1	0	0	1	0	0	0	0	0	1	0	0	0	0	0
DPP9	CTPS1	0	0	0	0	0	0	0	0	1	0	0	0	0	0	0	0	0	0	0	0
DPP9	STAT3	0	0	0	0	0	0	0	0	0	0	0	0	0	0	0	0	0	0	0	1
DPP9	AP3B1	0	0	0	0	0	0	0	0	0	1	0	0	0	0	0	0	0	0	0	0
DOCK11	ITCH	0	0	0	0	0	0	0	0	0	0	0	0	0	0	0	0	0	1	1	0
DOCK11	TLR7	0	0	0	1	0	0	0	0	0	0	0	0	0	0	0	0	0	0	0	0
DOCK11	JAK1	0	0	0	0	0	0	0	1	0	0	0	0	0	0	0	0	0	0	0	0
DOCK11	IKZF1	0	0	0	0	0	0	0	0	0	0	1	0	0	0	0	0	0	0	0	0
DOCK11	PRKCD	0	0	0	0	0	0	0	1	0	0	1	0	0	0	0	0	0	0	0	0
DOCK11	ARPC5	0	0	0	0	0	0	0	0	1	0	0	0	0	0	0	0	0	0	0	0
DOCK11	SLC7A7	0	0	0	1	0	0	0	0	0	0	1	0	0	0	0	0	0	0	0	0
DOCK11	LYST	0	0	0	0	0	1	0	0	1	0	0	0	0	0	0	0	0	1	1	0
CD274	PDCD1	0	1	0	0	0	0	0	0	0	0	0	0	0	0	0	0	0	0	0	0
CD274	CTLA4	0	1	0	0	0	0	0	0	0	0	0	0	0	0	0	0	0	0	0	0
STX11	CD27	0	0	0	0	0	0	1	0	0	0	0	0	0	0	0	0	0	0	0	0
STX11	PRF1	0	0	0	0	0	0	1	0	0	0	0	0	0	0	0	0	0	0	0	0
STX11	RHOG	0	0	0	0	0	0	0	0	0	0	0	0	0	0	0	1	0	0	0	0
STX11	STAT3	0	0	0	0	0	0	0	0	0	0	0	0	0	0	0	0	0	1	0	0
STX11	PRKCD	0	0	0	0	0	0	0	0	0	0	0	0	0	0	0	0	0	0	1	0
IL10	CTLA4	0	0	0	0	0	0	1	0	0	0	0	0	0	0	0	0	0	0	0	0
IL10	LACC1	0	0	0	0	0	0	1	0	0	0	0	0	0	0	0	0	0	0	0	0
IL10	IL10RB	0	1	0	0	0	0	0	0	0	0	0	0	0	0	0	0	0	0	0	0
IL10	TET2	0	0	0	0	0	0	1	0	0	0	0	0	0	0	0	0	0	0	0	0
GIMAP6	GIMAP5	0	0	0	0	0	1	0	0	0	0	0	0	0	0	0	1	0	0	1	0
GIMAP6	SLC7A7	0	0	0	0	0	0	0	0	0	0	1	0	0	0	0	0	0	0	0	0
RIPK1	AP3D1	0	0	1	0	0	0	0	0	0	0	0	0	0	0	0	0	0	0	0	0
RIPK1	LACC1	0	0	1	0	0	0	0	0	0	0	0	0	0	0	0	0	0	0	0	0
RIPK1	ITCH	0	1	0	0	0	0	0	0	0	0	0	0	0	0	0	0	0	0	0	0
RIPK1	ERN1	0	1	0	0	0	0	0	0	0	0	0	0	0	0	0	0	0	0	0	0
RIPK1	FADD	0	1	0	0	0	0	0	0	0	0	0	0	0	1	0	0	0	0	0	0
RIPK1	DPP9	0	0	0	0	0	0	0	1	0	0	0	0	0	0	0	0	0	0	0	0
TPP2	SH2D1A	0	0	0	0	0	0	1	0	0	0	0	0	0	0	0	0	0	0	0	0
TPP2	LRBA	0	0	0	0	0	0	0	0	0	0	0	0	0	0	0	0	0	0	1	0
TPP2	ITCH	0	0	0	0	0	0	0	0	0	0	0	0	1	0	0	0	0	0	0	0
TPP2	JAK1	0	0	0	0	0	1	0	0	0	0	0	0	0	0	1	0	0	0	0	0
TPP2	PRKCD	0	0	0	0	0	0	1	0	0	0	0	0	0	0	0	0	0	0	0	0
TPP2	LYST	0	0	0	0	0	1	0	0	0	0	0	0	0	0	0	0	0	0	0	0
IL2RB	CARMIL2	0	0	0	0	0	0	0	0	0	0	0	0	1	0	0	0	0	0	0	0
IL2RB	CD27	0	0	1	0	0	1	0	0	0	1	0	0	0	0	0	0	0	0	0	0
IL2RB	PDCD1	0	0	1	0	1	1	0	0	0	0	0	0	0	0	0	0	0	0	1	0
IL2RB	FOXP3	0	0	1	0	0	1	0	0	0	0	0	0	0	0	0	0	0	0	0	0
IL2RB	IL2RA	0	1	0	0	0	1	1	0	0	0	0	0	0	0	0	0	0	0	0	0
IL2RB	TNFSF9	0	0	0	0	0	0	0	0	0	0	0	0	0	0	0	0	0	0	1	0
IL2RB	CTLA4	0	0	1	0	1	1	0	0	0	0	0	0	0	0	0	0	0	0	0	0
IL2RB	SH2D1A	0	0	1	0	1	1	0	0	0	0	0	0	0	0	0	0	0	0	1	0
IL2RB	NFATC2	0	0	0	0	0	0	0	0	0	0	0	0	0	0	0	0	0	0	1	0
IL2RB	SOCS1	0	1	0	0	0	0	0	0	0	0	0	0	0	0	0	0	0	0	0	0
IL2RB	LACC1	0	0	0	0	0	0	1	0	0	0	0	0	0	0	0	0	0	0	0	0
IL2RB	PRF1	0	0	0	0	0	0	0	0	0	0	0	0	1	0	0	0	0	0	0	0
IL2RB	TLR7	0	0	0	0	0	1	0	1	0	0	0	0	0	0	0	0	0	0	0	0
IL2RB	JAK1	0	1	0	0	0	0	0	0	0	0	0	0	0	0	0	0	0	0	0	0
IL2RB	IKZF1	0	0	0	0	0	0	0	0	0	0	0	0	1	0	0	0	0	0	0	0
IL2RB	RASGRP1	0	0	0	0	1	1	0	0	0	1	0	0	0	0	0	0	0	0	1	0
IL2RB	STAT3	0	1	0	0	0	0	0	0	0	0	0	0	0	0	0	0	0	0	0	0
IL2RB	NBEAL2	0	0	0	0	0	1	0	0	0	0	0	0	0	0	0	0	0	0	0	0
NFAT5	FOXP3	0	1	0	0	0	0	0	0	0	0	0	0	0	0	0	0	0	0	0	0
NFAT5	LRBA	0	0	0	0	0	0	0	0	0	0	0	0	0	0	0	1	0	0	0	0
NFAT5	TET2	0	0	0	0	0	0	0	0	0	0	0	0	1	0	0	0	0	0	0	0
NFAT5	LYST	0	0	0	0	0	0	0	0	0	0	0	0	0	0	0	0	0	1	0	0
TRAF3	CARMIL2	0	0	0	0	0	1	0	0	0	0	0	0	0	0	0	0	0	0	0	0
TRAF3	CD27	0	1	0	0	0	1	0	0	0	0	0	0	0	0	0	0	0	0	0	0
TRAF3	PDCD1	0	0	0	0	0	1	0	0	0	0	0	0	0	0	0	0	0	0	0	0
TRAF3	FOXP3	0	0	0	0	0	1	0	0	0	0	0	0	0	0	0	0	0	0	0	0
TRAF3	IL2RA	0	0	0	0	0	1	0	0	0	0	0	0	0	0	0	0	0	0	0	0
TRAF3	TNFRSF9	0	1	0	0	0	0	0	0	0	0	0	0	0	0	0	0	0	0	0	0
TRAF3	CTLA4	0	0	0	0	0	1	0	0	0	0	0	0	0	0	0	0	0	0	0	0
TRAF3	AIRE	0	0	0	0	0	1	0	0	0	0	0	0	0	0	0	0	0	0	0	0
TRAF3	CD70	0	0	0	0	0	0	0	0	0	0	0	0	0	0	0	1	0	0	0	0
TRAF3	IKZF1	0	0	0	0	0	1	0	0	0	0	0	0	0	0	0	0	0	0	0	0
TRAF3	CTPS1	0	0	0	0	0	0	0	0	0	0	0	0	0	0	1	0	0	0	0	0
TRAF3	RASGRP1	0	0	0	0	0	1	0	0	0	0	0	0	0	0	0	0	0	0	0	0
TRAF3	STAT3	0	0	0	0	0	0	0	0	0	0	0	0	0	0	1	0	0	0	0	0
TRAF3	RIPK1	0	1	0	0	0	0	0	0	0	0	0	0	0	1	0	0	0	0	0	0
TRAF3	IL2RB	0	0	0	0	0	1	0	0	0	0	0	0	0	0	0	0	0	0	0	0
PLCG1	CARMIL2	0	0	0	0	0	0	0	0	0	0	0	0	0	0	0	0	0	0	1	0
PLCG1	AIRE	0	1	0	0	0	0	0	0	0	0	0	0	0	0	0	0	0	0	0	0
PLCG1	SH2D1A	0	0	0	0	0	0	0	0	0	0	0	0	0	0	0	0	0	0	1	0
PLCG1	NFATC2	0	0	0	0	0	0	0	0	0	0	0	0	0	0	0	0	0	0	1	0
PLCG1	LRBA	0	0	0	0	0	0	0	0	0	0	0	0	0	0	0	0	0	0	1	0
PLCG1	JAK1	0	1	0	0	0	0	0	0	0	0	0	0	0	0	0	0	0	0	0	0
PLCG1	CTPS1	0	1	0	0	0	0	0	0	0	0	0	0	0	0	0	0	0	0	0	0
PLCG1	RASGRP1	0	0	0	0	0	0	0	0	0	0	0	0	0	0	0	0	0	0	1	0
PLCG1	PRKCD	0	0	0	0	0	0	0	0	0	0	1	0	0	1	0	0	0	0	0	1
PLCG1	NBEAL2	0	0	0	0	0	0	0	0	1	0	1	0	0	0	0	0	0	0	0	0
PLCG1	LYST	0	0	0	0	0	0	0	0	1	0	0	1	0	0	0	0	0	0	0	0
PLCG1	IL2RB	0	0	0	0	0	0	0	0	0	0	0	0	0	0	0	0	0	0	1	0
PLCG1	NFAT5	0	1	0	0	0	0	0	0	0	0	0	0	0	0	0	0	0	0	0	0
RHBDF2	CARMIL2	0	0	0	0	0	1	0	0	0	0	0	0	0	0	0	0	0	0	0	0
RHBDF2	GIMAP5	0	0	0	0	0	1	0	0	0	0	0	0	0	0	0	0	0	0	0	0
RHBDF2	CD27	0	0	0	0	0	1	0	0	0	0	0	0	0	0	0	0	0	0	0	0
RHBDF2	PDCD1	0	1	1	0	0	1	0	0	0	0	0	0	0	0	0	0	0	0	0	0
RHBDF2	FOXP3	0	0	0	0	0	1	0	0	0	0	0	0	0	0	0	0	0	0	0	0
RHBDF2	IL2RA	0	0	1	0	0	1	0	0	0	0	0	0	0	0	0	0	0	0	0	0
RHBDF2	CTLA4	0	0	0	0	0	1	0	0	0	0	0	0	0	0	0	0	0	0	0	0
RHBDF2	SH2D1A	0	0	0	0	0	1	0	0	0	0	0	0	0	0	0	0	0	0	0	0
RHBDF2	NFATC2	0	0	0	1	0	0	0	0	0	0	0	0	0	0	0	0	0	0	0	0
RHBDF2	BACH2	0	0	0	0	0	1	0	0	0	0	0	0	0	0	0	0	0	0	0	0
RHBDF2	PRF1	0	0	1	0	0	0	0	1	0	0	0	0	0	0	0	0	0	0	0	0
RHBDF2	TLR7	0	0	0	1	0	0	0	0	0	0	0	0	0	0	0	0	0	0	0	0
RHBDF2	IKZF1	0	0	0	0	0	0	0	0	0	0	0	0	1	0	0	0	0	0	0	0
RHBDF2	ERN1	0	0	1	0	0	0	0	0	0	0	0	0	0	0	0	0	0	0	0	0
RHBDF2	RHOG	0	0	0	0	0	0	0	0	0	0	0	0	1	0	0	0	0	0	0	0
RHBDF2	RASGRP1	0	0	0	0	0	1	0	0	0	0	0	0	0	0	0	0	0	0	0	0
RHBDF2	PRKCD	0	0	0	0	0	0	0	0	0	0	1	0	0	0	0	1	0	0	0	0
RHBDF2	NBEAL2	0	0	0	0	0	0	0	0	0	0	1	0	0	0	0	0	0	0	0	0
RHBDF2	SLC7A7	0	0	0	1	0	0	0	0	0	0	0	0	0	0	0	0	1	0	0	0
RHBDF2	TRAF3	0	0	0	0	0	1	0	0	0	0	1	0	0	0	0	0	0	0	0	0
RHBDF2	PLCG1	0	0	0	0	0	0	0	0	0	0	0	0	0	0	0	0	0	0	0	1
CBLB	GIMAP5	0	0	1	0	0	0	0	0	0	0	0	0	0	0	0	0	0	0	0	0
CBLB	SH2D1A	0	0	0	0	0	0	0	0	0	0	0	0	0	0	0	0	0	0	1	0
CBLB	NFATC2	0	0	0	0	0	0	0	0	0	0	0	0	0	0	0	0	0	0	1	0
CBLB	LRBA	0	0	0	0	0	0	0	0	0	0	0	0	0	0	0	0	0	0	1	0
CBLB	ERN1	0	0	0	1	0	0	0	0	0	0	0	0	0	0	0	0	0	0	0	0
CBLB	TET2	0	0	0	1	0	0	0	0	0	0	0	0	0	0	0	0	0	0	0	0
CBLB	RASGRP1	0	0	0	0	0	0	0	0	0	0	0	0	0	0	0	0	0	0	1	0
CBLB	TPP2	0	0	0	0	0	1	0	0	0	0	0	0	0	0	0	0	0	0	0	0
CBLB	IL2RB	0	0	0	0	0	0	0	0	0	0	0	0	0	0	0	0	0	0	1	0
CBLB	TRAF3	0	1	0	0	0	0	0	0	0	0	0	0	0	0	0	0	0	0	0	0
CBLB	PLCG1	0	0	0	0	0	0	0	0	0	0	0	0	0	0	0	0	0	0	1	0
CBLB	RHBDF2	0	0	0	0	0	0	0	0	0	0	1	0	0	0	0	0	0	0	0	0
XIAP	CD27	0	0	0	0	0	0	1	0	0	0	0	0	0	0	0	0	0	0	0	0
XIAP	SH2D1A	0	0	0	0	0	0	1	0	0	0	0	0	0	0	0	0	0	0	0	0
XIAP	ITCH	0	0	0	0	0	0	0	0	0	0	0	0	1	0	0	0	0	0	0	0
XIAP	IL10RB	0	0	0	0	0	0	0	0	0	0	0	0	0	0	0	0	0	0	0	1
XIAP	PRF1	0	0	0	0	0	0	1	0	0	0	0	0	0	0	0	0	0	0	0	0
XIAP	TET2	0	0	0	0	0	1	0	0	0	0	0	0	0	0	0	0	0	0	0	0
XIAP	CTPS1	0	0	0	0	0	0	1	0	0	0	0	0	0	0	0	0	0	0	0	0
XIAP	ARPC5	0	0	0	0	0	0	0	0	0	1	0	0	0	0	1	0	0	0	0	0
XIAP	AP3B1	0	0	0	0	0	0	0	0	0	1	0	0	0	0	0	0	0	0	0	0
XIAP	DPP9	0	0	0	0	0	0	0	0	0	0	0	0	0	0	0	0	0	0	0	1
XIAP	DOCK11	0	0	0	0	0	0	0	0	0	0	0	0	0	0	0	0	0	0	1	0
XIAP	STX11	0	0	0	0	0	0	1	0	0	0	0	0	0	0	0	0	0	0	0	0
XIAP	RIPK1	0	1	0	0	0	0	0	0	0	0	0	0	0	1	0	0	0	0	0	0
XIAP	TPP2	0	0	0	0	0	0	0	0	0	0	0	0	1	0	0	0	0	0	0	0
SH2B3	IL10RB	0	0	0	0	0	0	0	1	0	0	0	0	0	0	0	0	0	0	0	0
SH2B3	PRF1	0	0	0	0	0	0	0	1	0	0	0	0	0	0	0	0	0	0	0	0
SH2B3	JAK1	0	0	0	0	0	1	0	0	0	0	0	0	0	0	0	0	0	0	0	0
SH2B3	IKZF1	1	0	0	0	0	0	0	1	0	0	0	0	0	0	0	0	0	0	0	0
SH2B3	TET2	0	0	0	0	0	0	1	0	0	0	0	0	0	0	0	0	0	0	0	0
SH2B3	LYST	0	0	0	0	0	1	0	0	0	0	0	0	0	0	0	0	0	0	0	0
SH2B3	TPP2	0	0	0	0	0	1	0	0	0	0	0	0	0	0	0	0	0	0	0	0
SH2B3	TRAF3	0	0	0	0	0	0	0	0	0	0	0	0	0	0	1	0	0	0	0	0
SH2B3	PLCG1	0	1	0	0	0	0	0	0	0	0	0	0	0	0	0	0	0	0	0	0
SH2B3	RHBDF2	1	0	0	0	0	0	0	1	0	0	0	0	0	0	0	0	0	0	0	0
IL10RA	CARMIL2	0	0	1	0	1	1	0	1	0	0	0	0	0	0	0	0	0	0	0	0
IL10RA	CD27	0	0	1	0	0	1	0	0	0	0	0	0	0	0	0	0	0	0	0	0
IL10RA	PDCD1	0	0	0	0	1	1	0	0	0	0	0	0	0	0	0	0	0	0	0	0
IL10RA	FOXP3	0	0	0	0	0	1	0	0	0	0	0	0	0	0	0	0	0	0	0	0
IL10RA	IL2RA	0	0	0	0	0	1	0	0	0	0	0	0	0	0	0	0	0	0	0	0
IL10RA	CTLA4	0	0	1	0	1	1	0	0	0	0	0	0	0	0	0	0	0	0	0	0
IL10RA	SH2D1A	0	0	0	0	1	1	0	0	0	0	0	0	0	0	0	0	0	0	0	0
IL10RA	NFATC2	0	0	0	1	0	0	0	0	0	0	0	0	0	0	0	0	0	0	0	0
IL10RA	IL10RB	0	1	0	0	0	0	1	0	0	0	0	0	0	0	0	0	0	0	0	0
IL10RA	PRF1	0	0	1	0	0	0	0	0	0	0	0	0	0	0	0	0	0	0	0	0
IL10RA	TLR7	1	0	0	1	0	1	0	1	0	0	0	0	0	0	0	0	0	0	0	1
IL10RA	JAK1	0	1	0	0	0	0	0	0	0	0	0	0	0	0	0	0	0	0	0	0
IL10RA	IKZF1	0	0	0	0	0	0	0	0	0	0	0	0	1	0	0	0	0	0	0	0
IL10RA	ERN1	0	0	1	0	0	0	0	0	0	0	0	0	0	0	0	0	0	0	0	0
IL10RA	RASGRP1	0	0	0	0	1	1	0	0	0	0	0	0	0	0	0	0	0	0	0	0
IL10RA	PRKCD	0	0	0	0	0	0	0	0	0	0	1	0	0	0	0	0	0	0	0	0
IL10RA	SLC7A7	0	0	0	0	0	0	0	0	0	0	0	0	1	0	0	0	0	0	0	0
IL10RA	DOCK11	0	0	0	1	0	0	0	0	0	0	1	0	0	0	0	0	0	0	0	0
IL10RA	IL10	0	1	0	0	0	0	0	0	0	0	0	0	0	0	0	0	0	0	0	0
IL10RA	IL2RB	0	0	1	0	1	1	0	1	0	0	0	0	0	0	0	0	0	0	0	0
IL10RA	TRAF3	0	0	0	0	0	1	0	0	0	0	0	0	0	0	0	0	0	0	0	0
IL10RA	RHBDF2	0	0	0	0	0	0	0	0	0	0	0	0	1	0	0	0	0	0	0	0
IL10RA	SH2B3	0	0	0	0	0	0	0	1	0	0	0	0	0	0	0	0	0	0	0	0
UNC93B1	CARMIL2	0	0	0	0	0	1	0	0	0	0	0	0	0	0	0	0	0	0	0	0
UNC93B1	CD27	0	0	0	0	0	1	0	0	0	0	0	0	0	0	0	0	0	0	0	0
UNC93B1	PDCD1	0	0	0	0	0	1	0	0	0	0	0	0	0	0	0	0	0	0	0	0
UNC93B1	FOXP3	0	0	0	0	0	1	0	0	0	0	0	0	0	0	0	0	0	0	0	0
UNC93B1	IL2RA	0	0	0	0	0	1	0	0	0	0	0	0	0	0	0	0	0	0	0	0
UNC93B1	CTLA4	0	0	0	0	0	1	0	0	0	0	0	0	0	0	0	0	0	0	0	0
UNC93B1	IL10RB	0	0	0	0	0	0	0	1	0	0	0	0	0	0	1	0	0	0	0	0
UNC93B1	TLR7	0	0	0	0	0	0	0	0	0	0	0	0	0	0	0	0	0	0	0	1
UNC93B1	IKZF1	1	0	0	0	0	1	0	1	0	0	0	0	0	0	0	0	0	0	0	0
UNC93B1	RHOG	0	0	0	0	0	0	0	1	0	0	0	0	0	0	0	0	0	0	0	0
UNC93B1	PRKCD	0	0	0	0	0	0	0	1	0	1	1	1	0	0	1	0	0	0	0	0
UNC93B1	NBEAL2	0	0	0	0	0	1	0	0	0	0	0	0	0	0	0	0	0	0	0	0
UNC93B1	SLC7A7	0	0	0	0	0	0	0	0	0	0	0	0	1	0	0	0	0	0	0	0
UNC93B1	IL2RB	0	0	0	0	0	1	0	0	0	0	0	0	0	0	0	0	0	0	0	0
UNC93B1	TRAF3	0	0	0	0	0	1	0	0	0	0	0	0	0	0	0	0	0	0	0	0
UNC93B1	PLCG1	0	0	0	0	0	0	0	0	0	0	0	0	0	0	0	0	0	0	0	1
UNC93B1	RHBDF2	0	0	0	0	0	0	0	0	0	0	0	0	1	0	0	0	0	0	0	0
UNC93B1	IL10RA	0	0	0	0	0	0	0	0	0	0	0	0	1	0	0	0	0	0	0	0
TGFB1	SH2D1A	0	0	0	0	0	1	0	0	0	0	0	0	0	0	0	0	0	0	0	0
TGFB1	CD70	0	0	0	0	0	0	0	0	0	0	0	0	0	0	0	1	0	0	0	0
TGFB1	NFATC2	0	0	1	1	0	0	0	0	0	0	0	0	0	0	0	0	0	0	0	0
TGFB1	BACH2	0	0	0	0	0	1	0	0	0	0	0	0	0	0	0	0	0	0	0	0
TGFB1	JAK1	0	0	0	0	0	1	0	0	0	0	0	0	0	0	0	0	0	0	0	0
TGFB1	IKZF1	0	0	0	1	0	0	0	0	0	0	0	0	0	0	0	0	0	0	0	0
TGFB1	RHOG	0	1	0	0	0	0	0	0	0	0	0	0	1	0	0	0	0	0	0	0
TGFB1	STAT3	0	0	0	1	0	0	0	0	0	0	0	0	0	0	0	0	1	0	0	0
TGFB1	PRKCD	0	0	0	0	0	0	0	0	0	0	1	0	0	0	0	0	0	0	0	0
TGFB1	SLC7A7	0	0	0	1	0	0	0	0	0	0	0	0	0	0	0	0	1	0	0	0
TGFB1	LYST	0	0	0	0	0	1	0	0	0	0	0	0	0	0	0	0	0	0	0	0
TGFB1	DOCK11	0	0	0	0	0	0	0	0	0	0	1	0	0	0	0	0	0	0	0	0
TGFB1	TPP2	0	0	0	0	0	1	0	0	0	0	0	0	0	0	0	0	0	0	0	0
TGFB1	TRAF3	0	0	0	0	0	0	0	0	0	0	0	0	0	0	1	0	0	0	0	0
TGFB1	RHBDF2	0	0	0	0	0	0	0	0	0	0	0	0	1	0	0	0	0	0	0	0
TGFB1	SH2B3	0	0	0	0	0	1	0	0	0	0	0	0	0	0	1	0	0	0	0	0
TGFB1	IL10RA	0	0	0	1	0	0	0	0	0	0	0	0	0	0	0	0	0	0	0	0
TGFB1	UNC93B1	0	0	0	0	0	0	0	0	0	0	0	0	1	0	0	0	0	0	0	0
MAGT1	SH2D1A	0	0	0	0	0	0	1	0	0	0	0	0	0	0	0	0	0	0	0	0
MAGT1	ITCH	0	0	0	0	0	0	0	0	0	0	0	0	0	0	0	0	0	0	0	1
MAGT1	IL10RB	0	0	0	0	0	0	0	0	0	0	0	1	0	0	0	0	0	0	0	0
MAGT1	JAK1	0	0	0	0	0	0	0	0	0	0	0	0	0	0	0	0	0	1	0	0
MAGT1	RHOG	0	0	0	1	0	0	0	0	0	0	0	0	0	0	0	0	0	0	0	0
MAGT1	CTPS1	0	0	0	0	0	0	1	0	0	0	0	0	0	0	0	0	0	0	0	0
MAGT1	STAT3	0	0	0	0	0	0	0	0	0	0	0	0	0	0	0	0	1	0	0	1
MAGT1	ARPC5	0	0	0	0	0	0	0	0	0	0	0	0	1	0	0	0	0	0	0	0
MAGT1	AP3B1	0	0	0	0	0	0	0	0	0	0	0	0	1	0	0	0	0	0	0	0
MAGT1	DPP9	0	0	0	0	0	0	0	0	0	0	0	0	0	0	0	0	0	0	0	1
MAGT1	XIAP	0	0	0	0	0	0	1	0	0	0	0	0	1	0	0	0	0	0	0	0
MAGT1	SH2B3	0	0	0	0	0	0	0	0	0	0	0	1	0	0	0	0	0	0	0	0
IL27RA	CARMIL2	0	0	0	0	0	1	0	0	0	0	0	0	0	0	0	0	0	0	0	0
IL27RA	GIMAP5	0	0	0	0	0	1	0	0	0	0	0	0	0	0	0	0	0	0	0	0
IL27RA	CD27	0	0	0	0	0	1	0	0	0	0	0	0	0	0	0	0	0	0	0	0
IL27RA	PDCD1	0	0	0	0	0	1	0	0	0	0	0	0	0	0	0	0	0	0	0	0
IL27RA	FOXP3	0	0	0	0	0	1	0	0	0	0	0	0	0	0	0	0	0	0	0	0
IL27RA	IL2RA	0	0	0	0	0	1	0	0	0	0	0	0	0	0	0	0	0	0	0	0
IL27RA	TNFSF9	0	1	0	0	0	0	0	0	0	0	0	0	0	0	0	0	0	0	0	0
IL27RA	CTLA4	0	0	0	0	0	1	0	0	0	0	0	0	0	0	0	0	0	0	0	0
IL27RA	AIRE	0	0	0	0	0	1	0	0	0	0	0	0	0	0	0	0	0	0	0	0
IL27RA	SH2D1A	0	0	0	0	0	1	0	0	0	0	0	0	0	0	0	0	0	0	0	0
IL27RA	PEPD	0	0	0	0	0	0	0	0	0	0	0	0	0	0	0	0	0	0	1	0
IL27RA	TLR7	0	0	0	0	0	1	0	0	0	0	0	0	0	0	0	0	0	0	0	0
IL27RA	JAK1	0	1	0	0	0	0	0	0	0	0	0	0	0	0	0	0	0	0	0	0
IL27RA	IKZF1	1	0	0	0	0	1	0	0	0	0	0	1	0	0	0	0	0	0	0	0
IL27RA	RASGRP1	0	0	0	0	0	1	0	0	0	0	0	0	0	0	0	0	0	0	0	0
IL27RA	SLC7A7	0	0	0	0	0	0	0	0	0	0	1	0	0	0	0	0	0	0	0	0
IL27RA	GIMAP6	1	0	0	0	0	1	0	1	0	0	0	1	0	0	1	0	0	0	0	0
IL27RA	IL2RB	0	0	0	0	0	1	0	0	0	0	0	0	0	0	0	0	0	0	0	0
IL27RA	RHBDF2	0	0	0	0	0	1	0	0	0	0	0	0	0	0	0	0	0	0	0	0
IL27RA	IL10RA	1	0	0	0	0	1	0	0	0	1	0	0	0	0	0	0	0	0	0	0
IL27RA	UNC93B1	1	0	0	0	0	0	0	0	0	0	0	0	0	0	0	0	0	0	0	0
IL27RA	TGFB1	0	0	0	0	0	1	0	0	0	0	1	0	0	0	0	0	0	0	0	0
ELF4	NFATC2	0	0	0	1	0	0	0	0	0	0	0	0	0	0	0	0	0	0	0	0
ELF4	IL10RB	0	0	0	0	0	1	0	0	0	1	0	0	0	0	0	0	0	0	0	0
ELF4	IKZF1	0	0	0	1	0	0	0	0	0	0	0	0	0	0	0	0	0	0	0	0
ELF4	ERN1	0	0	0	0	0	0	0	0	0	0	0	1	0	0	0	0	0	0	0	0
ELF4	RHOG	0	0	1	0	0	0	0	0	0	0	0	0	0	0	0	0	0	0	0	0
ELF4	STAT3	0	0	1	0	0	0	0	0	0	0	0	0	0	0	0	0	0	0	0	0
ELF4	PRKCD	0	0	0	0	0	1	0	0	0	1	1	1	0	0	0	1	0	0	0	0
ELF4	NBEAL2	0	0	0	0	0	1	0	0	0	0	1	0	0	0	0	0	0	0	0	0
ELF4	SLC7A7	0	0	0	1	0	0	0	0	0	0	1	0	0	0	0	0	1	0	0	0
ELF4	DOCK11	0	0	0	0	0	0	0	0	1	0	1	0	0	0	0	0	0	0	0	0
ELF4	STX11	0	0	0	0	0	0	0	0	0	0	0	0	0	0	0	0	0	1	0	0
ELF4	GIMAP6	0	0	0	0	0	0	0	0	0	0	1	0	0	0	0	0	0	0	0	0
ELF4	TRAF3	0	0	1	0	0	0	0	0	0	0	0	0	0	0	0	0	0	1	0	0
ELF4	RHBDF2	0	0	0	0	0	0	0	0	0	0	0	0	1	0	0	0	0	0	0	0
ELF4	SH2B3	1	0	0	0	0	0	0	0	0	0	0	0	0	0	0	0	0	1	0	0
ELF4	IL10RA	0	0	0	1	0	0	0	0	0	0	1	0	0	0	0	0	0	0	0	0
ELF4	UNC93B1	0	0	0	0	0	1	0	0	0	1	0	1	0	0	0	0	0	0	0	0
ELF4	TGFB1	0	0	0	0	0	0	0	0	0	0	0	0	1	0	0	0	0	0	0	0
ELF4	IL27RA	0	0	0	0	0	0	0	0	0	0	1	0	0	0	0	0	0	0	0	0
UNC13D	CARMIL2	0	0	1	0	1	1	0	0	0	0	0	0	0	0	0	0	0	0	0	0
UNC13D	GIMAP5	0	0	0	0	0	1	0	0	0	0	0	0	0	0	0	0	0	0	0	0
UNC13D	CD27	0	0	1	0	0	0	1	0	0	0	0	0	0	0	0	0	0	0	0	0
UNC13D	PDCD1	0	0	0	0	0	1	0	0	0	0	0	0	0	0	0	0	0	0	0	0
UNC13D	FOXP3	0	0	0	0	0	1	0	0	0	0	0	0	0	0	0	0	0	0	0	0
UNC13D	CTLA4	0	0	1	0	0	0	0	0	0	0	0	0	0	0	0	0	0	0	0	0
UNC13D	AIRE	0	0	0	0	0	1	0	0	0	0	0	0	0	0	0	0	0	0	0	0
UNC13D	SH2D1A	0	0	1	0	0	1	0	0	0	0	0	0	0	0	0	0	0	0	0	0
UNC13D	CD70	0	0	0	0	0	1	0	0	0	0	0	0	0	0	0	0	0	0	0	0
UNC13D	BACH2	0	0	0	0	0	1	0	0	0	0	0	0	0	0	0	0	0	0	0	0
UNC13D	PRF1	0	0	0	0	0	0	1	0	0	0	0	0	0	0	0	0	0	0	0	0
UNC13D	IKZF1	0	0	1	0	0	0	0	0	0	0	0	0	0	0	0	0	0	0	0	0
UNC13D	RHOG	0	0	0	1	0	0	0	0	0	0	0	0	0	0	0	1	0	0	0	0
UNC13D	RASGRP1	0	0	0	0	1	0	0	0	0	0	0	0	0	0	0	0	0	0	0	0
UNC13D	PRKCD	0	0	0	0	0	0	0	0	0	0	0	0	0	0	0	0	0	0	1	0
UNC13D	NBEAL2	0	0	0	0	0	0	0	0	0	0	0	0	1	0	0	0	0	0	0	0
UNC13D	STX11	0	0	0	0	0	0	1	0	0	0	0	0	0	0	0	0	0	0	0	0
UNC13D	IL2RB	0	0	1	0	0	0	0	0	0	0	0	0	0	0	0	0	0	0	0	0
UNC13D	RHBDF2	0	0	0	1	0	1	0	0	0	0	0	0	0	0	0	1	0	0	0	0
UNC13D	CBLB	0	0	1	0	0	0	0	0	0	0	0	0	0	0	0	0	0	0	0	0
UNC13D	XIAP	0	0	0	0	0	0	1	0	0	0	0	0	0	0	0	0	0	0	0	0
UNC13D	IL10RA	0	0	0	0	0	1	0	0	0	0	0	0	0	0	0	0	0	0	0	0
UNC13D	UNC93B1	0	0	0	0	0	0	0	0	0	0	0	0	0	0	0	0	0	0	1	0
UNC13D	TGFB1	0	0	0	0	0	1	0	0	0	0	0	0	0	0	0	1	0	0	0	0
UNC13D	IL27RA	0	0	0	0	0	1	0	0	0	0	0	0	0	0	0	0	0	0	0	0
STXBP2	FERMT1	0	0	0	0	0	0	0	0	0	1	0	0	0	0	0	0	0	0	0	0
STXBP2	CD27	0	0	0	0	0	0	1	0	0	0	0	0	0	0	0	0	0	0	0	0
STXBP2	AP3D1	0	0	0	0	0	0	0	0	0	0	0	0	0	0	0	0	0	0	0	1
STXBP2	PEPD	0	0	0	0	0	0	0	0	0	0	0	0	0	0	0	0	0	0	0	1
STXBP2	IL10RB	0	0	0	0	0	1	0	0	0	0	0	0	0	0	0	0	0	0	0	0
STXBP2	PRF1	0	0	0	0	0	0	1	0	0	0	0	0	0	0	0	0	0	0	0	0
STXBP2	IKZF1	0	0	0	0	0	0	0	0	0	0	0	0	1	0	0	0	0	0	0	0
STXBP2	ERN1	0	0	0	0	0	0	0	0	0	0	0	0	0	0	0	0	0	0	0	1
STXBP2	RHOG	0	0	0	0	0	0	0	0	0	0	0	0	0	0	0	0	0	1	1	0
STXBP2	PRKCD	0	0	0	0	0	0	0	0	0	0	0	0	1	0	0	0	0	0	0	0
STXBP2	NBEAL2	0	0	0	0	0	1	0	0	0	0	0	0	0	0	1	0	0	0	0	0
STXBP2	SLC7A7	0	0	0	1	0	1	0	0	0	0	0	1	0	0	0	0	0	0	0	0
STXBP2	DOCK11	0	0	0	0	0	0	0	0	0	0	0	0	0	0	0	0	0	0	0	1
STXBP2	STX11	0	1	0	0	0	0	1	0	0	0	0	0	0	0	0	0	0	0	0	0
STXBP2	RHBDF2	0	0	0	0	0	0	0	0	0	0	0	0	1	0	0	0	0	0	0	0
STXBP2	XIAP	0	0	0	0	0	0	1	0	0	0	0	0	0	0	0	0	0	0	0	0
STXBP2	SH2B3	0	0	0	0	0	0	0	1	0	0	0	0	0	0	0	0	0	0	0	0
STXBP2	IL10RA	1	0	0	1	0	0	0	1	0	0	0	0	0	0	0	0	0	0	0	0
STXBP2	UNC93B1	0	0	0	0	0	0	0	0	0	0	0	0	1	0	0	0	0	0	0	0
STXBP2	TGFB1	0	0	0	1	0	0	0	0	0	0	0	0	0	0	0	0	0	0	0	0
STXBP2	IL27RA	1	0	0	0	0	0	0	0	0	0	0	0	0	0	0	0	0	0	0	0
STXBP2	ELF4	0	0	0	1	0	1	0	0	0	0	0	1	0	0	0	0	0	0	0	0
STXBP2	UNC13D	0	0	0	1	0	0	1	0	0	0	0	0	0	0	0	0	0	0	0	0
RAB27A	SOCS1	0	0	0	0	0	0	0	0	0	0	1	0	0	0	0	0	0	0	0	0
RAB27A	LRBA	0	0	0	0	0	0	0	0	0	0	0	0	0	0	1	0	0	0	0	0
RAB27A	IL10RB	0	0	0	1	0	0	0	0	0	0	0	0	0	0	1	0	0	0	1	0
RAB27A	ERN1	0	0	0	1	0	0	0	0	0	0	0	0	0	0	0	0	0	0	0	0
RAB27A	STAT3	0	0	0	0	0	0	0	0	0	0	0	0	1	0	0	0	0	0	0	0
RAB27A	PRKCD	0	0	0	0	0	0	0	0	0	0	0	0	0	0	0	0	0	0	1	0
RAB27A	ARPC5	0	0	0	0	0	0	0	0	0	0	0	0	0	0	0	0	0	0	1	0
RAB27A	LYST	0	0	0	0	0	0	1	0	0	0	0	0	0	0	0	0	0	0	0	0
RAB27A	CBLB	0	0	0	0	0	0	0	0	1	0	0	0	0	0	0	0	0	0	0	0
RAB27A	ELF4	0	0	0	0	0	0	0	0	1	0	0	0	0	0	1	0	0	0	0	0
RAB27A	UNC13D	0	1	0	0	0	0	0	0	0	0	0	0	0	0	0	0	0	0	0	0
CASP8	CARMIL2	0	0	0	0	0	1	0	0	0	0	0	0	0	0	0	0	0	0	0	0
CASP8	CD27	0	0	0	0	0	1	0	0	0	0	0	0	0	0	0	0	0	0	0	0
CASP8	PDCD1	0	0	0	0	0	1	0	0	0	0	0	0	0	0	0	0	0	0	0	0
CASP8	FOXP3	0	0	0	0	0	1	0	0	0	0	0	0	0	0	0	0	0	0	0	0
CASP8	IL2RA	0	0	0	0	0	1	0	0	0	0	0	0	0	0	0	0	0	0	0	0
CASP8	CTLA4	0	0	0	0	0	1	0	0	0	0	0	0	0	0	0	0	0	0	0	0
CASP8	SOCS1	0	0	0	0	0	1	0	0	0	0	0	0	0	0	0	0	0	0	0	0
CASP8	LRBA	0	0	0	0	0	0	1	0	0	0	0	0	0	0	0	0	0	0	0	0
CASP8	IL10RB	0	0	0	0	0	0	1	1	0	1	0	1	0	0	0	0	0	0	0	0
CASP8	IKZF1	0	0	0	0	0	1	0	1	1	0	0	0	0	0	0	0	0	0	0	0
CASP8	ERN1	0	0	0	0	0	1	0	0	0	0	0	1	0	0	0	0	0	0	0	0
CASP8	FADD	0	1	0	0	0	0	0	0	0	0	0	0	0	1	0	0	0	0	0	0
CASP8	RASGRP1	0	0	0	0	0	1	0	0	0	0	0	0	0	0	0	0	0	0	0	0
CASP8	PRKCD	0	0	0	0	0	0	1	0	0	0	0	1	0	0	0	0	0	0	0	0
CASP8	ARPC5	0	0	0	0	0	0	0	0	1	0	0	0	0	0	0	0	0	0	0	0
CASP8	NBEAL2	0	0	0	0	0	0	0	0	0	1	0	0	0	0	0	0	0	0	0	0
CASP8	DOCK11	0	0	0	0	0	0	0	0	1	0	0	0	0	0	0	0	0	0	0	0
CASP8	RIPK1	0	1	0	0	0	0	0	0	0	0	0	0	0	1	0	0	0	0	1	0
CASP8	IL2RB	0	0	0	0	0	1	0	0	0	0	0	0	0	0	0	0	0	0	0	0
CASP8	TRAF3	0	0	0	0	0	1	0	0	0	0	0	0	0	0	0	0	0	0	0	0
CASP8	RHBDF2	0	0	0	0	1	1	0	1	0	0	0	0	0	0	0	0	0	0	0	0
CASP8	XIAP	0	1	0	0	0	0	0	0	0	0	0	0	0	1	0	0	0	0	0	0
CASP8	SH2B3	0	0	0	0	0	0	0	1	0	0	0	0	0	0	0	0	0	0	0	0
CASP8	IL10RA	0	0	0	0	0	1	1	1	1	0	0	0	0	0	0	0	0	0	0	0
CASP8	UNC93B1	1	0	0	0	0	1	0	1	0	1	0	1	0	0	0	0	0	0	0	0
CASP8	ELF4	0	0	0	0	1	0	0	0	1	0	0	0	0	0	0	0	0	0	0	0
CASP8	STXBP2	0	0	0	0	0	0	0	1	0	0	0	0	0	0	0	0	0	0	0	0
DEF6	CARMIL2	0	0	0	0	0	0	0	0	0	0	0	0	1	0	0	0	0	0	0	0
DEF6	FERMT1	0	0	0	0	0	0	0	0	0	0	0	1	0	0	0	0	0	0	0	0
DEF6	CD27	0	0	1	0	0	1	0	0	0	1	0	1	0	0	0	0	0	0	0	0
DEF6	PDCD1	0	0	0	0	1	1	0	0	0	0	0	0	0	0	0	0	0	0	0	0
DEF6	FOXP3	0	0	1	0	0	1	0	0	0	0	0	0	0	0	0	0	0	0	0	0
DEF6	FAAP24	0	0	0	0	0	0	0	0	0	0	0	0	0	0	0	1	0	0	0	0
DEF6	IL2RA	0	0	0	0	0	1	0	0	0	0	0	0	0	0	0	0	0	0	0	0
DEF6	CTLA4	0	0	1	0	0	1	0	0	0	0	0	0	0	0	0	0	0	0	0	0
DEF6	AIRE	0	0	0	0	0	1	0	0	0	0	0	0	0	0	0	0	0	0	0	0
DEF6	SH2D1A	0	0	1	0	1	1	0	0	0	0	0	0	0	0	0	0	0	0	0	0
DEF6	NFATC2	0	0	1	1	0	0	0	0	0	0	0	0	0	0	0	0	0	0	0	0
DEF6	IL10RB	0	0	0	0	0	0	0	0	0	0	0	1	0	0	0	0	0	0	0	0
DEF6	PRF1	0	0	1	0	0	0	0	1	0	0	0	0	0	0	0	0	0	0	0	0
DEF6	TLR7	0	0	0	1	0	1	0	1	0	0	0	0	0	0	0	0	0	0	0	0
DEF6	IKZF1	0	0	0	0	0	0	0	0	0	0	0	0	1	0	0	0	0	0	0	0
DEF6	RASGRP1	0	0	0	0	0	0	0	0	0	0	0	0	1	0	0	0	0	0	0	0
DEF6	NBEAL2	0	0	0	0	0	0	0	0	0	0	0	0	1	0	0	0	0	0	0	0
DEF6	SLC7A7	0	0	0	1	0	0	0	0	0	0	0	0	0	0	0	0	0	0	0	0
DEF6	DOCK11	0	0	0	1	0	0	0	0	0	0	0	0	0	0	0	0	0	0	0	0
DEF6	IL2RB	0	0	0	0	0	0	0	0	0	0	0	0	1	0	0	0	0	0	0	0
DEF6	TRAF3	0	0	0	0	0	1	0	0	0	0	0	0	0	0	0	0	0	0	0	0
DEF6	RHBDF2	0	0	0	0	0	0	0	0	0	0	0	0	1	0	0	0	0	0	0	0
DEF6	IL10RA	0	0	0	0	0	0	0	0	0	0	0	0	1	0	0	0	0	0	0	0
DEF6	UNC93B1	0	0	0	0	0	0	0	0	0	0	0	0	1	0	0	0	0	0	0	0
DEF6	TGFB1	0	0	0	1	0	0	0	0	0	0	0	0	0	0	0	0	0	0	0	0
DEF6	IL27RA	1	0	0	0	0	1	0	0	0	0	0	0	0	0	0	0	0	0	0	0
DEF6	ELF4	0	0	0	1	0	0	0	0	0	0	0	0	0	0	0	0	0	0	0	0
DEF6	UNC13D	0	0	1	1	1	0	0	0	0	0	0	0	0	0	0	0	0	0	1	0
DEF6	STXBP2	0	0	0	0	0	0	0	0	0	0	0	0	1	0	0	0	0	0	0	0
DEF6	CASP8	0	0	0	0	0	1	0	1	0	1	0	0	0	0	0	0	0	0	0	0
CASP10	CARMIL2	0	0	0	0	0	0	0	0	0	0	0	1	0	0	0	0	0	0	0	0
CASP10	FERMT1	0	0	0	0	0	0	0	0	0	0	0	0	0	0	1	0	0	0	0	0
CASP10	GIMAP5	0	0	0	0	0	0	0	0	0	0	0	0	1	0	0	0	0	0	0	0
CASP10	CD27	0	0	0	0	0	0	1	0	0	0	0	0	0	0	0	0	0	0	0	0
CASP10	FOXP3	0	0	0	0	0	0	1	0	0	0	0	0	0	0	0	0	0	0	0	0
CASP10	SH2D1A	0	0	0	0	0	0	1	0	0	0	0	0	0	0	0	0	0	0	0	0
CASP10	IL10RB	0	0	0	0	0	0	0	0	0	1	0	1	0	0	1	0	0	0	0	0
CASP10	IKZF1	1	0	0	0	0	0	0	0	0	0	0	0	0	0	0	0	0	0	0	1
CASP10	FADD	0	1	0	0	0	0	0	0	0	0	0	0	0	1	0	0	0	0	0	0
CASP10	PRKCD	0	0	0	0	0	0	1	0	0	0	0	0	0	0	0	0	0	0	0	0
CASP10	NBEAL2	1	0	0	0	0	0	0	0	0	1	0	1	0	0	1	0	0	0	0	0
CASP10	GIMAP6	0	0	0	1	0	0	0	0	0	0	0	0	0	0	0	0	1	0	0	0
CASP10	RIPK1	0	1	0	0	0	0	0	0	0	0	0	0	0	0	0	0	0	0	0	0
CASP10	TPP2	0	0	0	0	0	0	1	0	0	0	0	0	0	0	0	0	0	0	0	0
CASP10	IL2RB	0	0	0	0	0	0	0	0	0	1	0	0	0	0	0	0	0	0	0	0
CASP10	PLCG1	0	0	0	0	0	0	0	0	0	0	0	0	0	0	0	0	0	0	0	1
CASP10	XIAP	0	1	0	0	0	0	0	0	0	0	0	0	0	0	0	0	0	0	0	0
CASP10	SH2B3	1	0	0	0	0	0	0	0	0	0	0	0	0	0	0	0	0	0	0	0
CASP10	IL10RA	1	0	0	0	0	0	0	0	0	0	0	0	0	0	0	0	0	0	0	1
CASP10	UNC93B1	1	0	0	0	0	0	0	0	0	0	0	0	0	0	0	0	0	0	0	0
CASP10	IL27RA	0	0	0	0	0	0	0	1	0	0	0	0	0	0	0	0	0	0	0	0
CASP10	UNC13D	0	0	1	0	0	0	0	0	0	0	0	0	0	0	0	0	0	0	0	0
CASP10	STXBP2	1	0	0	0	0	0	0	0	0	0	0	0	0	0	0	0	0	0	0	0
CASP10	RAB27A	0	0	0	1	0	0	0	0	0	0	0	0	0	0	0	0	0	0	0	0
CASP10	CASP8	1	1	0	0	0	0	0	0	1	1	0	0	0	1	0	0	0	0	0	0
CASP10	DEF6	1	0	0	0	0	0	0	0	0	1	0	1	0	0	0	0	0	0	0	0
