V1	V2	ppi.tsv	coex_LCL.tsv	HP.tsv	coex_FIB.tsv	coex_EMC.tsv	reactome_copathway.tsv	co-essential.tsv	coex_ITI.tsv	coex_TST.tsv	coex_ARG.tsv	coex_MSG.tsv
RMI2	H2AZ1	0	0	0	1	0	0	0	0	0	0	0
PARPBP	H2AZ1	0	0	0	1	0	0	0	0	0	0	0
PARPBP	TBC1D31	0	1	0	1	0	0	0	0	0	0	0
PARPBP	RMI2	0	0	0	1	0	0	0	1	1	0	0
CENPW	H2AZ1	0	1	0	1	1	0	0	0	0	0	0
CENPW	RMI2	0	0	0	1	0	0	0	0	0	0	0
CENPW	PARPBP	0	1	0	1	0	0	0	0	0	0	0
RTEL1	TERC	0	0	1	0	0	0	0	0	0	0	0
NOP10	H2AZ1	0	0	0	0	0	0	0	0	0	0	1
NOP10	TERC	0	0	1	0	0	0	0	0	0	0	0
NOP10	RTEL1	0	0	1	0	0	0	0	0	0	0	0
DNA2	H2AZ1	0	1	0	1	0	0	0	0	0	0	0
DNA2	TBC1D31	0	1	0	1	1	0	0	0	0	0	0
DNA2	RMI2	0	0	0	1	0	1	0	0	0	0	0
DNA2	PARPBP	0	1	0	1	0	0	0	0	1	0	0
DNA2	CENPW	0	1	0	1	0	0	0	0	0	0	0
CIP2A	H2AZ1	0	0	0	1	1	0	0	0	0	0	0
CIP2A	TBC1D31	0	1	0	0	1	0	0	0	1	0	0
CIP2A	RMI2	0	0	0	1	0	0	0	0	0	0	0
CIP2A	CENPW	0	0	0	1	1	0	0	0	0	0	0
CIP2A	DNA2	0	1	0	1	0	0	0	0	0	0	0
SAMD9	TBC1D31	0	0	0	0	0	0	0	0	0	1	0
SAMD9	PARPBP	0	0	0	0	0	0	0	0	0	0	1
CTC1	TEN1	1	0	0	0	0	0	1	0	0	0	0
CTC1	TERC	0	0	1	0	0	0	0	0	0	0	0
CTC1	RTEL1	0	0	1	0	0	0	0	0	0	0	0
CTC1	NOP10	0	0	1	0	0	0	0	0	0	0	0
WRAP53	H2AZ1	0	1	0	0	0	0	0	0	0	0	0
WRAP53	TBC1D31	0	0	0	0	0	0	0	1	1	0	0
WRAP53	TERC	0	0	1	0	0	0	0	0	0	0	0
WRAP53	RMI2	0	0	0	0	0	0	0	0	1	0	0
WRAP53	RTEL1	0	0	1	0	0	0	0	0	0	0	0
WRAP53	NOP10	0	0	1	0	0	0	0	0	0	0	0
WRAP53	CTC1	0	0	1	0	0	0	0	0	0	0	0
C1orf112	H2AZ1	0	0	0	1	1	0	0	0	0	0	0
C1orf112	TBC1D31	0	1	0	0	1	0	0	0	1	0	0
C1orf112	RMI2	0	0	0	1	0	0	0	0	1	0	0
C1orf112	PARPBP	0	1	0	1	0	0	0	0	1	0	0
C1orf112	CENPW	0	0	0	1	1	0	0	0	0	0	0
C1orf112	DNA2	0	1	0	1	1	0	0	0	1	0	0
USB1	TERC	0	0	1	0	0	0	0	0	0	0	0
USB1	RTEL1	0	0	1	0	0	0	0	0	0	0	0
USB1	NOP10	0	0	1	0	0	0	0	0	0	0	0
USB1	CTC1	0	0	1	0	0	0	0	0	0	0	0
USB1	WRAP53	0	0	1	0	1	0	0	0	0	0	1
MOV10	DNA2	1	0	0	0	0	0	0	0	0	0	0
MOV10	SAMD9L	0	1	0	0	0	0	0	0	0	0	0
MOV10	CTC1	0	0	0	0	0	0	0	0	0	0	1
STMN1	H2AZ1	0	1	0	1	1	0	0	1	0	0	0
STMN1	TBC1D31	0	1	0	0	0	0	0	0	0	0	0
STMN1	RMI2	0	1	0	1	0	0	0	0	1	0	0
STMN1	PARPBP	0	1	0	1	0	0	0	0	0	0	1
STMN1	CENPW	0	1	0	1	1	0	0	1	0	0	0
STMN1	DNA2	0	1	0	1	0	0	0	0	0	0	0
STMN1	CIP2A	0	0	0	1	1	0	0	0	0	0	1
STMN1	C1orf112	0	0	0	1	0	0	0	0	0	0	0
NCAPD3	H2AZ1	0	0	0	1	1	0	0	0	0	0	0
NCAPD3	TBC1D31	0	1	0	0	1	0	0	1	0	0	0
NCAPD3	RMI2	0	0	0	0	0	0	0	1	0	0	0
NCAPD3	PARPBP	0	0	0	1	0	0	0	1	0	0	0
NCAPD3	CENPW	0	0	0	0	1	0	0	0	0	0	0
NCAPD3	DNA2	0	1	0	1	0	0	0	0	0	0	0
NCAPD3	WRAP53	0	0	0	0	0	0	0	1	0	0	0
NCAPD3	MOV10	1	0	0	0	0	0	0	0	0	0	0
NCAPD3	STMN1	0	0	0	0	1	0	0	0	0	0	0
STN1	TEN1	1	0	0	0	0	0	1	0	0	0	0
STN1	PARPBP	0	0	0	0	0	0	0	0	0	0	1
STN1	SAMD9	0	0	0	0	0	0	0	0	0	0	1
STN1	CTC1	1	0	0	0	0	0	1	0	0	0	0
ESCO2	H2AZ1	0	1	0	1	1	0	0	0	0	0	0
ESCO2	TBC1D31	0	1	0	0	0	0	0	0	0	0	0
ESCO2	RMI2	0	0	0	1	0	0	0	0	1	0	0
ESCO2	PARPBP	0	1	0	1	1	0	0	0	1	0	0
ESCO2	CENPW	0	1	0	1	1	0	0	0	0	0	0
ESCO2	DNA2	0	1	0	1	0	0	0	0	0	0	0
ESCO2	CIP2A	0	1	0	1	1	0	0	0	0	0	0
ESCO2	C1orf112	0	1	0	1	1	0	0	0	1	0	0
ESCO2	MOV10	1	0	0	0	0	0	0	0	0	0	0
ESCO2	STMN1	0	1	0	1	1	0	0	0	0	0	0
ESCO2	NCAPD3	1	1	0	0	1	0	0	0	0	0	0
XRCC2	H2AZ1	0	0	0	1	1	0	0	0	0	0	0
XRCC2	TBC1D31	0	1	0	0	1	0	0	0	0	0	0
XRCC2	RMI2	0	0	0	1	0	1	0	0	0	0	0
XRCC2	PARPBP	0	1	0	1	1	0	0	0	0	0	0
XRCC2	CENPW	0	0	0	1	1	0	0	0	0	0	0
XRCC2	DNA2	0	1	0	1	1	1	0	0	0	0	0
XRCC2	CIP2A	0	1	0	1	1	0	0	0	1	0	0
XRCC2	C1orf112	0	1	0	1	1	0	0	0	0	0	0
XRCC2	STMN1	0	0	0	1	0	0	0	0	0	0	0
XRCC2	NCAPD3	0	1	0	1	1	0	0	0	0	0	0
XRCC2	ESCO2	0	1	1	1	1	0	0	0	0	0	0
PARN	TERC	0	0	1	0	0	0	0	0	0	0	0
PARN	RTEL1	0	0	1	0	0	0	0	0	0	0	0
PARN	NOP10	0	0	1	0	0	0	0	0	0	0	0
PARN	CTC1	0	0	1	0	0	0	0	0	0	0	0
PARN	WRAP53	0	0	1	0	0	0	0	0	0	0	0
PARN	USB1	0	0	1	0	0	0	0	0	0	0	0
NHP2	TERC	1	0	1	0	0	0	0	0	0	0	0
NHP2	RTEL1	0	0	1	0	0	0	0	0	0	0	0
NHP2	NOP10	1	0	1	0	0	0	0	0	0	0	0
NHP2	CTC1	0	0	1	0	0	0	0	0	0	0	0
NHP2	WRAP53	0	1	1	0	0	0	0	0	0	0	0
NHP2	USB1	0	0	1	0	0	0	0	0	0	0	0
NHP2	STN1	0	0	0	0	0	0	0	0	0	0	1
NHP2	PARN	0	0	1	0	0	0	0	0	0	0	0
TOP3A	TBC1D31	0	0	0	0	1	0	0	0	0	0	0
TOP3A	RMI2	1	0	0	0	0	1	0	0	0	0	0
TOP3A	PARPBP	0	0	0	0	0	0	0	0	1	0	0
TOP3A	DNA2	0	0	0	0	0	1	0	0	1	0	0
TOP3A	WRAP53	0	0	0	0	1	0	0	0	1	0	0
TOP3A	C1orf112	0	0	0	0	0	0	0	0	1	0	0
TOP3A	USB1	0	0	0	0	1	0	0	0	1	0	0
TOP3A	XRCC2	0	0	0	0	0	1	0	0	0	0	0
UBE2T	H2AZ1	0	1	0	1	1	0	0	0	0	0	0
UBE2T	TBC1D31	0	0	0	0	0	0	0	1	0	0	0
UBE2T	PARPBP	0	0	0	1	0	0	0	1	1	0	1
UBE2T	CENPW	0	1	0	1	1	0	0	1	0	0	0
UBE2T	DNA2	0	1	0	1	1	0	0	0	0	0	0
UBE2T	CIP2A	0	0	0	1	1	0	0	0	0	0	1
UBE2T	C1orf112	0	0	0	1	1	0	0	0	0	0	0
UBE2T	NCAPD3	0	0	0	0	1	0	0	1	0	0	0
UBE2T	ESCO2	0	0	1	0	0	0	0	0	0	0	0
UBE2T	XRCC2	0	0	1	1	1	0	1	0	0	0	0
RFWD3	H2AZ1	0	0	0	1	1	0	0	0	0	0	0
RFWD3	TBC1D31	0	1	0	0	0	0	0	1	0	0	0
RFWD3	RMI2	0	0	0	0	0	0	0	0	1	0	0
RFWD3	PARPBP	0	0	0	1	1	0	0	0	1	0	0
RFWD3	DNA2	0	1	0	1	0	0	0	0	1	0	0
RFWD3	CIP2A	0	1	0	1	1	0	0	0	0	0	0
RFWD3	WRAP53	0	0	0	0	0	0	0	1	0	0	0
RFWD3	C1orf112	0	0	0	1	1	0	0	0	1	0	0
RFWD3	MOV10	1	0	0	0	0	0	0	0	0	0	0
RFWD3	STMN1	0	0	0	0	0	0	0	0	0	0	1
RFWD3	ESCO2	0	1	0	0	1	0	0	0	1	0	0
RFWD3	XRCC2	0	0	0	1	1	0	1	0	0	0	0
RFWD3	UBE2T	0	0	0	0	0	0	1	0	0	0	0
RMI1	H2AZ1	0	1	0	0	0	0	0	0	0	0	0
RMI1	TBC1D31	0	1	0	1	1	0	0	0	1	0	0
RMI1	RMI2	1	0	0	0	0	1	1	0	1	0	0
RMI1	PARPBP	0	1	0	0	0	0	0	0	1	0	0
RMI1	CENPW	0	1	0	0	0	0	0	0	0	0	0
RMI1	DNA2	0	1	0	0	1	1	0	0	0	0	0
RMI1	CIP2A	0	1	0	0	1	0	0	0	1	0	0
RMI1	C1orf112	0	1	0	0	1	0	0	0	1	0	0
RMI1	STMN1	0	1	0	0	1	0	0	0	1	0	0
RMI1	NCAPD3	0	1	0	1	1	0	0	0	0	0	0
RMI1	ESCO2	0	1	0	0	1	0	0	1	1	0	0
RMI1	XRCC2	0	1	0	0	1	1	0	0	0	0	0
RMI1	TOP3A	1	0	0	0	0	1	1	0	0	0	0
RMI1	UBE2T	0	1	0	0	0	0	0	0	1	0	0
RMI1	RFWD3	0	1	0	1	1	0	0	0	1	0	0
SLX4	CTC1	0	0	0	0	0	0	0	1	0	0	0
SLX4	WRAP53	0	0	0	0	0	0	0	1	0	0	1
SLX4	NCAPD3	1	1	0	0	0	0	0	1	0	0	0
SLX4	ESCO2	0	0	1	0	0	0	0	0	0	0	0
SLX4	XRCC2	0	0	1	0	0	0	0	0	1	0	0
SLX4	TOP3A	0	1	0	1	0	0	0	0	0	0	0
SLX4	UBE2T	0	0	1	0	0	0	1	0	0	0	0
SLX4	RFWD3	0	0	0	0	0	0	1	1	0	0	0
NSD2	H2AZ1	0	0	0	1	1	0	0	0	0	0	0
NSD2	TBC1D31	0	1	0	0	1	0	0	0	1	0	0
NSD2	RMI2	0	0	0	1	0	0	0	0	1	0	0
NSD2	PARPBP	0	0	0	1	0	0	0	0	1	0	0
NSD2	CENPW	0	0	0	1	1	0	0	0	0	0	0
NSD2	DNA2	0	1	0	1	1	0	0	0	0	0	0
NSD2	CIP2A	0	1	0	1	1	0	0	0	1	0	0
NSD2	WRAP53	0	0	0	0	0	0	0	0	1	0	0
NSD2	C1orf112	0	1	0	1	1	0	0	0	1	0	0
NSD2	MOV10	0	0	0	0	0	0	0	0	0	0	1
NSD2	STMN1	0	0	0	1	1	0	0	0	1	0	0
NSD2	ESCO2	0	0	1	1	0	0	0	0	0	0	0
NSD2	XRCC2	0	1	1	1	1	0	0	0	1	0	0
NSD2	TOP3A	0	1	0	0	1	0	0	0	1	1	0
NSD2	UBE2T	0	0	1	1	1	0	0	0	1	0	0
NSD2	RMI1	0	0	0	1	1	0	0	0	1	0	0
NSD2	SLX4	0	1	1	0	0	0	0	0	0	0	0
DCLRE1B	H2AZ1	0	1	0	0	1	0	0	0	0	0	0
DCLRE1B	DNA2	0	1	0	0	0	0	0	0	0	0	0
DCLRE1B	CIP2A	0	1	0	0	1	0	0	0	0	0	1
DCLRE1B	WRAP53	0	1	0	1	0	0	0	0	0	0	0
DCLRE1B	C1orf112	0	1	0	0	1	0	0	0	0	0	0
DCLRE1B	STMN1	0	0	0	0	0	0	0	0	0	0	1
DCLRE1B	NCAPD3	0	1	0	0	1	0	0	0	0	0	0
DCLRE1B	ESCO2	0	1	0	0	0	0	0	0	0	0	0
DCLRE1B	PARN	0	0	0	0	0	0	0	0	1	0	0
DCLRE1B	NHP2	0	0	0	0	0	0	0	1	0	0	0
DCLRE1B	RFWD3	0	1	0	0	1	0	0	0	0	0	1
DCLRE1B	RMI1	0	1	0	0	1	0	0	0	0	0	0
DCLRE1B	SLX4	1	0	0	0	0	0	0	0	0	0	0
FANCM	TBC1D31	0	1	0	0	1	0	0	0	0	0	0
FANCM	RMI2	1	0	0	0	0	0	1	0	0	0	0
FANCM	PARPBP	0	1	0	1	0	0	0	0	0	0	0
FANCM	DNA2	0	1	0	1	0	0	0	0	0	0	0
FANCM	C1orf112	0	1	0	1	1	0	0	1	0	0	0
FANCM	MOV10	1	0	0	0	0	0	0	0	0	0	0
FANCM	NCAPD3	0	1	0	1	1	0	0	0	0	0	0
FANCM	ESCO2	0	0	1	0	0	0	0	0	0	0	0
FANCM	XRCC2	0	1	1	1	1	0	0	0	1	0	0
FANCM	TOP3A	1	0	0	0	0	0	0	0	0	0	0
FANCM	UBE2T	0	0	1	0	0	0	0	0	0	0	0
FANCM	RFWD3	0	0	0	1	0	0	0	0	0	0	0
FANCM	RMI1	1	1	0	0	1	0	0	0	0	0	0
FANCM	SLX4	0	0	1	0	0	0	0	0	0	0	0
FANCM	NSD2	0	1	1	0	1	0	0	0	0	0	0
NUDT1	H2AZ1	0	1	0	1	1	0	0	1	0	0	0
NUDT1	RMI2	0	0	0	1	0	0	0	0	0	0	0
NUDT1	PARPBP	0	0	0	1	0	0	0	0	0	0	1
NUDT1	CENPW	0	1	0	1	1	0	0	0	0	0	0
NUDT1	DNA2	0	0	0	1	0	0	0	0	0	0	0
NUDT1	CIP2A	0	0	0	1	1	0	0	0	0	0	1
NUDT1	WRAP53	0	0	0	0	1	0	0	0	0	0	0
NUDT1	C1orf112	0	0	0	1	1	0	0	1	0	0	0
NUDT1	STMN1	0	1	0	1	1	0	0	1	0	0	1
NUDT1	NCAPD3	0	0	0	0	1	0	0	0	0	0	0
NUDT1	XRCC2	0	0	0	0	1	0	0	0	0	0	0
NUDT1	NHP2	0	0	0	0	0	0	0	0	0	0	1
NUDT1	UBE2T	0	1	0	1	1	0	0	0	0	0	1
NUDT1	SLX4	0	0	0	0	0	0	0	0	1	0	0
NUDT1	NSD2	0	0	0	0	1	0	0	0	0	0	0
NUDT1	DCLRE1B	0	0	0	0	0	0	0	0	0	0	1
CENPO	H2AZ1	0	0	0	1	1	0	0	0	0	0	0
CENPO	TBC1D31	0	1	0	0	1	0	0	0	1	0	0
CENPO	RMI2	0	0	0	1	0	0	0	0	1	0	0
CENPO	PARPBP	0	0	0	1	0	0	0	1	1	0	0
CENPO	CENPW	0	1	0	1	1	0	0	0	0	0	0
CENPO	DNA2	0	1	0	1	1	0	0	0	0	0	0
CENPO	WRAP53	0	1	0	0	1	0	0	0	1	0	0
CENPO	C1orf112	0	1	0	1	1	0	0	0	1	0	0
CENPO	MOV10	1	0	0	0	0	0	0	0	0	0	0
CENPO	STMN1	0	0	0	1	0	0	0	0	0	0	1
CENPO	NCAPD3	0	1	0	1	0	0	0	0	0	0	0
CENPO	ESCO2	0	1	0	1	0	0	0	0	0	0	0
CENPO	XRCC2	0	1	0	1	1	0	0	0	0	0	0
CENPO	TOP3A	0	0	0	0	1	0	0	0	1	0	0
CENPO	UBE2T	0	0	0	1	1	0	0	0	0	0	0
CENPO	RFWD3	0	1	0	1	0	0	0	0	1	0	0
CENPO	RMI1	0	1	0	1	0	0	0	0	1	0	0
CENPO	NSD2	0	1	0	1	1	0	0	0	1	0	0
CENPO	DCLRE1B	0	1	0	0	0	0	0	0	0	0	1
CENPO	FANCM	0	0	0	1	1	0	0	0	0	0	0
CENPO	NUDT1	0	0	0	1	1	0	0	0	0	0	1
KRT14	TERC	0	0	1	0	0	0	0	0	0	0	0
KRT14	RTEL1	0	0	1	0	0	0	0	0	0	0	0
KRT14	NOP10	0	0	1	0	0	0	0	0	0	0	0
KRT14	CTC1	0	0	1	0	0	0	0	0	0	0	0
KRT14	WRAP53	0	0	1	0	0	0	0	0	0	0	0
KRT14	PARN	0	0	1	0	0	0	0	0	0	0	0
KRT14	NHP2	0	0	1	0	0	0	0	0	0	0	0
FANCB	PARPBP	0	1	0	0	0	0	0	0	0	0	0
FANCB	DNA2	0	1	0	0	0	0	0	0	0	0	0
FANCB	CIP2A	0	1	0	0	0	0	0	0	0	0	0
FANCB	C1orf112	0	1	0	0	0	0	0	0	0	0	0
FANCB	NCAPD3	0	1	0	1	0	0	0	0	0	0	0
FANCB	ESCO2	0	0	1	0	0	0	0	0	0	0	0
FANCB	XRCC2	0	1	1	0	0	0	0	0	0	0	0
FANCB	UBE2T	1	0	1	0	0	0	0	0	0	0	0
FANCB	RFWD3	0	0	0	1	0	0	0	0	0	0	0
FANCB	SLX4	0	0	1	0	0	0	0	0	0	0	0
FANCB	NSD2	0	1	1	1	0	0	0	0	0	0	0
FANCB	DCLRE1B	0	0	0	1	0	0	0	0	0	0	0
FANCB	FANCM	1	1	1	1	0	0	0	0	0	0	0
FANCB	CENPO	0	0	0	1	0	0	0	0	0	0	0
RBBP8	H2AZ1	0	1	0	0	0	0	0	0	0	0	0
RBBP8	TBC1D31	0	1	0	0	0	0	0	0	0	0	0
RBBP8	RMI2	0	0	0	0	0	1	0	0	1	0	0
RBBP8	PARPBP	0	1	0	0	0	0	0	0	1	0	0
RBBP8	DNA2	1	1	0	0	0	1	0	0	0	0	0
RBBP8	CIP2A	0	1	0	0	1	0	0	0	0	0	0
RBBP8	WRAP53	0	0	0	1	0	0	0	0	0	0	0
RBBP8	C1orf112	0	1	0	0	1	0	0	0	1	0	0
RBBP8	NCAPD3	0	0	0	0	1	0	0	0	0	0	0
RBBP8	ESCO2	0	1	1	0	1	0	0	0	1	0	0
RBBP8	XRCC2	0	0	0	0	0	1	0	0	0	0	0
RBBP8	TOP3A	0	0	0	0	0	1	0	0	0	0	0
RBBP8	UBE2T	0	1	0	0	0	0	0	0	1	0	0
RBBP8	RFWD3	0	0	0	0	1	0	0	0	1	0	0
RBBP8	RMI1	0	1	0	0	1	1	0	0	1	0	0
RBBP8	NSD2	0	0	0	0	0	0	0	0	1	0	0
RBBP8	DCLRE1B	0	1	0	1	1	0	0	0	0	0	0
ERCC4	TBC1D31	0	0	0	0	0	0	0	0	0	1	0
ERCC4	RTEL1	0	0	1	0	0	0	0	0	0	0	0
ERCC4	SAMD9	0	0	0	0	0	0	0	0	0	1	0
ERCC4	CTC1	0	0	1	0	0	0	0	0	0	0	0
ERCC4	ESCO2	0	0	1	0	0	0	0	0	0	0	0
ERCC4	XRCC2	0	0	1	0	0	0	1	0	0	0	0
ERCC4	PARN	0	0	1	0	0	0	0	0	0	0	0
ERCC4	UBE2T	0	0	1	0	0	0	1	0	0	0	0
ERCC4	RFWD3	0	1	0	0	0	0	0	0	0	0	0
ERCC4	SLX4	1	0	1	0	0	0	0	0	0	0	0
ERCC4	NSD2	0	0	1	0	0	0	0	0	0	0	0
ERCC4	DCLRE1B	0	1	0	0	0	0	0	0	0	0	0
ERCC4	FANCM	0	0	1	0	0	0	0	0	0	0	0
ERCC4	FANCB	0	0	1	0	0	0	0	0	0	0	0
ERCC4	RBBP8	0	0	1	0	0	0	0	0	0	0	0
RNF168	TOP3A	0	0	0	0	0	0	0	1	0	0	0
RNF168	NSD2	0	0	0	0	0	1	0	0	0	0	0
RNF168	DCLRE1B	0	0	0	0	0	0	0	0	0	0	1
RNF168	FANCM	0	0	0	0	0	0	0	1	0	0	0
FANCI	H2AZ1	0	0	0	1	1	0	0	0	0	1	0
FANCI	TBC1D31	0	1	0	0	0	0	0	0	1	0	0
FANCI	CENPW	0	0	0	1	1	0	0	0	0	0	1
FANCI	DNA2	0	1	0	1	0	0	0	0	1	0	0
FANCI	C1orf112	0	1	0	1	1	0	0	0	1	0	0
FANCI	MOV10	1	0	0	0	0	0	0	0	0	0	0
FANCI	ESCO2	0	0	1	0	0	0	0	0	0	0	0
FANCI	XRCC2	0	1	1	1	1	0	1	0	0	0	0
FANCI	TOP3A	0	0	0	0	0	0	0	0	1	0	0
FANCI	UBE2T	0	0	1	0	0	0	1	0	0	0	0
FANCI	RFWD3	0	0	0	1	1	0	1	1	1	0	1
FANCI	RMI1	0	1	0	0	1	0	0	0	1	0	0
FANCI	SLX4	0	0	1	0	0	0	1	0	0	0	0
FANCI	NSD2	0	0	1	0	0	0	0	0	0	0	0
FANCI	DCLRE1B	0	0	0	0	1	0	0	0	0	0	0
FANCI	FANCM	1	1	1	1	1	0	0	0	0	0	0
FANCI	NUDT1	0	0	0	1	1	0	0	0	0	0	1
FANCI	FANCB	0	1	1	0	0	0	0	0	0	0	0
FANCI	RBBP8	0	0	0	0	1	0	0	0	1	0	0
FANCI	ERCC4	0	0	1	0	0	0	1	0	0	0	0
ZWILCH	H2AZ1	0	1	0	1	1	0	0	0	0	0	0
ZWILCH	TBC1D31	0	1	0	0	0	0	0	0	0	0	0
ZWILCH	RMI2	0	0	0	1	0	0	0	0	0	0	0
ZWILCH	CENPW	0	1	0	1	1	0	0	1	0	0	0
ZWILCH	DNA2	0	1	0	1	0	0	0	0	0	0	0
ZWILCH	C1orf112	0	1	0	1	1	0	0	0	0	0	0
ZWILCH	STMN1	0	1	0	1	1	0	0	0	0	0	1
ZWILCH	NCAPD3	0	0	0	0	1	0	0	1	0	0	0
ZWILCH	ESCO2	0	1	0	1	1	0	0	0	0	0	0
ZWILCH	XRCC2	0	1	0	1	1	0	0	0	1	0	0
ZWILCH	UBE2T	0	1	0	1	1	0	0	0	0	0	1
ZWILCH	RFWD3	0	1	0	0	1	0	0	1	0	0	1
ZWILCH	RMI1	0	1	0	0	1	0	0	0	0	0	0
ZWILCH	SLX4	0	0	0	0	0	0	0	0	1	0	0
ZWILCH	NSD2	0	0	0	1	1	0	0	0	0	0	0
ZWILCH	DCLRE1B	0	1	0	0	1	0	0	0	0	0	1
ZWILCH	NUDT1	0	0	0	1	1	0	0	0	0	0	1
ZWILCH	CENPO	0	0	0	0	0	1	0	0	0	0	0
ZWILCH	RBBP8	0	1	0	0	1	0	0	0	0	0	0
PALB2	RMI2	0	0	0	0	0	1	0	0	0	0	0
PALB2	PARPBP	0	0	0	0	0	0	0	0	1	0	0
PALB2	DNA2	0	0	0	0	0	1	0	0	0	0	0
PALB2	MOV10	1	0	0	0	0	0	0	0	0	0	0
PALB2	STMN1	0	0	0	0	0	0	0	0	0	0	1
PALB2	ESCO2	0	0	1	0	0	0	0	0	0	0	0
PALB2	XRCC2	0	0	1	0	0	1	0	0	0	0	0
PALB2	PARN	0	0	0	0	0	0	0	0	1	0	0
PALB2	NHP2	0	0	0	0	0	0	0	0	0	0	1
PALB2	TOP3A	0	0	0	0	0	1	0	0	0	0	0
PALB2	UBE2T	0	0	1	0	0	0	0	0	0	0	0
PALB2	RMI1	0	0	0	0	0	1	0	0	0	0	0
PALB2	SLX4	0	0	1	0	0	0	0	0	0	0	0
PALB2	NSD2	0	0	1	0	0	0	0	0	0	0	0
PALB2	DCLRE1B	0	0	0	0	1	0	0	0	1	0	1
PALB2	FANCM	0	0	1	0	0	0	0	0	0	0	0
PALB2	FANCB	0	0	1	0	0	0	0	0	0	0	0
PALB2	RBBP8	1	0	0	0	1	1	0	0	0	0	0
PALB2	ERCC4	0	0	1	0	0	0	0	0	0	0	0
PALB2	RNF168	1	0	0	0	0	0	1	0	0	0	0
PALB2	FANCI	0	0	1	0	0	0	0	0	0	0	0
PALB2	ZWILCH	0	0	0	0	0	0	0	0	0	0	1
LIG1	TBC1D31	0	0	0	0	0	0	0	1	0	0	0
LIG1	RMI2	0	0	0	0	0	0	0	1	1	0	0
LIG1	CENPW	0	0	0	0	1	0	0	0	0	0	0
LIG1	DNA2	0	0	0	0	1	1	0	0	0	0	0
LIG1	CIP2A	0	1	0	0	0	0	0	0	0	0	0
LIG1	SAMD9	0	0	0	0	0	0	0	1	0	0	0
LIG1	WRAP53	0	0	0	0	0	0	0	1	0	0	0
LIG1	C1orf112	0	1	0	0	1	0	0	0	0	0	0
LIG1	MOV10	1	0	0	0	0	0	0	0	0	0	0
LIG1	STMN1	0	0	0	0	1	0	0	0	0	0	0
LIG1	NCAPD3	0	1	0	1	1	0	0	1	0	0	0
LIG1	XRCC2	0	1	0	0	1	0	0	0	0	0	0
LIG1	TOP3A	0	0	0	0	0	0	0	0	1	0	0
LIG1	UBE2T	0	0	0	0	1	0	0	0	0	0	0
LIG1	RFWD3	0	0	0	1	0	0	0	1	0	0	0
LIG1	SLX4	0	1	0	0	0	0	0	1	0	0	0
LIG1	NSD2	0	1	0	0	1	0	0	0	0	0	0
LIG1	FANCM	0	0	0	1	0	0	0	0	0	0	0
LIG1	CENPO	0	1	0	1	0	0	0	0	0	0	0
LIG1	FANCB	0	0	0	1	0	0	0	0	0	0	0
LIG1	FANCI	0	1	0	0	1	0	0	0	0	0	0
DNMT1	H2AZ1	0	0	0	0	1	0	0	0	0	0	0
DNMT1	TBC1D31	0	0	0	0	0	0	0	0	1	0	0
DNMT1	CENPW	0	0	0	0	1	0	0	0	0	0	0
DNMT1	DNA2	0	1	0	0	0	0	0	0	1	0	0
DNMT1	CIP2A	0	1	0	0	1	0	0	0	0	0	0
DNMT1	WRAP53	0	0	0	0	0	0	0	1	1	0	0
DNMT1	ESCO2	0	1	0	0	1	0	0	0	0	0	0
DNMT1	XRCC2	0	1	0	0	1	0	0	0	0	0	0
DNMT1	UBE2T	0	0	0	0	1	0	0	0	0	0	0
DNMT1	SLX4	0	1	0	0	0	0	0	1	0	0	0
DNMT1	DCLRE1B	0	1	0	0	1	0	0	0	0	0	1
DNMT1	FANCM	0	0	0	1	1	0	0	1	0	0	0
DNMT1	NUDT1	0	0	0	0	1	0	0	0	0	0	0
DNMT1	FANCB	0	0	0	1	0	0	0	0	0	0	0
DNMT1	RBBP8	0	0	0	0	1	0	0	0	0	0	0
DNMT1	RNF168	0	0	0	0	0	0	0	0	0	0	1
DNMT1	FANCI	0	1	0	0	1	0	0	0	1	0	0
DNMT1	ZWILCH	0	0	0	0	1	0	0	0	0	0	0
DNMT1	LIG1	0	1	0	1	0	0	0	0	0	0	0
HOXA11	MECOM	0	0	1	0	0	0	0	0	0	0	0
MSH2	H2AZ1	0	1	0	0	0	0	0	0	0	0	0
MSH2	TBC1D31	0	1	0	0	0	0	0	1	0	1	0
MSH2	RMI2	0	0	0	0	0	0	0	1	0	0	0
MSH2	PARPBP	0	1	0	0	0	0	0	0	1	0	0
MSH2	CENPW	0	1	0	0	0	0	0	0	0	0	0
MSH2	DNA2	0	1	0	0	0	0	0	0	1	0	0
MSH2	CIP2A	0	1	0	0	1	0	0	1	0	0	0
MSH2	SAMD9	0	0	0	0	0	0	0	0	0	1	0
MSH2	WRAP53	0	0	0	0	0	0	0	0	0	0	1
MSH2	STMN1	0	1	0	0	0	0	0	0	0	0	0
MSH2	NCAPD3	0	1	0	1	1	0	0	1	0	0	0
MSH2	ESCO2	0	1	0	0	1	0	0	0	1	0	0
MSH2	XRCC2	0	1	0	0	0	0	0	0	0	0	0
MSH2	TOP3A	0	0	0	0	0	0	0	0	1	0	0
MSH2	UBE2T	0	1	0	0	0	0	0	1	0	0	0
MSH2	SLX4	1	0	0	0	0	0	0	0	0	0	0
MSH2	NSD2	0	0	0	1	0	0	0	0	0	0	0
MSH2	DCLRE1B	0	1	0	0	1	0	0	0	0	0	0
MSH2	FANCM	0	0	0	1	1	0	0	0	0	0	0
MSH2	CENPO	0	1	0	1	0	0	0	0	0	0	0
MSH2	RBBP8	0	1	0	0	1	0	0	0	0	0	0
MSH2	ERCC4	1	0	0	0	0	0	0	0	0	0	0
MSH2	FANCI	0	1	0	0	1	0	0	0	1	0	0
MSH2	PALB2	0	0	0	0	1	0	0	0	0	0	0
MSH2	LIG1	0	0	0	1	0	1	0	0	0	0	0
MSH2	DNMT1	0	0	0	1	1	0	0	0	1	0	0
MRE11	TBC1D31	0	0	0	1	1	0	0	0	0	0	0
MRE11	TEN1	0	0	0	0	0	0	1	0	0	0	0
MRE11	RMI2	0	0	0	0	0	1	0	0	0	0	0
MRE11	NOP10	0	0	0	0	0	0	1	0	0	0	0
MRE11	DNA2	0	0	0	1	0	1	0	0	0	0	0
MRE11	CTC1	0	0	0	0	0	0	1	0	0	0	0
MRE11	C1orf112	0	0	0	0	0	0	0	1	0	0	0
MRE11	XRCC2	0	0	0	0	0	1	1	0	0	0	0
MRE11	TOP3A	0	0	0	0	0	1	1	0	0	0	0
MRE11	UBE2T	0	0	0	0	0	0	1	0	0	0	0
MRE11	RMI1	0	0	0	0	0	1	0	0	0	0	0
MRE11	SLX4	1	0	0	0	0	0	0	0	0	0	0
MRE11	NSD2	0	0	0	0	1	1	0	0	0	0	0
MRE11	DCLRE1B	1	0	0	0	0	0	0	0	0	0	0
MRE11	RBBP8	1	0	0	0	0	1	0	0	0	0	0
MRE11	RNF168	0	0	0	0	0	1	0	1	0	0	0
MRE11	PALB2	0	0	0	0	0	1	0	0	0	0	0
MRE11	LIG1	1	0	0	0	0	0	0	0	0	0	0
MRE11	DNMT1	0	0	0	0	0	0	0	1	0	0	0
MRE11	MSH2	1	0	0	0	0	0	0	0	0	0	0
PAX8	MECOM	0	0	0	0	0	0	1	0	0	0	0
GJB6	TERC	0	0	1	0	0	0	0	0	0	0	0
GJB6	RTEL1	0	0	1	0	0	0	0	0	0	0	0
GJB6	NOP10	0	0	1	0	0	0	0	0	0	0	0
GJB6	SAMD9	0	0	0	0	0	0	0	0	0	0	1
GJB6	CTC1	0	0	1	0	0	0	0	0	0	0	0
GJB6	WRAP53	0	0	1	0	0	0	0	0	0	0	0
GJB6	USB1	0	0	1	0	0	0	0	0	0	0	0
GJB6	PARN	0	0	1	0	0	0	0	0	0	0	0
GJB6	NHP2	0	0	1	0	0	0	0	0	0	0	0
GJB6	KRT14	0	0	1	0	0	0	0	0	0	0	0
GJB6	ERCC4	0	0	1	0	0	0	0	0	0	0	0
GINS4	H2AZ1	0	0	0	1	1	0	0	0	0	0	0
GINS4	RMI2	0	0	0	1	0	0	0	0	1	0	0
GINS4	PARPBP	0	0	0	1	1	0	0	0	1	0	0
GINS4	CENPW	0	0	0	1	1	0	0	0	0	0	0
GINS4	DNA2	0	1	0	1	0	0	0	0	0	0	0
GINS4	CIP2A	0	1	0	1	1	0	0	0	0	0	0
GINS4	CTC1	0	0	0	0	0	0	1	0	0	0	0
GINS4	C1orf112	0	1	0	1	1	0	0	0	1	0	0
GINS4	STMN1	0	0	0	1	1	0	0	0	0	0	0
GINS4	NCAPD3	0	1	0	0	1	0	0	0	0	0	0
GINS4	ESCO2	0	1	0	1	1	0	0	0	1	0	0
GINS4	XRCC2	0	1	0	1	1	0	0	0	0	0	0
GINS4	TOP3A	0	0	0	0	0	0	1	0	0	0	0
GINS4	UBE2T	0	0	0	1	1	0	0	0	1	0	0
GINS4	RFWD3	0	1	0	0	1	0	0	0	1	0	0
GINS4	RMI1	0	1	0	0	1	0	0	0	1	0	0
GINS4	NSD2	0	1	0	1	1	0	0	0	1	0	0
GINS4	DCLRE1B	0	1	0	0	1	0	0	0	0	0	0
GINS4	NUDT1	0	0	0	0	1	0	0	0	0	0	0
GINS4	CENPO	0	1	0	1	0	0	0	0	0	0	0
GINS4	RBBP8	0	0	0	0	1	0	0	0	1	0	0
GINS4	FANCI	0	1	0	1	1	0	0	0	1	0	0
GINS4	ZWILCH	0	1	0	1	1	0	0	0	0	0	0
GINS4	LIG1	0	1	0	0	1	0	0	0	1	0	0
GINS4	DNMT1	0	1	0	0	1	0	0	0	1	0	0
GINS4	MSH2	0	1	0	0	1	0	0	0	0	0	0
DKC1	H2AZ1	0	0	0	0	1	0	0	0	0	0	0
DKC1	TERC	1	0	1	0	0	0	0	0	0	0	0
DKC1	RTEL1	0	0	1	0	0	0	0	0	0	0	0
DKC1	NOP10	1	0	1	0	0	0	0	0	0	0	1
DKC1	CTC1	0	0	1	0	0	0	0	0	0	0	0
DKC1	WRAP53	1	0	1	1	0	0	0	1	0	0	0
DKC1	C1orf112	0	0	0	0	0	0	0	1	0	0	0
DKC1	USB1	0	0	1	0	0	0	0	0	0	0	0
DKC1	MOV10	1	0	0	0	0	0	0	0	0	0	0
DKC1	NCAPD3	0	0	0	0	1	0	0	1	0	0	0
DKC1	PARN	0	1	1	0	0	0	0	0	0	0	0
DKC1	NHP2	1	0	1	1	1	1	0	0	0	0	0
DKC1	TOP3A	0	0	0	0	0	0	0	1	0	0	0
DKC1	DCLRE1B	0	1	0	0	0	0	0	0	0	0	0
DKC1	KRT14	0	0	1	0	0	0	0	0	0	0	0
DKC1	RBBP8	0	1	0	1	1	0	0	0	0	0	0
DKC1	ERCC4	0	0	1	0	0	0	0	0	0	0	0
DKC1	RNF168	0	0	0	0	0	0	0	0	0	1	0
DKC1	FANCI	0	0	0	0	1	0	0	0	0	0	0
DKC1	ZWILCH	0	0	0	0	1	0	0	0	0	0	0
DKC1	PALB2	0	0	0	0	0	0	0	0	0	0	1
DKC1	GJB6	0	0	1	0	0	0	0	0	0	0	0
RPS14	NHP2	0	0	0	0	1	0	0	0	0	1	0
RPS14	RNF168	0	0	0	0	0	0	0	1	0	0	0
ERCC1	XRCC2	0	0	0	0	0	0	1	0	0	0	0
ERCC1	NHP2	0	0	0	0	0	0	0	0	0	1	0
ERCC1	UBE2T	0	0	0	0	0	0	1	0	0	0	0
ERCC1	SLX4	1	0	0	0	0	0	0	0	0	0	0
ERCC1	NSD2	0	0	1	0	0	0	0	0	0	0	0
ERCC1	ERCC4	1	0	0	0	0	1	1	0	0	0	0
ERCC1	FANCI	0	0	0	0	0	0	1	0	0	0	0
ERCC1	MSH2	1	0	0	0	0	0	0	0	0	0	0
ERCC1	RPS14	0	1	0	0	0	0	0	1	0	1	0
RAD51C	H2AZ1	0	1	0	0	0	0	0	0	0	0	0
RAD51C	TBC1D31	0	0	0	0	1	0	0	0	1	0	0
RAD51C	RMI2	0	0	0	0	0	1	0	0	0	0	0
RAD51C	PARPBP	0	0	0	0	0	0	0	0	1	0	0
RAD51C	CENPW	0	1	0	0	0	0	0	0	0	0	0
RAD51C	DNA2	0	0	0	0	0	1	0	0	0	0	0
RAD51C	CIP2A	0	0	0	0	0	0	0	0	1	0	0
RAD51C	C1orf112	0	0	0	0	1	0	0	0	0	0	0
RAD51C	ESCO2	0	1	1	0	0	0	0	0	0	0	0
RAD51C	XRCC2	1	0	1	0	0	1	1	0	0	0	0
RAD51C	NHP2	0	0	0	1	0	0	0	1	0	0	0
RAD51C	TOP3A	0	0	0	0	0	1	0	0	0	0	0
RAD51C	UBE2T	0	1	1	0	0	0	0	0	0	0	0
RAD51C	RMI1	0	1	0	0	1	1	0	0	1	0	0
RAD51C	SLX4	0	0	1	0	0	0	0	0	0	0	0
RAD51C	NSD2	0	0	1	0	0	0	0	0	1	0	0
RAD51C	FANCM	0	0	1	0	0	0	0	0	0	0	0
RAD51C	FANCB	0	0	1	0	0	0	0	0	0	0	0
RAD51C	RBBP8	0	0	0	1	0	1	0	0	1	0	0
RAD51C	ERCC4	0	0	1	0	0	0	0	0	0	0	0
RAD51C	FANCI	0	0	1	0	0	0	0	0	0	0	0
RAD51C	ZWILCH	0	1	0	0	0	0	0	0	0	0	0
RAD51C	PALB2	1	0	1	0	0	1	0	0	0	0	0
RAD51C	DNMT1	0	0	0	0	1	0	0	0	0	0	0
RAD51C	MSH2	0	1	0	0	0	0	0	0	0	0	0
RAD51C	MRE11	0	0	0	0	0	1	0	0	0	0	0
TERF1	STN1	1	0	0	0	0	0	0	0	0	0	0
TERF1	DCLRE1B	1	0	0	0	0	0	1	0	0	0	0
TERF1	ERCC4	0	0	0	0	0	0	0	0	0	0	1
FANCL	TBC1D31	0	1	0	1	1	0	0	0	0	0	0
FANCL	RMI2	0	0	0	1	0	0	0	0	0	0	0
FANCL	PARPBP	0	0	0	1	0	0	0	0	0	0	0
FANCL	CENPW	0	0	0	1	0	0	0	0	0	0	0
FANCL	DNA2	0	0	0	1	0	0	0	0	0	0	0
FANCL	C1orf112	0	0	0	1	0	0	0	0	0	0	0
FANCL	ESCO2	0	0	1	0	0	0	0	0	0	0	0
FANCL	XRCC2	0	0	1	0	0	0	1	0	0	0	0
FANCL	TOP3A	0	0	0	0	1	0	0	0	0	0	0
FANCL	UBE2T	1	0	1	0	0	0	1	0	0	0	0
FANCL	SLX4	0	0	1	0	0	0	0	0	0	0	0
FANCL	NSD2	0	0	1	0	0	0	0	0	0	0	0
FANCL	DCLRE1B	0	0	0	0	0	0	0	0	1	0	0
FANCL	FANCM	1	0	1	0	0	0	1	0	0	0	0
FANCL	NUDT1	0	0	0	1	0	0	0	0	0	0	0
FANCL	FANCB	1	0	1	0	0	0	0	0	0	0	0
FANCL	ERCC4	0	0	1	0	0	0	1	0	0	0	0
FANCL	FANCI	1	0	1	0	0	0	1	0	0	0	0
FANCL	ZWILCH	0	0	0	1	0	0	0	0	0	0	0
FANCL	PALB2	0	0	1	0	0	0	0	0	0	0	0
FANCL	MRE11	0	0	0	1	1	0	0	0	0	0	0
FANCL	RAD51C	0	0	1	0	0	0	0	0	0	0	0
MCM8	H2AZ1	0	0	0	1	1	0	0	0	0	0	0
MCM8	TBC1D31	0	1	0	0	1	0	0	0	0	0	0
MCM8	RMI2	0	0	0	1	0	0	0	0	1	0	0
MCM8	PARPBP	0	1	0	1	0	0	0	0	1	0	0
MCM8	CENPW	0	0	0	1	0	0	0	0	0	0	0
MCM8	CIP2A	0	1	0	1	1	0	0	0	0	0	0
MCM8	STMN1	0	0	0	1	0	0	0	0	0	0	0
MCM8	NCAPD3	0	1	0	1	1	0	0	0	0	0	0
MCM8	ESCO2	0	1	0	1	0	0	0	0	1	0	0
MCM8	XRCC2	0	1	0	1	1	0	0	0	0	0	0
MCM8	TOP3A	0	0	0	0	0	0	0	0	1	0	0
MCM8	UBE2T	0	0	0	1	1	0	0	0	1	0	0
MCM8	RFWD3	0	1	0	1	0	0	0	0	1	0	0
MCM8	RMI1	0	1	0	0	1	0	0	0	1	0	0
MCM8	DCLRE1B	0	1	0	0	0	0	0	0	0	0	0
MCM8	FANCM	0	1	0	1	1	0	0	0	0	0	0
MCM8	NUDT1	0	0	0	1	0	0	0	0	0	0	0
MCM8	CENPO	0	1	0	1	1	0	0	0	1	0	0
MCM8	FANCB	0	1	0	1	0	0	0	0	0	0	0
MCM8	RBBP8	0	1	0	0	0	0	0	0	1	0	0
MCM8	ERCC4	0	0	0	0	0	0	0	0	0	1	0
MCM8	FANCI	0	1	0	1	1	0	0	0	1	0	0
MCM8	ZWILCH	0	1	0	1	1	0	0	0	0	0	0
MCM8	LIG1	0	1	0	1	0	0	0	0	1	0	0
MCM8	DNMT1	0	1	0	1	1	0	0	0	1	0	0
MCM8	MSH2	1	1	0	1	0	0	0	0	1	0	0
MCM8	GINS4	0	1	0	1	0	0	0	0	1	0	0
MCM8	RAD51C	0	0	0	0	1	0	0	0	0	0	0
RFC4	H2AZ1	0	1	0	1	1	0	0	0	1	0	0
RFC4	TBC1D31	0	1	0	0	1	0	0	0	1	1	0
RFC4	RMI2	0	0	0	1	0	1	0	0	1	0	0
RFC4	PARPBP	0	1	0	1	0	0	0	0	1	0	0
RFC4	CENPW	0	1	0	1	1	0	0	0	0	0	0
RFC4	DNA2	0	1	0	1	1	1	0	0	1	0	0
RFC4	CIP2A	0	1	0	1	1	0	0	0	0	0	0
RFC4	C1orf112	0	0	0	1	1	0	0	1	1	0	0
RFC4	STMN1	0	1	0	1	0	0	0	0	0	0	0
RFC4	NCAPD3	0	0	0	1	1	0	0	0	0	0	0
RFC4	ESCO2	0	1	0	0	1	0	0	0	0	0	0
RFC4	XRCC2	0	1	0	1	1	0	0	0	0	0	0
RFC4	TOP3A	0	0	0	0	0	1	0	0	1	0	0
RFC4	UBE2T	0	1	0	1	1	0	0	0	0	0	0
RFC4	RFWD3	0	0	0	1	0	0	0	0	1	0	0
RFC4	RMI1	0	1	0	1	1	1	0	0	1	0	0
RFC4	NSD2	0	0	0	1	1	0	0	0	1	0	0
RFC4	DCLRE1B	0	1	0	0	0	0	0	0	0	0	0
RFC4	FANCM	0	0	0	1	1	0	0	0	0	0	0
RFC4	NUDT1	0	0	0	1	1	0	0	1	0	0	0
RFC4	CENPO	0	1	0	1	1	0	0	0	1	0	0
RFC4	RBBP8	0	1	0	0	0	1	0	0	1	0	0
RFC4	FANCI	0	0	0	1	1	0	0	0	0	0	0
RFC4	ZWILCH	0	1	0	1	1	0	0	0	0	0	0
RFC4	LIG1	0	0	0	0	1	1	0	0	0	0	0
RFC4	DNMT1	0	0	0	1	1	0	0	1	1	0	0
RFC4	MSH2	0	1	0	1	0	0	0	0	0	1	0
RFC4	MRE11	1	0	0	0	0	1	0	0	0	0	0
RFC4	GINS4	0	0	0	0	1	0	1	0	1	0	0
RFC4	DKC1	0	0	0	0	0	0	0	1	0	0	0
RBL1	H2AZ1	0	0	0	1	1	0	0	0	0	0	0
RBL1	RMI2	0	0	0	1	0	0	0	0	0	0	0
RBL1	PARPBP	0	1	0	1	0	0	0	0	0	0	0
RBL1	CENPW	0	0	0	1	0	0	0	0	0	0	0
RBL1	DNA2	0	1	0	1	1	0	0	0	0	0	0
RBL1	CIP2A	0	1	0	1	1	0	0	0	0	0	1
RBL1	SAMD9	0	0	0	0	0	0	0	0	0	1	0
RBL1	STMN1	0	0	0	1	1	0	0	0	0	0	1
RBL1	NCAPD3	0	1	0	1	1	0	0	0	0	0	0
RBL1	ESCO2	0	1	0	1	1	0	0	0	0	0	0
RBL1	XRCC2	0	1	0	1	1	0	0	0	0	0	0
RBL1	PARN	0	0	0	0	0	0	0	0	1	0	0
RBL1	TOP3A	0	0	0	0	0	0	0	0	1	0	0
RBL1	UBE2T	0	0	0	1	1	0	0	0	0	0	1
RBL1	RFWD3	0	1	0	1	1	0	0	0	0	0	0
RBL1	RMI1	0	1	0	0	1	0	0	0	0	0	0
RBL1	SLX4	0	0	0	0	0	0	0	1	0	0	0
RBL1	NSD2	0	1	0	1	1	0	0	0	0	0	0
RBL1	DCLRE1B	0	1	0	0	1	0	0	0	0	0	1
RBL1	FANCM	0	0	0	1	1	0	0	1	0	0	0
RBL1	NUDT1	0	0	0	1	1	0	0	1	0	0	1
RBL1	CENPO	0	1	0	1	1	0	0	0	0	0	1
RBL1	RBBP8	1	1	0	0	0	0	0	0	0	0	0
RBL1	ERCC4	0	0	0	0	0	0	0	0	0	1	0
RBL1	FANCI	0	1	0	1	1	0	0	0	0	0	0
RBL1	ZWILCH	0	1	0	1	1	0	0	0	0	0	1
RBL1	PALB2	0	0	0	0	0	0	0	0	1	0	0
RBL1	LIG1	0	0	0	0	1	0	0	0	0	0	0
RBL1	MRE11	0	0	0	1	0	0	0	1	0	0	0
RBL1	GINS4	0	1	0	1	1	0	0	0	0	0	0
RBL1	DKC1	0	0	0	0	0	0	0	1	0	0	0
RBL1	RAD51C	0	1	0	0	1	0	0	0	0	0	0
SOX17	MECOM	0	0	0	0	0	0	1	0	0	0	0
SOX17	PAX8	0	0	0	0	0	0	1	0	0	0	0
POLA2	H2AZ1	0	0	0	1	1	0	0	0	0	0	0
POLA2	TBC1D31	0	1	0	0	1	0	0	0	0	1	0
POLA2	RMI2	0	0	0	1	0	0	0	0	0	0	0
POLA2	PARPBP	0	0	0	1	0	0	0	0	0	0	0
POLA2	CENPW	0	1	0	1	1	0	0	0	0	0	0
POLA2	DNA2	0	1	0	1	0	0	0	0	1	0	0
POLA2	CIP2A	0	1	0	1	1	0	0	1	0	0	0
POLA2	WRAP53	0	0	0	0	1	0	0	0	0	0	1
POLA2	STMN1	0	0	0	1	0	0	0	0	0	0	0
POLA2	NCAPD3	0	1	0	0	1	0	0	0	0	0	0
POLA2	STN1	1	0	0	0	0	0	0	0	0	0	0
POLA2	ESCO2	0	1	0	1	0	0	0	0	0	0	0
POLA2	XRCC2	0	1	0	1	1	0	0	0	0	0	0
POLA2	TOP3A	0	0	0	0	0	0	0	0	1	0	0
POLA2	UBE2T	0	0	0	1	1	0	0	0	0	0	0
POLA2	RFWD3	0	1	0	1	0	0	0	0	0	0	0
POLA2	RMI1	0	1	0	0	1	0	0	0	0	0	0
POLA2	SLX4	0	0	0	0	0	0	0	0	0	1	1
POLA2	NSD2	0	1	0	1	1	0	0	0	0	0	0
POLA2	DCLRE1B	0	1	0	0	1	0	0	0	0	0	0
POLA2	FANCM	0	0	0	0	1	0	0	0	0	0	0
POLA2	NUDT1	0	0	0	1	1	0	0	1	0	0	0
POLA2	CENPO	0	1	0	1	1	0	0	0	0	0	0
POLA2	FANCI	0	1	0	1	1	0	0	0	0	0	0
POLA2	LIG1	0	1	0	0	0	1	0	0	0	0	0
POLA2	GINS4	0	1	0	1	1	0	0	0	0	0	0
POLA2	RAD51C	0	1	0	0	1	0	0	0	0	0	0
POLA2	MCM8	0	1	0	1	1	0	0	0	0	0	0
ACD	TERC	0	0	1	0	0	0	0	0	0	0	0
ACD	RTEL1	0	0	1	0	0	0	0	0	0	0	0
ACD	NOP10	0	0	1	0	0	0	0	0	0	0	0
ACD	CTC1	0	0	1	0	0	0	0	0	0	0	0
ACD	WRAP53	0	0	1	1	0	0	0	0	1	0	1
ACD	USB1	0	0	1	0	1	0	0	0	0	0	0
ACD	NCAPD3	0	0	0	1	0	0	0	0	0	0	0
ACD	STN1	1	0	0	0	0	0	0	0	0	0	0
ACD	PARN	0	0	1	0	0	0	0	0	0	0	0
ACD	NHP2	0	0	1	0	0	0	0	0	0	0	0
ACD	TOP3A	0	0	0	0	0	0	0	0	0	0	1
ACD	RFWD3	0	0	0	1	0	0	0	0	0	0	0
ACD	DNMT1	0	0	0	1	0	0	0	0	0	0	0
ACD	MSH2	0	0	0	1	0	0	0	0	0	0	0
ACD	DKC1	0	0	1	0	0	0	0	0	0	0	0
ACD	RPS14	0	0	0	0	0	0	0	1	0	0	0
ACD	ERCC1	0	0	0	0	0	0	0	1	0	0	0
ACD	TERF1	1	0	0	0	0	1	1	0	0	0	0
ACD	FANCL	0	0	0	0	0	0	0	0	0	0	1
ACD	RFC4	0	0	0	1	0	0	0	1	0	0	0
ACD	RBL1	0	0	0	0	0	0	0	1	0	0	0
RAB22A	H2AZ1	0	0	0	0	0	0	0	0	0	0	1
RAB22A	NOP10	0	0	0	0	0	0	0	0	0	0	1
RAB22A	PARN	0	0	0	0	0	0	0	0	1	0	0
RAB22A	NHP2	0	0	0	0	0	0	0	0	0	1	1
RAB22A	RFWD3	0	0	0	0	0	0	0	0	0	0	1
RAB22A	DCLRE1B	0	0	0	0	0	0	0	0	1	0	0
RAB22A	PALB2	0	0	0	1	0	0	0	0	0	0	1
RAB22A	DKC1	0	0	0	0	0	0	0	0	0	0	1
RAB22A	TERF1	0	0	0	1	0	0	0	0	1	0	0
RAB22A	FANCL	0	0	0	0	0	0	0	0	1	0	0
CEBPA	RPS14	0	0	1	0	0	0	0	0	0	0	0
CEBPA	RBL1	1	0	0	0	0	0	0	0	0	0	0
XRCC3	RMI2	0	0	0	0	0	1	0	0	0	0	0
XRCC3	DNA2	0	0	0	1	0	1	0	0	0	0	0
XRCC3	WRAP53	0	0	0	0	0	0	0	1	0	0	0
XRCC3	NCAPD3	1	0	0	0	0	0	0	0	0	0	0
XRCC3	ESCO2	0	1	0	0	0	0	0	0	0	0	0
XRCC3	XRCC2	0	1	0	0	0	1	1	0	0	0	0
XRCC3	TOP3A	0	0	0	0	0	1	0	0	0	0	0
XRCC3	UBE2T	0	1	0	0	0	0	0	0	0	0	0
XRCC3	RMI1	0	0	0	0	0	1	0	0	0	0	0
XRCC3	CENPO	0	1	0	0	0	0	0	0	0	0	0
XRCC3	RBBP8	0	0	0	0	0	1	0	0	0	0	0
XRCC3	ERCC4	0	0	0	0	0	0	1	0	0	0	0
XRCC3	PALB2	1	0	0	0	0	1	0	0	0	0	0
XRCC3	LIG1	0	1	0	0	0	0	0	0	0	0	0
XRCC3	MRE11	0	0	0	0	0	1	0	0	0	0	0
XRCC3	RAD51C	1	0	0	0	0	1	1	0	0	0	0
XRCC3	RFC4	0	1	0	0	0	0	0	0	0	0	0
XRCC3	POLA2	0	1	0	0	0	0	0	0	0	0	0
RAD51B	RMI2	0	0	0	0	0	1	0	0	0	0	0
RAD51B	NOP10	0	0	0	1	0	0	0	0	0	0	0
RAD51B	DNA2	0	0	0	0	0	1	0	0	0	0	0
RAD51B	XRCC2	1	0	0	0	0	1	1	0	0	0	0
RAD51B	TOP3A	0	0	0	0	0	1	0	0	0	0	0
RAD51B	RMI1	0	0	0	0	0	1	0	0	0	0	0
RAD51B	RBBP8	0	0	0	0	0	1	0	0	0	0	0
RAD51B	PALB2	0	0	0	0	0	1	0	0	0	0	0
RAD51B	MRE11	0	0	0	0	0	1	1	0	0	0	0
RAD51B	RAD51C	1	0	0	0	0	1	0	0	0	0	0
RAD51B	XRCC3	0	0	0	0	0	1	1	0	0	0	0
MAD2L2	NOP10	0	0	0	1	0	0	0	0	0	0	0
MAD2L2	CIP2A	0	0	0	0	0	0	1	0	0	0	0
MAD2L2	WRAP53	0	0	0	1	0	0	0	0	0	0	0
MAD2L2	USB1	0	0	0	0	1	0	0	0	0	0	1
MAD2L2	MOV10	1	0	0	0	0	0	0	0	0	0	0
MAD2L2	ESCO2	0	0	1	0	0	0	0	0	0	0	0
MAD2L2	XRCC2	0	0	1	0	0	0	0	0	0	0	0
MAD2L2	NHP2	0	0	0	1	0	0	0	0	0	0	0
MAD2L2	UBE2T	0	0	1	0	0	0	0	0	0	0	0
MAD2L2	SLX4	0	0	1	0	0	0	0	0	0	0	0
MAD2L2	NSD2	0	0	1	0	0	0	0	0	0	0	0
MAD2L2	FANCM	0	0	1	0	0	0	0	0	0	0	0
MAD2L2	FANCB	0	0	1	0	0	0	0	0	0	0	0
MAD2L2	RBBP8	0	0	0	1	0	0	0	0	0	0	0
MAD2L2	ERCC4	0	0	1	0	0	0	0	0	0	0	0
MAD2L2	RNF168	0	0	0	0	0	0	1	0	0	0	0
MAD2L2	FANCI	0	0	1	0	0	0	0	0	0	0	0
MAD2L2	PALB2	0	0	1	0	0	0	0	0	0	0	0
MAD2L2	ERCC1	0	0	0	0	0	0	0	1	0	0	0
MAD2L2	RAD51C	0	0	1	1	0	0	0	0	0	0	0
MAD2L2	FANCL	0	0	1	0	0	0	0	0	0	0	0
MAD2L2	RFC4	0	0	0	0	0	1	0	0	0	0	0
TERF2IP	STN1	1	0	0	0	0	0	0	0	0	0	0
TERF2IP	PARN	0	0	0	0	0	0	0	0	1	0	1
TERF2IP	SLX4	1	0	0	0	0	0	0	0	0	0	0
TERF2IP	DCLRE1B	1	0	0	0	0	0	0	0	0	0	0
TERF2IP	RNF168	0	0	0	0	0	0	0	0	0	1	0
TERF2IP	MRE11	1	0	0	0	0	0	0	0	0	0	0
TERF2IP	RPS14	0	0	0	0	0	0	0	1	0	0	0
TERF2IP	ERCC1	0	0	0	0	0	0	0	1	0	0	0
TERF2IP	TERF1	1	0	0	0	0	1	0	0	0	0	0
TERF2IP	FANCL	0	0	0	0	0	0	0	0	1	0	0
TERF2IP	ACD	1	0	1	0	0	1	0	1	0	0	0
TERF2IP	RAB22A	0	0	0	0	0	0	0	0	1	0	0
GMNN	H2AZ1	0	1	0	1	1	0	0	0	0	0	0
GMNN	TBC1D31	0	0	0	1	1	0	0	0	1	0	0
GMNN	RMI2	0	0	0	1	0	0	0	0	0	0	0
GMNN	PARPBP	0	0	0	1	0	0	0	1	0	0	0
GMNN	CENPW	0	1	0	1	1	0	0	0	0	0	0
GMNN	DNA2	0	0	0	1	1	0	0	0	0	0	0
GMNN	CIP2A	0	0	0	1	1	0	0	0	1	0	0
GMNN	CTC1	1	0	0	0	0	0	0	0	0	0	0
GMNN	C1orf112	0	0	0	1	1	0	0	0	0	0	0
GMNN	STMN1	0	1	0	1	1	0	0	0	0	0	0
GMNN	NCAPD3	0	0	0	0	1	0	0	0	0	0	0
GMNN	STN1	1	0	0	0	0	0	0	0	0	0	0
GMNN	ESCO2	0	0	0	1	1	0	0	0	0	0	0
GMNN	XRCC2	0	0	0	1	1	0	0	0	0	0	0
GMNN	UBE2T	0	1	0	1	1	0	0	1	0	0	0
GMNN	RFWD3	0	0	0	1	0	0	0	0	0	0	0
GMNN	RMI1	0	0	0	0	1	0	0	0	0	0	0
GMNN	SLX4	0	0	0	0	0	0	0	0	1	0	0
GMNN	NSD2	0	0	0	1	1	0	0	0	0	0	0
GMNN	FANCM	0	0	0	1	1	0	0	0	0	0	0
GMNN	NUDT1	0	0	0	1	1	0	0	0	1	0	0
GMNN	CENPO	0	0	0	1	1	0	0	0	0	0	0
GMNN	RBBP8	0	1	0	0	0	0	0	0	0	0	0
GMNN	FANCI	0	0	0	1	1	0	0	0	0	0	0
GMNN	ZWILCH	0	0	0	1	1	0	0	0	1	0	0
GMNN	LIG1	0	0	0	0	1	0	0	0	0	0	0
GMNN	DNMT1	0	0	0	0	1	0	0	0	0	0	0
GMNN	HOXA11	1	0	0	0	0	0	0	0	0	0	0
GMNN	MSH2	0	0	0	0	1	0	0	0	0	0	0
GMNN	GINS4	0	0	0	1	1	0	0	0	0	0	0
GMNN	RAD51C	0	0	0	0	1	0	0	0	0	0	0
GMNN	FANCL	0	0	0	1	0	0	0	0	0	0	0
GMNN	MCM8	0	0	0	1	1	0	0	0	0	0	0
GMNN	RFC4	0	1	0	1	1	0	0	0	0	0	0
GMNN	RBL1	0	0	0	1	1	0	0	0	0	0	0
GMNN	POLA2	0	0	0	1	1	0	0	0	0	0	0
BRIP1	TBC1D31	0	1	0	0	0	0	0	0	0	0	0
BRIP1	RMI2	0	0	0	0	0	1	0	1	0	0	0
BRIP1	PARPBP	0	1	0	0	1	0	0	1	0	0	0
BRIP1	CENPW	0	0	0	0	1	0	0	0	0	0	0
BRIP1	RTEL1	0	0	0	0	0	1	0	0	0	0	0
BRIP1	DNA2	0	1	0	0	0	1	0	0	0	0	0
BRIP1	CIP2A	0	1	0	0	1	0	0	0	0	0	0
BRIP1	C1orf112	0	1	0	0	1	0	0	0	0	0	0
BRIP1	STMN1	0	1	0	0	1	0	0	0	0	0	0
BRIP1	NCAPD3	0	1	0	1	1	0	0	0	0	0	0
BRIP1	ESCO2	0	1	1	0	1	0	0	1	0	0	0
BRIP1	XRCC2	0	1	1	0	1	1	0	0	0	0	0
BRIP1	TOP3A	0	0	0	0	0	1	0	0	0	0	0
BRIP1	UBE2T	0	0	1	0	1	0	1	0	0	0	0
BRIP1	RFWD3	0	1	0	1	1	0	0	0	0	0	0
BRIP1	RMI1	0	1	0	0	1	1	0	1	0	0	0
BRIP1	SLX4	0	0	1	0	0	0	0	0	0	0	0
BRIP1	NSD2	0	1	1	1	0	0	0	0	0	0	0
BRIP1	FANCM	0	1	1	1	0	0	0	0	0	0	0
BRIP1	CENPO	0	1	0	1	0	0	0	1	0	0	0
BRIP1	FANCB	0	1	1	1	0	0	0	0	0	0	0
BRIP1	RBBP8	0	1	0	0	1	1	0	0	0	0	0
BRIP1	ERCC4	0	0	1	0	0	0	1	0	0	0	0
BRIP1	FANCI	0	0	1	0	0	0	1	0	0	0	0
BRIP1	ZWILCH	0	1	0	0	1	0	0	0	1	0	0
BRIP1	PALB2	1	0	1	0	0	1	0	0	0	0	0
BRIP1	LIG1	0	0	0	1	1	0	0	0	0	0	0
BRIP1	DNMT1	0	1	0	1	0	0	0	0	0	0	0
BRIP1	MSH2	0	1	0	0	1	0	0	0	0	0	0
BRIP1	MRE11	1	0	0	0	0	1	0	0	0	0	0
BRIP1	GINS4	0	1	0	0	1	0	0	0	0	0	0
BRIP1	RAD51C	0	0	1	0	0	1	0	0	0	0	0
BRIP1	FANCL	0	0	1	0	0	0	1	0	0	0	0
BRIP1	MCM8	0	1	0	1	0	0	0	0	0	0	0
BRIP1	RFC4	0	0	0	0	0	1	0	0	0	0	0
BRIP1	RBL1	0	1	0	0	1	0	0	0	0	0	0
BRIP1	POLA2	0	1	0	0	0	0	0	0	0	0	0
BRIP1	XRCC3	0	0	0	0	0	1	0	0	0	0	0
BRIP1	RAD51B	0	0	0	0	0	1	0	0	0	0	0
BRIP1	MAD2L2	0	0	1	0	0	0	0	0	0	0	0
BRIP1	GMNN	0	0	0	0	0	0	0	0	1	0	0
BRCA1	H2AZ1	0	0	0	1	1	0	0	0	0	0	0
BRCA1	TBC1D31	0	1	0	0	1	0	0	0	1	1	0
BRCA1	RMI2	1	0	0	0	0	1	0	0	1	0	0
BRCA1	PARPBP	0	1	0	1	0	0	0	0	1	0	0
BRCA1	CENPW	0	0	0	0	1	0	0	0	0	0	0
BRCA1	DNA2	0	1	0	1	1	1	0	0	1	0	0
BRCA1	CIP2A	1	0	0	0	0	0	0	0	0	0	0
BRCA1	CTC1	1	0	0	0	0	0	0	0	0	0	0
BRCA1	C1orf112	0	1	0	1	1	0	0	0	1	0	0
BRCA1	MOV10	1	0	0	0	0	0	0	0	0	0	0
BRCA1	STMN1	0	0	0	0	1	0	0	1	0	0	1
BRCA1	NCAPD3	1	0	0	0	0	0	0	0	0	0	0
BRCA1	STN1	1	0	0	0	0	0	0	0	0	0	0
BRCA1	ESCO2	0	1	0	0	1	0	0	0	1	0	0
BRCA1	XRCC2	0	1	0	1	1	1	0	0	1	0	0
BRCA1	TOP3A	1	0	0	0	0	1	0	0	1	0	0
BRCA1	UBE2T	1	0	0	0	1	0	0	0	1	0	0
BRCA1	RFWD3	0	1	0	1	1	0	0	0	1	0	0
BRCA1	RMI1	1	1	0	1	1	1	0	0	1	0	0
BRCA1	SLX4	1	0	0	0	0	0	0	0	0	0	0
BRCA1	NSD2	0	1	0	1	1	1	0	0	1	0	0
BRCA1	DCLRE1B	1	0	0	0	1	0	0	0	0	0	0
BRCA1	FANCM	1	1	0	1	1	0	0	0	0	0	0
BRCA1	NUDT1	0	0	0	0	1	0	0	1	0	0	1
BRCA1	CENPO	0	1	0	1	1	0	0	0	1	0	0
BRCA1	FANCB	1	1	0	1	0	0	0	0	0	0	0
BRCA1	RBBP8	1	0	0	0	1	1	0	0	1	0	0
BRCA1	ERCC4	1	0	0	0	0	0	0	0	0	0	0
BRCA1	RNF168	1	0	0	0	0	1	0	0	0	0	0
BRCA1	FANCI	1	0	0	0	0	0	0	0	0	0	0
BRCA1	ZWILCH	0	1	0	0	1	0	0	0	0	0	1
BRCA1	PALB2	1	0	0	0	0	1	0	0	0	0	0
BRCA1	LIG1	0	1	0	1	1	0	0	0	0	0	0
BRCA1	DNMT1	1	1	0	1	1	0	0	0	1	0	0
BRCA1	MSH2	1	0	0	0	0	0	0	0	0	0	0
BRCA1	MRE11	1	0	0	0	0	1	0	0	0	0	0
BRCA1	GINS4	0	1	0	0	1	0	0	0	1	0	0
BRCA1	RPS14	1	0	0	0	0	0	0	0	0	0	0
BRCA1	ERCC1	1	0	0	0	0	0	0	0	0	0	0
BRCA1	RAD51C	0	0	0	0	1	1	0	0	0	0	0
BRCA1	TERF1	1	0	0	0	0	0	0	0	0	0	0
BRCA1	FANCL	1	0	0	0	0	0	0	0	0	0	0
BRCA1	MCM8	0	1	0	1	1	0	0	0	1	0	0
BRCA1	RFC4	1	0	0	0	0	1	0	0	0	0	0
BRCA1	RBL1	1	0	0	0	0	0	0	0	0	0	0
BRCA1	POLA2	0	1	0	0	1	0	0	1	0	1	0
BRCA1	ACD	1	0	0	0	0	0	0	0	0	0	0
BRCA1	XRCC3	0	0	0	0	0	1	0	0	0	0	0
BRCA1	RAD51B	1	0	0	0	0	1	0	0	0	0	0
BRCA1	TERF2IP	1	0	0	0	0	0	0	0	0	0	0
BRCA1	GMNN	0	0	0	0	1	0	0	0	0	0	0
BRCA1	BRIP1	1	1	0	1	1	1	0	0	0	0	0
RFC3	H2AZ1	0	1	0	1	1	0	0	0	0	0	0
RFC3	TBC1D31	0	1	0	0	0	0	0	0	0	0	0
RFC3	RMI2	0	0	0	1	0	1	0	0	0	0	0
RFC3	PARPBP	0	1	0	1	0	0	0	0	1	0	0
RFC3	CENPW	0	1	0	1	1	0	0	1	0	0	0
RFC3	DNA2	0	1	0	1	0	1	0	0	0	0	0
RFC3	C1orf112	0	1	0	1	1	0	0	1	0	0	0
RFC3	STMN1	0	1	0	1	1	0	0	1	0	0	0
RFC3	NCAPD3	0	0	0	1	1	0	0	0	0	0	0
RFC3	STN1	0	0	0	0	0	0	0	0	0	1	0
RFC3	ESCO2	0	1	0	1	1	0	0	0	0	0	0
RFC3	XRCC2	0	1	0	1	1	0	0	0	0	0	0
RFC3	PARN	0	0	0	0	0	0	0	0	1	0	0
RFC3	TOP3A	0	0	0	0	0	1	0	0	0	0	0
RFC3	UBE2T	0	1	0	1	1	0	0	0	0	0	0
RFC3	RFWD3	0	1	0	1	1	0	0	0	1	0	0
RFC3	RMI1	0	1	0	0	1	1	0	0	0	0	0
RFC3	NSD2	0	0	0	1	1	0	0	0	0	0	0
RFC3	DCLRE1B	0	1	0	0	1	0	0	0	1	0	0
RFC3	NUDT1	0	0	0	1	1	0	0	1	0	0	0
RFC3	CENPO	0	1	0	1	1	0	0	0	0	0	1
RFC3	RBBP8	0	1	0	0	1	1	0	0	0	0	0
RFC3	PALB2	0	0	0	0	0	0	0	0	1	0	0
RFC3	LIG1	0	0	0	1	0	1	0	0	0	0	0
RFC3	DNMT1	0	0	0	1	1	0	0	1	0	0	0
RFC3	MSH2	0	1	0	1	1	0	0	0	1	0	0
RFC3	MRE11	0	0	0	0	0	1	0	0	0	0	0
RFC3	GINS4	0	0	0	1	1	0	0	0	0	0	0
RFC3	DKC1	0	1	0	0	1	0	0	0	0	0	0
RFC3	RAD51C	0	1	0	0	0	0	0	0	0	0	0
RFC3	MCM8	0	1	0	1	0	0	0	0	0	0	0
RFC3	RFC4	1	1	0	1	1	1	0	0	0	0	0
RFC3	RBL1	0	1	0	1	1	0	0	0	1	0	0
RFC3	POLA2	0	1	0	1	1	0	0	0	0	0	0
RFC3	MAD2L2	0	0	0	0	0	1	0	0	0	0	0
RFC3	GMNN	0	0	0	1	1	0	0	0	0	0	0
RFC3	BRIP1	0	1	0	1	1	1	0	0	0	0	0
RFC3	BRCA1	0	1	0	1	1	1	0	0	0	0	0
MCM3	TBC1D31	0	1	0	0	1	0	0	1	0	0	0
MCM3	RMI2	0	0	0	1	0	0	0	0	0	0	0
MCM3	PARPBP	0	0	0	1	0	0	0	0	0	0	0
MCM3	CENPW	0	1	0	0	1	0	0	1	0	0	0
MCM3	DNA2	0	1	0	1	0	0	0	0	0	0	0
MCM3	CIP2A	0	1	0	1	1	0	0	1	0	0	0
MCM3	C1orf112	0	1	0	1	1	0	0	1	0	0	0
MCM3	STMN1	0	1	0	0	1	0	0	0	0	0	1
MCM3	NCAPD3	1	0	0	0	0	0	0	0	0	0	0
MCM3	ESCO2	0	1	0	0	1	0	0	0	0	0	0
MCM3	XRCC2	0	1	0	1	1	0	0	0	0	0	0
MCM3	PARN	0	0	0	0	0	0	0	0	1	0	0
MCM3	UBE2T	0	1	0	1	1	0	0	1	0	0	0
MCM3	RMI1	0	1	0	0	1	0	0	0	0	0	0
MCM3	NSD2	0	0	0	1	1	0	0	0	0	0	0
MCM3	FANCM	0	0	0	1	1	0	0	0	0	0	0
MCM3	NUDT1	0	0	0	0	1	0	0	1	0	0	1
MCM3	CENPO	0	1	0	1	1	0	0	0	0	0	1
MCM3	FANCB	0	0	0	1	0	0	0	0	0	0	0
MCM3	RBBP8	0	0	0	0	1	0	0	0	0	0	0
MCM3	FANCI	1	0	0	0	0	0	0	0	0	0	0
MCM3	LIG1	0	1	0	1	0	0	0	0	0	0	0
MCM3	GINS4	1	1	0	0	1	0	0	0	0	0	0
MCM3	DKC1	0	0	0	0	0	0	0	1	0	0	0
MCM3	RAD51C	0	1	0	0	1	0	0	0	0	0	0
MCM3	FANCL	0	0	0	0	0	0	0	0	1	0	0
MCM3	MCM8	0	1	0	1	1	1	0	0	0	0	0
MCM3	RFC4	1	0	0	0	0	0	0	0	0	0	0
MCM3	ACD	0	0	0	1	0	0	0	0	0	0	0
MCM3	XRCC3	0	1	0	0	0	0	0	0	0	0	0
MCM3	GMNN	0	0	0	1	1	0	0	0	0	0	0
MCM3	BRIP1	0	1	0	1	0	0	0	0	0	0	0
MCM3	BRCA1	1	0	0	0	0	0	0	0	0	0	0
MCM3	RFC3	1	0	0	0	0	0	0	0	0	0	0
MCM6	TBC1D31	0	1	0	0	0	0	0	1	0	0	0
MCM6	RMI2	0	0	0	1	0	0	0	1	0	0	0
MCM6	PARPBP	0	0	0	1	0	0	0	1	0	0	0
MCM6	DNA2	0	1	0	1	0	0	0	0	0	0	0
MCM6	C1orf112	0	1	0	1	1	0	0	1	0	0	0
MCM6	ESCO2	0	1	0	1	1	0	0	0	0	0	0
MCM6	XRCC2	0	1	0	1	1	0	0	0	0	0	0
MCM6	PARN	0	0	0	0	0	0	0	0	1	0	0
MCM6	UBE2T	0	1	0	1	1	0	0	1	0	0	0
MCM6	RMI1	0	1	0	0	1	0	0	0	0	0	0
MCM6	NSD2	0	0	0	1	0	0	0	0	0	0	0
MCM6	FANCM	0	0	0	1	1	0	0	1	0	0	0
MCM6	NUDT1	0	0	0	1	1	0	0	1	0	0	1
MCM6	CENPO	0	1	0	1	1	0	0	0	0	0	1
MCM6	RBBP8	0	1	0	0	1	0	0	0	0	0	0
MCM6	MSH2	0	1	0	1	1	0	0	1	1	0	0
MCM6	GINS4	0	0	0	1	1	0	1	0	0	0	0
MCM6	DKC1	0	0	0	0	1	0	0	1	0	0	0
MCM6	RAD51C	0	0	0	0	1	0	0	0	0	0	0
MCM6	FANCL	0	0	0	1	0	0	0	0	0	0	0
MCM6	MCM8	1	1	0	1	1	1	0	0	0	0	0
MCM6	POLA2	0	1	0	1	1	0	0	0	1	0	0
MCM6	GMNN	1	1	0	1	1	0	0	0	0	0	0
MCM6	BRIP1	0	1	0	0	1	0	0	0	0	0	0
MCM6	BRCA1	1	0	0	1	1	0	0	0	0	0	0
MCM6	MCM3	1	0	0	0	0	1	1	0	0	0	0
TINF2	TEN1	0	0	0	0	0	0	1	0	0	0	0
TINF2	TERC	0	0	1	0	0	0	0	0	0	0	0
TINF2	RTEL1	0	0	1	0	0	0	0	0	0	0	0
TINF2	NOP10	0	0	1	0	0	0	0	0	0	0	1
TINF2	CTC1	0	0	1	0	0	0	0	0	0	0	0
TINF2	WRAP53	0	0	1	0	0	0	0	0	0	0	0
TINF2	USB1	0	0	1	0	0	0	0	0	0	0	0
TINF2	PARN	0	0	1	0	0	0	0	0	0	0	0
TINF2	NHP2	0	0	1	0	0	0	0	0	0	1	1
TINF2	TOP3A	1	0	0	0	0	0	0	1	0	0	0
TINF2	RFWD3	0	0	0	0	0	0	0	0	0	0	1
TINF2	DCLRE1B	1	0	0	0	0	0	0	0	0	0	1
TINF2	KRT14	0	0	1	0	0	0	0	0	0	0	0
TINF2	ERCC4	0	0	1	0	0	0	0	0	0	0	0
TINF2	PALB2	0	0	0	0	0	0	0	0	0	0	1
TINF2	DNMT1	0	0	0	0	0	0	0	0	0	0	1
TINF2	MRE11	1	0	0	0	0	0	0	0	0	0	0
TINF2	GJB6	0	0	1	0	0	0	0	0	0	0	0
TINF2	DKC1	0	0	1	0	0	0	0	0	0	0	1
TINF2	RPS14	0	0	0	0	0	0	0	0	1	0	0
TINF2	ERCC1	0	0	0	0	0	0	0	1	1	0	0
TINF2	TERF1	1	0	0	0	0	1	0	0	0	0	0
TINF2	ACD	1	0	1	0	0	1	0	0	0	0	0
TINF2	RAB22A	0	0	0	0	1	0	0	0	0	0	1
TINF2	TERF2IP	1	0	0	0	0	1	0	0	0	0	0
TINF2	BRCA1	1	0	0	0	0	0	0	0	0	0	0
POT1	TEN1	0	0	0	0	0	0	1	0	0	0	0
POT1	CTC1	1	0	0	0	0	0	1	0	0	0	0
POT1	STN1	1	0	0	0	0	0	1	0	0	0	0
POT1	DCLRE1B	1	0	0	0	0	0	0	0	0	0	0
POT1	RNF168	0	0	0	0	0	0	0	1	0	0	0
POT1	PALB2	0	0	0	0	0	0	0	0	1	0	0
POT1	MRE11	0	1	0	0	1	0	0	0	0	0	0
POT1	TERF1	1	0	0	0	0	1	0	0	0	0	0
POT1	ACD	1	0	1	0	0	1	0	0	0	0	0
POT1	RAB22A	0	0	0	1	0	0	0	0	0	0	0
POT1	RAD51B	0	1	0	0	0	0	0	0	0	0	0
POT1	TERF2IP	1	0	1	0	0	1	0	0	0	0	0
POT1	BRCA1	1	0	0	0	0	0	0	0	0	0	0
POT1	RFC3	0	0	0	0	0	0	0	0	1	0	0
POT1	TINF2	1	0	0	0	0	1	1	0	0	0	0
EXO1	H2AZ1	0	1	0	1	1	0	0	0	0	0	0
EXO1	TBC1D31	0	1	0	0	0	0	0	0	0	0	0
EXO1	RMI2	0	0	0	1	0	1	0	1	1	0	0
EXO1	CENPW	0	1	0	1	1	0	0	0	0	0	0
EXO1	DNA2	0	1	0	1	0	1	0	0	0	0	0
EXO1	CIP2A	0	1	0	1	1	0	0	1	0	0	0
EXO1	C1orf112	0	1	0	1	1	0	0	0	0	0	0
EXO1	STMN1	0	1	0	1	1	0	0	0	1	0	0
EXO1	NCAPD3	0	1	0	0	1	0	0	1	0	0	0
EXO1	ESCO2	0	1	0	1	1	0	0	0	1	0	0
EXO1	XRCC2	0	1	0	1	1	1	0	0	0	0	0
EXO1	TOP3A	0	0	0	0	0	1	0	0	0	0	0
EXO1	RFWD3	0	1	0	1	1	0	0	0	1	0	0
EXO1	RMI1	0	1	0	0	1	1	0	0	0	0	0
EXO1	NSD2	0	1	0	1	0	0	0	0	1	0	0
EXO1	DCLRE1B	0	1	0	0	0	0	0	0	0	0	0
EXO1	NUDT1	0	0	0	1	1	0	0	0	0	0	0
EXO1	CENPO	0	1	0	1	0	0	0	1	0	0	0
EXO1	RBBP8	1	1	0	0	1	1	0	0	1	0	0
EXO1	ZWILCH	0	1	0	1	1	0	0	0	0	0	0
EXO1	PALB2	0	0	0	0	0	1	0	0	0	0	0
EXO1	LIG1	0	1	0	0	1	0	0	0	0	0	0
EXO1	DNMT1	0	1	0	0	1	0	0	0	0	0	0
EXO1	MSH2	1	1	0	0	1	1	0	0	0	0	0
EXO1	MRE11	0	0	0	0	0	1	0	0	0	0	0
EXO1	GINS4	0	1	0	1	1	0	0	0	1	0	0
EXO1	RAD51C	0	1	0	0	0	1	0	0	0	0	0
EXO1	MCM8	0	1	0	1	0	0	0	0	1	0	0
EXO1	RFC4	0	1	0	1	1	1	0	0	0	0	0
EXO1	RBL1	0	1	0	1	1	0	0	0	0	0	0
EXO1	POLA2	0	1	0	1	0	0	0	0	0	0	0
EXO1	XRCC3	0	1	0	0	0	1	0	0	0	0	0
EXO1	RAD51B	0	0	0	0	0	1	0	0	0	0	0
EXO1	GMNN	0	0	0	1	1	0	0	1	0	0	0
EXO1	BRIP1	0	1	0	0	1	1	0	1	0	0	0
EXO1	BRCA1	0	1	0	1	1	1	0	0	1	0	0
EXO1	RFC3	0	1	0	1	1	1	0	0	0	0	0
EXO1	MCM3	0	1	0	1	1	0	0	0	0	0	0
EXO1	MCM6	0	1	0	1	1	0	0	1	0	0	0
RAD50	RMI2	0	0	0	0	0	1	0	0	0	0	0
RAD50	NOP10	0	0	0	0	0	0	1	0	0	0	0
RAD50	DNA2	0	0	0	0	0	1	0	0	0	0	0
RAD50	SAMD9	0	0	0	0	0	0	0	0	0	1	0
RAD50	XRCC2	0	0	0	0	0	1	0	0	0	0	0
RAD50	TOP3A	0	0	0	0	0	1	0	0	0	0	0
RAD50	RMI1	0	0	0	0	0	1	0	0	0	0	0
RAD50	NSD2	1	0	0	0	0	1	0	0	0	0	0
RAD50	DCLRE1B	1	0	0	0	0	0	0	0	0	0	0
RAD50	RBBP8	1	0	0	0	0	1	0	0	0	0	0
RAD50	RNF168	0	0	0	0	0	1	0	0	0	0	0
RAD50	PALB2	0	0	0	0	1	1	0	0	0	0	0
RAD50	MSH2	1	0	0	0	1	0	0	0	0	1	0
RAD50	MRE11	1	0	0	0	0	1	1	0	0	0	0
RAD50	RAD51C	0	0	0	0	0	1	0	0	0	0	0
RAD50	TERF1	1	0	0	0	0	0	0	0	1	0	0
RAD50	MCM8	1	0	0	0	0	0	0	0	0	0	0
RAD50	RFC4	0	0	0	0	0	1	0	0	0	0	0
RAD50	RAB22A	0	0	0	0	0	0	0	0	1	0	0
RAD50	XRCC3	0	0	0	0	0	1	0	0	0	0	0
RAD50	RAD51B	0	0	0	0	0	1	0	0	0	0	0
RAD50	TERF2IP	1	0	0	0	0	0	0	0	0	0	0
RAD50	BRIP1	1	0	0	0	0	1	0	0	0	0	0
RAD50	BRCA1	1	0	0	0	0	1	0	0	0	0	0
RAD50	RFC3	0	0	0	0	0	1	0	0	0	0	0
RAD50	EXO1	0	0	0	0	0	1	0	0	0	0	0
H2AFX	CIP2A	0	0	0	0	0	0	1	0	0	0	0
H2AFX	WRAP53	1	0	0	0	0	0	0	0	0	0	0
H2AFX	MOV10	0	0	0	0	0	1	0	0	0	0	0
H2AFX	TOP3A	0	0	0	0	0	1	0	0	0	0	0
H2AFX	NSD2	0	0	0	0	0	1	0	0	0	0	0
H2AFX	RBBP8	1	0	0	0	0	1	0	0	0	0	0
H2AFX	RNF168	1	0	0	0	0	1	1	0	0	0	0
H2AFX	PALB2	1	0	0	0	0	0	1	0	0	0	0
H2AFX	DNMT1	1	0	0	0	0	0	0	0	0	0	0
H2AFX	MRE11	1	0	0	0	0	1	0	0	0	0	0
H2AFX	GINS4	1	0	0	0	0	0	0	0	0	0	0
H2AFX	DKC1	1	0	0	0	0	0	0	0	0	0	0
H2AFX	TERF1	0	0	0	0	0	1	0	0	0	0	0
H2AFX	ACD	0	0	0	0	0	1	0	0	0	0	0
H2AFX	MAD2L2	0	0	0	0	0	0	1	0	0	0	0
H2AFX	TERF2IP	1	0	0	0	0	1	0	0	0	0	0
H2AFX	BRCA1	1	0	0	0	0	1	0	0	0	0	0
H2AFX	MCM6	1	0	0	0	0	0	0	0	0	0	0
H2AFX	TINF2	0	0	0	0	0	1	0	0	0	0	0
H2AFX	POT1	0	0	0	0	0	1	0	0	0	0	0
H2AFX	EXO1	1	0	0	0	0	0	0	0	0	0	0
H2AFX	RAD50	1	0	0	0	0	1	0	0	0	0	0
SRP72	TOP3A	0	0	0	0	0	0	0	1	0	0	0
SRP72	RFWD3	0	0	0	0	1	0	0	0	0	0	0
SRP72	DCLRE1B	0	0	0	0	0	0	0	1	0	0	0
SRP72	RBBP8	0	0	0	0	1	0	0	0	0	0	0
SRP72	RNF168	0	0	0	0	0	0	0	1	0	0	0
SRP72	RPS14	0	0	1	0	0	0	0	0	0	0	0
SRP72	TERF1	0	0	0	0	0	0	0	0	0	1	0
SRP72	CEBPA	0	0	1	0	0	0	0	0	0	0	0
SRP72	BRCA1	1	0	0	0	0	0	0	0	0	0	0
SRP72	POT1	0	0	0	1	0	0	0	0	1	0	0
SRP72	RAD50	0	0	0	0	0	0	0	0	1	0	0
RFC5	H2AZ1	0	1	0	1	1	0	0	0	0	0	0
RFC5	RMI2	0	0	0	1	0	1	0	0	0	0	0
RFC5	PARPBP	0	1	0	1	0	0	0	1	0	0	0
RFC5	CENPW	0	1	0	1	1	0	0	1	0	0	0
RFC5	DNA2	0	1	0	1	1	1	0	0	0	0	0
RFC5	CIP2A	0	1	0	1	1	0	0	1	0	0	0
RFC5	STMN1	0	0	0	1	1	0	0	0	0	0	0
RFC5	ESCO2	0	1	0	0	1	0	0	0	0	0	0
RFC5	XRCC2	0	1	0	1	1	0	0	0	0	0	0
RFC5	TOP3A	0	0	0	0	0	1	1	0	0	0	0
RFC5	UBE2T	0	0	0	1	1	0	0	1	0	0	0
RFC5	RMI1	0	1	0	1	1	1	0	0	0	0	0
RFC5	NSD2	0	0	0	1	1	0	0	1	0	0	0
RFC5	DCLRE1B	0	1	0	0	1	0	0	0	0	0	1
RFC5	NUDT1	0	0	0	1	1	0	0	1	0	0	0
RFC5	CENPO	0	1	0	1	1	0	0	0	0	0	1
RFC5	RBBP8	0	1	0	0	1	1	0	0	0	0	0
RFC5	FANCI	0	1	0	1	1	0	0	1	0	0	0
RFC5	LIG1	0	0	0	0	1	1	0	0	0	0	0
RFC5	DNMT1	0	0	0	1	1	0	0	0	0	0	0
RFC5	MRE11	0	0	0	0	0	1	1	0	0	0	0
RFC5	GINS4	0	0	0	1	1	0	1	0	0	0	0
RFC5	DKC1	0	0	0	0	1	0	0	0	1	0	0
RFC5	RAD51C	0	0	0	0	1	0	0	0	0	0	0
RFC5	MCM8	0	1	0	1	1	0	0	0	0	0	0
RFC5	RFC4	1	0	0	0	0	1	0	0	0	0	0
RFC5	ACD	0	0	0	1	0	0	0	0	0	0	0
RFC5	XRCC3	0	0	0	1	0	0	0	0	0	0	0
RFC5	MAD2L2	0	0	0	0	0	1	0	0	0	0	0
RFC5	GMNN	0	0	0	1	1	0	0	0	0	0	0
RFC5	BRIP1	0	1	0	0	1	1	0	0	0	0	0
RFC5	BRCA1	0	0	0	0	0	1	0	0	0	0	0
RFC5	RFC3	1	0	0	0	0	1	0	0	0	0	0
RFC5	MCM6	0	0	0	0	0	0	1	0	0	0	0
RFC5	EXO1	0	1	0	1	1	1	0	0	0	0	0
RFC5	RAD50	0	0	0	0	0	1	0	0	0	0	0
RAD51D	TBC1D31	0	0	0	1	0	0	0	0	0	0	0
RAD51D	RMI2	0	0	0	0	0	1	0	0	0	0	0
RAD51D	DNA2	0	0	0	0	0	1	0	0	0	0	0
RAD51D	CTC1	0	0	0	0	0	0	0	1	0	0	0
RAD51D	WRAP53	0	0	0	0	1	0	0	0	0	0	0
RAD51D	USB1	0	0	0	0	0	0	0	0	0	1	0
RAD51D	MOV10	1	0	0	0	0	0	0	0	0	0	0
RAD51D	XRCC2	1	0	0	0	0	1	1	0	0	0	0
RAD51D	PARN	0	1	0	0	0	0	0	0	0	0	1
RAD51D	TOP3A	0	0	0	0	1	1	0	1	0	0	0
RAD51D	RFWD3	0	1	0	0	0	0	0	0	0	0	0
RAD51D	RMI1	0	0	0	0	0	1	0	0	0	0	0
RAD51D	DCLRE1B	0	1	0	0	0	0	0	0	0	0	0
RAD51D	FANCM	0	0	0	0	0	0	0	1	0	0	0
RAD51D	CENPO	0	1	0	0	1	0	0	0	0	0	0
RAD51D	RBBP8	0	0	0	0	0	1	0	0	0	0	0
RAD51D	ERCC4	0	1	0	0	0	0	1	0	1	0	0
RAD51D	PALB2	0	0	0	0	0	1	0	0	0	0	0
RAD51D	MRE11	0	0	0	0	0	1	0	0	0	0	0
RAD51D	RAD51C	1	0	0	0	0	1	1	0	0	0	0
RAD51D	FANCL	0	0	0	0	1	0	0	0	0	0	0
RAD51D	RFC4	0	0	0	0	0	0	0	0	0	1	0
RAD51D	POLA2	0	1	0	0	1	0	0	0	0	1	0
RAD51D	ACD	0	0	0	0	1	0	0	0	0	0	0
RAD51D	XRCC3	1	0	0	0	0	1	1	0	0	0	0
RAD51D	RAD51B	1	0	0	0	0	1	1	0	0	0	0
RAD51D	BRIP1	1	0	0	0	0	1	0	0	0	0	0
RAD51D	BRCA1	0	0	0	0	0	1	0	0	0	0	0
RAD51D	MCM3	0	1	0	0	0	0	0	0	0	0	0
RAD51D	POT1	0	0	0	0	1	0	0	0	0	0	1
RAD51D	EXO1	0	0	0	0	0	1	0	0	0	0	0
RAD51D	RAD50	0	0	0	0	0	1	0	0	0	0	0
MCM5	H2AZ1	0	1	0	1	1	0	0	0	0	0	0
MCM5	RMI2	0	0	0	1	0	0	0	1	0	0	0
MCM5	PARPBP	0	0	0	1	0	0	0	0	0	0	0
MCM5	CENPW	0	1	0	1	1	0	0	0	0	0	0
MCM5	DNA2	0	1	0	1	0	0	0	0	0	0	0
MCM5	WRAP53	0	1	0	0	0	0	0	0	0	0	1
MCM5	C1orf112	0	1	0	1	1	0	0	0	0	0	0
MCM5	STMN1	0	0	0	1	1	0	0	0	0	0	1
MCM5	NCAPD3	0	1	0	1	1	0	0	1	0	0	0
MCM5	ESCO2	0	1	0	1	1	0	0	0	0	0	0
MCM5	XRCC2	0	1	0	1	1	0	0	0	0	0	0
MCM5	PARN	0	0	0	0	0	0	0	0	1	0	0
MCM5	TOP3A	0	0	0	0	0	0	0	0	1	0	0
MCM5	UBE2T	0	1	0	1	1	0	0	0	0	0	0
MCM5	RFWD3	0	1	0	1	1	0	0	1	1	0	0
MCM5	RMI1	0	0	0	0	1	0	0	0	0	0	0
MCM5	SLX4	0	0	0	0	0	0	0	1	0	0	0
MCM5	NSD2	0	0	0	1	1	0	0	0	0	0	0
MCM5	DCLRE1B	0	1	0	0	1	0	0	0	1	0	1
MCM5	FANCM	0	0	0	1	1	0	0	0	0	0	0
MCM5	NUDT1	0	0	0	1	1	0	0	0	0	0	1
MCM5	CENPO	0	1	0	1	1	0	0	0	0	1	1
MCM5	RBBP8	0	0	0	0	1	0	0	0	0	0	0
MCM5	FANCI	1	0	0	0	0	0	0	0	0	0	0
MCM5	LIG1	0	1	0	0	1	0	0	1	0	0	0
MCM5	GINS4	1	1	0	1	1	0	0	0	0	0	0
MCM5	DKC1	0	0	0	0	1	0	0	0	0	0	0
MCM5	RAD51C	0	1	0	0	0	0	0	0	0	0	0
MCM5	MCM8	0	0	0	1	1	1	0	0	0	0	0
MCM5	RFC4	0	1	0	1	1	0	0	0	0	1	0
MCM5	CEBPA	1	0	0	0	0	0	0	0	0	0	0
MCM5	XRCC3	0	1	0	0	0	0	0	0	0	0	0
MCM5	GMNN	0	0	0	1	1	0	0	0	0	0	0
MCM5	BRIP1	0	0	0	0	1	0	0	0	0	0	0
MCM5	BRCA1	1	0	0	0	0	0	0	0	0	0	0
MCM5	MCM3	1	0	0	0	0	1	0	0	0	0	0
MCM5	MCM6	1	0	0	0	0	1	0	0	0	0	0
MCM5	EXO1	0	1	0	1	1	0	0	0	0	0	0
MCM5	RAD50	1	0	0	0	0	0	0	0	0	0	0
MCM5	H2AFX	1	0	0	0	0	0	0	0	0	0	0
MCM5	RAD51D	0	0	0	0	0	0	0	1	0	0	0
BUB1B	H2AZ1	0	0	0	1	0	0	0	0	0	0	0
BUB1B	TBC1D31	0	1	0	0	0	0	0	0	0	0	0
BUB1B	CENPW	0	0	0	1	1	0	0	0	0	0	0
BUB1B	DNA2	0	1	0	1	0	0	0	0	0	0	0
BUB1B	SAMD9	0	0	0	0	0	0	0	0	0	0	1
BUB1B	C1orf112	0	1	0	1	0	0	0	0	1	0	0
BUB1B	NCAPD3	0	1	0	0	1	0	0	0	0	0	0
BUB1B	ESCO2	0	0	1	0	0	0	0	0	0	0	0
BUB1B	XRCC2	0	1	1	1	1	0	0	0	1	0	0
BUB1B	UBE2T	0	0	1	0	0	0	0	0	0	0	0
BUB1B	RFWD3	0	1	0	0	1	0	0	0	1	0	0
BUB1B	RMI1	0	1	0	0	0	0	0	1	0	0	0
BUB1B	SLX4	0	0	1	0	0	0	0	0	0	0	0
BUB1B	NSD2	0	1	1	1	0	0	0	0	1	0	0
BUB1B	FANCM	0	1	1	0	0	0	0	0	0	0	0
BUB1B	NUDT1	0	0	0	0	0	0	0	0	0	0	1
BUB1B	CENPO	0	1	0	1	0	1	0	1	0	0	0
BUB1B	FANCB	0	1	1	0	0	0	0	0	0	0	0
BUB1B	RBBP8	0	1	0	0	0	0	0	0	0	0	0
BUB1B	ERCC4	0	0	1	0	0	0	0	0	0	0	0
BUB1B	FANCI	0	0	1	0	0	0	0	0	0	0	0
BUB1B	ZWILCH	0	1	0	1	1	1	0	0	1	0	1
BUB1B	PALB2	0	0	1	0	0	0	0	0	0	0	0
BUB1B	LIG1	0	0	0	0	1	0	0	0	0	0	0
BUB1B	DNMT1	0	1	0	0	0	0	0	0	0	0	0
BUB1B	MSH2	0	1	0	0	0	0	0	0	0	0	0
BUB1B	GINS4	0	1	0	1	1	0	0	0	0	0	0
BUB1B	RAD51C	0	0	1	0	0	0	0	0	0	0	0
BUB1B	FANCL	0	0	1	0	0	0	0	0	0	0	0
BUB1B	MCM8	0	1	0	1	0	0	0	0	0	0	0
BUB1B	RBL1	0	1	0	1	0	0	0	0	0	0	0
BUB1B	POLA2	0	0	0	1	0	0	0	0	0	0	0
BUB1B	MAD2L2	0	0	1	0	0	0	0	0	0	0	0
BUB1B	GMNN	0	0	0	1	1	0	0	0	0	0	0
BUB1B	BRIP1	0	0	1	0	0	0	0	0	0	0	0
BUB1B	BRCA1	0	1	0	0	1	0	0	0	1	0	0
BUB1B	RFC3	0	1	0	1	1	0	0	0	0	0	0
BUB1B	MCM6	0	1	0	1	0	0	0	0	0	0	0
BUB1B	RFC5	0	1	0	0	0	0	0	0	0	0	0
BUB1B	MCM5	0	0	0	1	1	0	0	0	0	0	0
BARD1	H2AZ1	0	0	0	1	0	0	0	0	0	0	0
BARD1	RMI2	0	0	0	1	0	1	0	0	0	0	0
BARD1	PARPBP	0	0	0	1	0	0	0	0	0	0	1
BARD1	CENPW	0	0	0	1	0	0	0	0	0	0	0
BARD1	DNA2	0	0	0	1	0	1	0	0	0	0	0
BARD1	CIP2A	0	0	0	1	0	0	0	0	0	0	0
BARD1	SAMD9	0	0	0	0	0	0	0	0	0	0	1
BARD1	C1orf112	0	0	0	1	0	0	0	0	0	0	0
BARD1	MOV10	1	0	0	0	0	0	0	0	0	0	0
BARD1	STMN1	0	0	0	1	0	0	0	0	0	0	1
BARD1	NCAPD3	0	0	0	1	0	0	0	0	0	0	0
BARD1	ESCO2	0	0	0	1	0	0	0	0	0	0	0
BARD1	XRCC2	0	0	0	1	0	1	0	0	0	0	0
BARD1	PARN	1	0	0	0	0	0	0	0	0	0	0
BARD1	TOP3A	0	0	0	0	0	1	0	0	0	0	0
BARD1	UBE2T	0	0	0	1	0	0	0	0	0	0	0
BARD1	RFWD3	0	0	0	1	0	0	0	0	0	0	0
BARD1	RMI1	0	0	0	1	0	1	0	0	0	0	0
BARD1	NSD2	0	0	0	1	0	1	0	0	0	0	0
BARD1	FANCM	0	0	0	1	0	0	0	0	0	0	0
BARD1	NUDT1	0	0	0	1	0	0	0	0	0	0	0
BARD1	CENPO	0	0	0	1	0	0	0	0	0	0	0
BARD1	RBBP8	1	0	0	0	0	1	0	0	0	0	0
BARD1	RNF168	0	0	0	0	0	1	0	0	0	0	0
BARD1	FANCI	0	0	0	1	0	0	0	0	0	0	1
BARD1	ZWILCH	0	0	0	1	0	0	0	0	0	0	1
BARD1	PALB2	0	0	0	0	0	1	0	0	0	0	0
BARD1	LIG1	0	0	0	1	0	0	0	0	0	0	0
BARD1	DNMT1	0	0	0	1	0	0	0	1	0	0	0
BARD1	MSH2	1	0	0	1	0	0	0	0	0	0	0
BARD1	MRE11	1	0	0	0	0	1	0	1	0	0	0
BARD1	GINS4	0	0	0	1	0	0	0	0	0	0	0
BARD1	RAD51C	0	0	0	0	0	1	0	0	0	0	0
BARD1	TERF1	1	0	0	0	0	0	0	0	0	0	0
BARD1	MCM8	0	0	0	1	0	0	0	0	0	0	0
BARD1	RFC4	0	0	0	1	0	1	0	0	0	0	0
BARD1	RBL1	0	0	0	1	0	0	0	1	0	0	0
BARD1	POLA2	0	0	0	1	0	0	0	0	0	0	0
BARD1	XRCC3	0	0	0	0	0	1	0	0	0	0	0
BARD1	RAD51B	0	0	0	0	0	1	0	0	0	0	0
BARD1	GMNN	0	0	0	1	0	0	0	0	0	0	0
BARD1	BRIP1	1	0	0	1	0	1	0	0	0	0	0
BARD1	BRCA1	1	0	0	1	0	1	1	0	0	0	0
BARD1	RFC3	0	0	0	1	0	1	0	0	1	0	0
BARD1	MCM3	0	0	0	1	0	0	0	0	0	0	0
BARD1	MCM6	1	0	0	1	0	0	0	0	1	0	0
BARD1	POT1	0	0	0	0	0	0	0	0	1	0	0
BARD1	EXO1	0	0	0	1	0	1	0	0	0	0	0
BARD1	RAD50	1	0	0	0	0	1	0	0	0	0	0
BARD1	H2AFX	1	0	0	0	0	1	0	0	0	0	0
BARD1	RFC5	0	0	0	1	0	1	0	0	0	0	0
BARD1	RAD51D	0	0	0	0	0	1	0	0	0	0	0
BARD1	MCM5	0	0	0	1	0	0	0	0	0	0	0
BARD1	BUB1B	0	0	0	0	0	0	0	0	0	0	1
FANCF	RMI2	0	0	0	0	0	0	0	1	0	0	0
FANCF	PARPBP	0	0	0	0	0	0	0	1	0	0	0
FANCF	SAMD9	0	0	0	0	0	0	0	1	0	0	0
FANCF	NCAPD3	0	0	0	0	0	0	0	1	0	0	0
FANCF	ESCO2	0	0	1	0	0	0	0	0	0	0	0
FANCF	XRCC2	0	0	1	0	0	0	0	0	0	0	0
FANCF	UBE2T	0	0	1	0	0	0	0	0	0	0	0
FANCF	RMI1	1	0	0	0	0	0	0	0	0	0	0
FANCF	SLX4	0	0	1	0	0	0	0	0	0	1	0
FANCF	NSD2	0	0	1	0	0	0	0	0	0	0	0
FANCF	FANCM	1	0	1	0	0	0	1	0	0	0	0
FANCF	FANCB	1	0	1	0	0	0	0	0	0	0	0
FANCF	ERCC4	0	0	1	0	0	0	0	0	0	0	0
FANCF	FANCI	0	0	1	0	0	0	1	0	0	0	0
FANCF	PALB2	0	0	1	0	0	0	0	0	0	1	0
FANCF	LIG1	0	0	0	0	0	0	0	1	0	0	0
FANCF	RAD51C	0	0	1	0	0	0	0	0	0	0	0
FANCF	FANCL	1	0	1	0	0	0	1	0	0	0	0
FANCF	MCM8	0	0	0	0	0	0	0	0	0	1	0
FANCF	MAD2L2	0	0	1	0	0	0	0	0	0	0	0
FANCF	BRIP1	0	0	1	0	0	0	0	1	0	0	0
FANCF	BRCA1	1	0	0	0	0	0	0	0	0	0	0
FANCF	TINF2	0	0	0	1	0	0	0	0	0	0	0
FANCF	EXO1	0	0	0	0	0	0	0	1	0	0	0
FANCF	BUB1B	0	0	1	0	0	0	0	1	0	0	0
FANCG	H2AZ1	0	1	0	1	1	0	0	0	0	0	0
FANCG	TBC1D31	0	1	0	0	1	0	0	1	0	0	0
FANCG	RMI2	0	0	0	1	0	0	0	0	0	0	0
FANCG	PARPBP	0	0	0	1	0	0	0	0	0	0	0
FANCG	CENPW	0	1	0	1	1	0	0	0	0	0	0
FANCG	DNA2	0	1	0	1	1	0	0	0	0	0	0
FANCG	CIP2A	0	1	0	1	0	0	0	0	0	0	0
FANCG	C1orf112	0	1	0	1	1	0	0	1	0	0	0
FANCG	USB1	0	0	0	0	0	0	0	0	1	0	0
FANCG	STMN1	0	0	0	1	1	0	0	0	0	0	0
FANCG	NCAPD3	0	1	0	0	0	0	0	1	0	0	0
FANCG	ESCO2	0	1	1	1	0	0	0	0	0	0	0
FANCG	XRCC2	0	1	1	1	1	0	0	0	0	0	0
FANCG	TOP3A	1	0	0	0	1	0	0	0	1	0	0
FANCG	UBE2T	0	1	1	1	1	0	1	1	0	0	0
FANCG	RFWD3	0	1	0	0	0	0	0	1	0	0	0
FANCG	RMI1	0	1	0	0	0	0	0	0	0	0	0
FANCG	SLX4	0	0	1	0	0	0	0	1	0	0	1
FANCG	NSD2	0	1	1	1	1	0	0	0	0	0	0
FANCG	DCLRE1B	0	1	0	0	0	0	0	0	0	0	0
FANCG	FANCM	1	0	1	1	0	0	1	0	0	0	0
FANCG	NUDT1	0	1	0	1	1	0	0	1	0	0	0
FANCG	CENPO	0	1	0	1	1	0	0	0	0	0	0
FANCG	FANCB	1	0	1	0	0	0	0	0	0	0	0
FANCG	ERCC4	1	0	1	0	0	0	0	0	0	0	0
FANCG	FANCI	0	1	1	1	1	0	1	1	0	0	0
FANCG	ZWILCH	0	1	0	1	0	0	0	0	0	0	0
FANCG	PALB2	0	0	1	0	0	0	0	0	0	0	0
FANCG	DNMT1	0	1	0	0	0	0	0	1	0	0	0
FANCG	MSH2	0	1	0	0	0	0	0	1	0	0	0
FANCG	GINS4	0	1	0	1	0	0	0	0	0	0	0
FANCG	ERCC1	1	0	0	0	0	0	0	0	0	0	0
FANCG	RAD51C	0	1	1	0	0	0	0	0	0	0	0
FANCG	FANCL	1	0	1	0	0	0	1	0	0	0	0
FANCG	MCM8	0	1	0	1	1	0	0	0	0	0	0
FANCG	POLA2	0	1	0	1	1	0	0	0	1	0	1
FANCG	XRCC3	1	0	0	0	0	0	0	0	0	0	0
FANCG	MAD2L2	0	0	1	0	0	0	0	0	0	0	0
FANCG	GMNN	0	0	0	1	1	0	0	0	0	0	0
FANCG	BRIP1	0	1	1	0	0	0	0	0	0	0	0
FANCG	BRCA1	1	1	0	0	1	0	0	0	0	0	0
FANCG	RFC3	0	1	0	1	0	0	0	0	0	0	0
FANCG	MCM3	0	1	0	1	1	0	0	1	0	0	0
FANCG	MCM6	0	1	0	1	0	0	0	1	0	0	0
FANCG	EXO1	0	1	0	1	0	0	0	0	0	0	0
FANCG	RAD51D	0	0	0	0	1	0	0	0	0	0	0
FANCG	BUB1B	0	1	1	1	0	0	0	0	0	0	0
FANCG	BARD1	0	0	0	1	0	0	0	0	0	0	0
FANCG	FANCF	1	0	1	0	0	0	1	0	0	0	0
FANCE	H2AZ1	0	1	0	0	0	0	0	0	0	0	0
FANCE	RMI2	0	0	0	0	0	0	0	0	1	0	0
FANCE	DNA2	0	0	0	0	0	0	0	0	1	0	0
FANCE	WRAP53	0	1	0	0	0	0	0	1	1	0	0
FANCE	C1orf112	0	0	0	0	0	0	0	1	1	0	0
FANCE	STN1	0	0	0	0	0	0	0	0	0	0	1
FANCE	ESCO2	0	0	1	0	0	0	0	0	1	0	0
FANCE	XRCC2	0	0	1	0	0	0	0	0	0	0	0
FANCE	NHP2	0	0	0	0	0	0	0	0	0	0	1
FANCE	TOP3A	0	0	0	0	0	0	0	0	1	0	0
FANCE	UBE2T	0	0	1	0	0	0	0	0	0	0	0
FANCE	RFWD3	0	1	0	0	0	0	0	0	1	0	0
FANCE	SLX4	0	0	1	0	0	0	0	0	0	0	0
FANCE	NSD2	0	0	1	0	0	0	0	0	0	0	0
FANCE	DCLRE1B	0	1	0	0	0	0	0	0	0	0	0
FANCE	FANCM	1	0	1	0	0	0	0	0	0	0	0
FANCE	NUDT1	0	0	0	0	0	0	0	1	0	0	1
FANCE	CENPO	0	0	0	0	0	0	0	0	1	0	0
FANCE	FANCB	1	0	1	0	0	0	0	0	0	0	0
FANCE	ERCC4	0	0	1	0	0	0	0	0	0	0	0
FANCE	FANCI	0	0	1	0	0	0	0	0	1	0	0
FANCE	PALB2	0	0	1	0	0	0	0	0	0	0	0
FANCE	LIG1	0	0	0	0	0	0	0	0	1	0	0
FANCE	DNMT1	0	0	0	0	0	0	0	0	1	0	0
FANCE	MSH2	0	1	0	0	0	0	0	0	1	0	0
FANCE	GINS4	0	0	0	0	0	0	0	0	1	0	0
FANCE	RAD51C	0	0	1	0	0	0	0	0	0	0	0
FANCE	FANCL	0	0	1	0	0	0	0	0	0	0	0
FANCE	MCM8	0	0	0	0	0	0	0	0	1	0	0
FANCE	RFC4	0	1	0	0	0	0	0	1	1	0	0
FANCE	RBL1	0	1	0	0	0	0	0	1	0	0	0
FANCE	POLA2	0	1	0	0	0	0	0	0	1	0	0
FANCE	ACD	0	0	0	0	0	0	0	1	0	0	0
FANCE	MAD2L2	0	0	1	0	0	0	0	0	0	0	0
FANCE	BRIP1	0	0	1	0	0	0	0	0	0	0	0
FANCE	BRCA1	1	0	0	0	0	0	0	0	1	0	0
FANCE	MCM3	0	1	0	0	0	0	0	0	0	0	0
FANCE	MCM6	0	1	0	0	0	0	0	0	1	0	0
FANCE	RAD51D	0	1	0	0	0	0	0	0	0	0	0
FANCE	MCM5	0	1	0	0	0	0	0	0	1	0	0
FANCE	BUB1B	0	0	1	0	0	0	0	0	0	0	0
FANCE	BARD1	0	0	0	0	0	0	0	0	0	0	1
FANCE	FANCF	1	0	1	0	0	0	0	0	0	0	0
FANCE	FANCG	1	1	1	0	0	0	0	1	1	0	0
MDC1	H2AZ1	0	0	0	0	0	0	0	0	1	0	0
MDC1	TBC1D31	0	0	0	0	0	0	0	0	1	0	0
MDC1	DNA2	0	0	0	0	0	0	0	0	1	0	0
MDC1	CIP2A	0	0	0	0	0	0	1	0	0	0	0
MDC1	WRAP53	1	0	0	0	0	0	0	0	0	0	0
MDC1	C1orf112	0	0	0	0	0	0	0	0	1	0	0
MDC1	NCAPD3	0	0	0	1	0	0	0	0	0	0	0
MDC1	PARN	1	0	0	0	1	0	0	0	0	0	0
MDC1	TOP3A	0	1	0	0	0	0	0	0	1	0	0
MDC1	RFWD3	0	0	0	1	0	0	0	0	1	0	0
MDC1	SLX4	1	1	0	0	0	0	0	0	0	0	0
MDC1	NSD2	1	1	0	0	0	1	0	0	1	0	0
MDC1	FANCM	0	0	0	1	0	0	0	0	0	0	0
MDC1	CENPO	0	0	0	0	0	0	0	0	1	0	0
MDC1	ERCC4	1	0	0	0	0	0	0	0	0	0	0
MDC1	RNF168	0	0	0	0	0	1	1	0	0	0	0
MDC1	FANCI	0	0	0	0	0	0	0	0	1	0	0
MDC1	PALB2	0	0	0	0	0	0	1	0	0	0	0
MDC1	LIG1	0	1	0	1	0	0	0	0	0	0	0
MDC1	DNMT1	0	0	0	1	0	0	0	1	1	0	0
MDC1	MSH2	0	0	0	1	0	0	0	0	1	0	0
MDC1	MRE11	1	0	0	0	0	1	0	1	0	0	1
MDC1	GINS4	0	0	0	0	0	0	0	0	1	0	0
MDC1	ERCC1	1	0	0	0	0	0	0	1	0	0	0
MDC1	TERF1	1	0	0	0	1	0	0	0	0	0	0
MDC1	MCM8	0	0	0	0	0	0	0	0	1	0	0
MDC1	RFC4	1	0	0	0	0	0	0	0	0	0	0
MDC1	RBL1	0	0	0	0	0	0	0	1	0	0	0
MDC1	POLA2	0	0	0	0	0	0	0	0	1	0	0
MDC1	ACD	1	0	0	1	0	0	0	1	0	0	0
MDC1	RAD51B	0	0	0	0	0	0	1	0	0	0	0
MDC1	TERF2IP	1	0	0	0	0	0	0	0	0	0	0
MDC1	BRCA1	1	0	0	1	0	1	0	0	1	0	0
MDC1	MCM3	0	0	0	1	0	0	0	0	0	0	0
MDC1	TINF2	1	0	0	0	0	0	0	1	0	0	0
MDC1	POT1	1	0	0	0	0	0	0	0	0	0	0
MDC1	RAD50	1	0	0	0	0	1	0	0	0	0	0
MDC1	H2AFX	1	0	0	0	0	1	1	0	0	0	0
MDC1	RFC5	1	0	0	0	0	0	0	0	0	0	0
MDC1	BARD1	1	0	0	0	0	1	0	0	0	0	0
MDC1	FANCE	0	0	0	0	0	0	0	0	1	0	0
VRK1	H2AZ1	0	1	0	1	1	0	0	0	0	0	0
VRK1	TBC1D31	0	1	0	0	0	0	0	0	1	0	0
VRK1	RMI2	0	0	0	1	0	0	0	0	1	0	0
VRK1	PARPBP	0	1	0	1	0	0	0	0	1	0	1
VRK1	CENPW	0	1	0	1	1	0	0	1	0	0	0
VRK1	DNA2	0	0	0	1	0	0	0	0	0	0	0
VRK1	WRAP53	0	0	0	0	0	0	0	0	1	0	0
VRK1	C1orf112	0	0	0	1	1	0	0	1	1	0	0
VRK1	STMN1	0	1	0	1	1	0	0	0	1	0	1
VRK1	NCAPD3	0	0	0	1	1	0	0	1	0	0	0
VRK1	ESCO2	0	0	0	0	1	0	0	0	1	0	0
VRK1	XRCC2	0	0	0	1	1	0	0	0	0	0	0
VRK1	TOP3A	0	0	0	0	0	0	1	0	1	0	0
VRK1	UBE2T	0	1	0	1	1	0	0	0	1	0	0
VRK1	RMI1	0	1	0	1	1	0	0	0	1	0	0
VRK1	NSD2	0	0	0	1	1	0	0	0	1	0	0
VRK1	DCLRE1B	0	0	0	0	1	0	0	0	0	0	1
VRK1	FANCM	0	0	0	1	0	0	0	1	0	0	0
VRK1	NUDT1	0	0	0	1	1	0	0	1	0	0	1
VRK1	CENPO	0	0	0	1	1	0	0	0	1	0	1
VRK1	RBBP8	0	1	0	0	1	0	0	0	1	0	0
VRK1	PALB2	0	0	0	0	0	0	0	0	0	0	1
VRK1	LIG1	0	0	0	1	0	0	0	0	0	0	0
VRK1	DNMT1	0	0	0	1	1	0	0	1	1	0	0
VRK1	GINS4	0	0	0	0	1	0	1	0	1	0	0
VRK1	DKC1	0	1	0	0	1	0	0	0	0	0	0
VRK1	RPS14	1	0	0	0	0	0	0	0	0	0	0
VRK1	RAD51C	0	0	0	0	0	0	0	0	1	0	0
VRK1	MCM8	0	0	0	1	0	0	0	0	1	0	0
VRK1	RBL1	0	0	0	1	1	0	0	0	0	0	1
VRK1	ACD	0	0	0	1	0	0	0	0	0	0	0
VRK1	GMNN	0	1	0	1	1	0	0	0	0	0	0
VRK1	BRIP1	0	0	0	1	1	0	0	0	0	0	0
VRK1	BRCA1	0	0	0	1	1	0	0	1	1	0	1
VRK1	EXO1	0	0	0	1	1	0	0	0	1	0	0
VRK1	H2AFX	1	0	0	0	0	0	0	0	0	0	0
VRK1	BUB1B	0	0	0	0	1	0	0	0	1	0	0
VRK1	BARD1	0	0	0	1	0	0	0	0	0	0	1
VRK1	FANCG	0	0	0	1	0	0	0	0	0	0	0
VRK1	FANCE	0	0	0	0	0	0	0	0	1	0	0
VRK1	MDC1	0	0	0	0	0	0	0	0	1	0	0
CENPJ	H2AZ1	0	0	0	1	0	0	0	0	0	0	0
CENPJ	TBC1D31	0	1	0	0	1	0	0	0	0	0	0
CENPJ	RMI2	0	0	0	1	0	0	0	0	0	0	0
CENPJ	PARPBP	0	1	0	1	0	0	0	0	0	0	0
CENPJ	CENPW	0	0	0	1	0	0	0	0	0	0	0
CENPJ	DNA2	0	0	0	1	1	0	0	0	0	0	0
CENPJ	CIP2A	0	1	0	1	0	0	0	0	0	0	0
CENPJ	WRAP53	0	0	0	0	0	0	0	0	0	0	1
CENPJ	MOV10	1	0	0	0	0	0	0	0	0	0	0
CENPJ	STMN1	0	0	0	1	0	0	0	0	0	0	0
CENPJ	NCAPD3	0	0	0	0	1	0	0	0	0	0	0
CENPJ	ESCO2	0	0	0	1	0	0	0	0	0	0	0
CENPJ	XRCC2	0	1	0	1	1	0	0	0	0	0	0
CENPJ	UBE2T	0	0	0	1	0	0	0	0	0	0	0
CENPJ	RFWD3	0	0	0	1	0	0	0	0	0	0	0
CENPJ	RMI1	0	0	0	0	1	0	0	0	0	0	0
CENPJ	SLX4	0	0	0	0	0	0	0	0	1	0	0
CENPJ	NSD2	0	1	1	1	1	0	0	0	0	0	0
CENPJ	FANCM	0	1	0	1	1	0	0	0	0	0	0
CENPJ	NUDT1	0	0	0	1	0	0	0	0	0	0	0
CENPJ	CENPO	0	0	0	1	1	0	0	0	0	0	0
CENPJ	FANCB	0	1	0	0	0	0	0	0	0	0	0
CENPJ	RBBP8	0	0	1	0	0	0	0	0	0	0	0
CENPJ	ERCC4	0	0	1	0	0	0	0	0	0	0	0
CENPJ	FANCI	0	1	0	1	0	0	0	0	0	0	0
CENPJ	ZWILCH	0	0	0	1	0	0	0	0	1	0	0
CENPJ	PALB2	0	0	0	0	0	0	1	0	0	0	0
CENPJ	LIG1	0	0	0	0	1	0	0	0	0	0	0
CENPJ	GINS4	0	0	0	1	0	0	0	0	0	0	0
CENPJ	ERCC1	0	0	1	0	0	0	0	0	0	0	0
CENPJ	RAD51C	0	0	0	0	1	0	0	0	0	0	1
CENPJ	FANCL	0	0	0	1	1	0	0	0	0	0	0
CENPJ	RFC4	0	0	0	1	1	0	0	0	0	0	0
CENPJ	POLA2	0	0	0	1	1	0	0	0	0	0	0
CENPJ	GMNN	0	0	0	1	1	0	0	0	1	0	0
CENPJ	BRIP1	0	1	0	0	0	0	0	0	1	0	0
CENPJ	BRCA1	0	1	0	1	1	0	0	0	0	0	1
CENPJ	RFC3	0	0	0	1	0	0	0	0	0	0	0
CENPJ	MCM3	0	0	0	1	1	0	0	0	0	0	0
CENPJ	MCM6	0	0	0	1	0	0	0	0	0	0	0
CENPJ	EXO1	0	0	0	1	0	0	0	0	0	0	0
CENPJ	RFC5	1	0	0	0	0	0	0	0	0	0	0
CENPJ	RAD51D	0	0	0	0	1	0	0	0	0	1	0
CENPJ	MCM5	0	0	0	1	0	0	0	0	0	0	0
CENPJ	BUB1B	0	1	0	1	0	0	0	0	0	0	0
CENPJ	BARD1	0	0	0	1	0	0	0	0	0	0	0
CENPJ	FANCG	0	0	0	1	1	0	0	0	0	0	0
CENPJ	MDC1	0	0	0	0	1	0	0	0	0	0	0
CENPJ	VRK1	0	0	0	1	0	0	0	0	0	0	0
TOPBP1	H2AZ1	0	0	0	1	0	0	0	0	0	0	0
TOPBP1	TBC1D31	0	0	0	1	1	0	0	1	1	0	0
TOPBP1	RMI2	0	0	0	1	0	1	0	0	0	0	0
TOPBP1	PARPBP	0	0	0	1	0	0	0	0	0	0	0
TOPBP1	DNA2	0	0	0	1	0	1	0	0	0	0	0
TOPBP1	CIP2A	0	1	0	1	1	0	1	0	1	0	0
TOPBP1	WRAP53	0	0	0	0	0	0	0	1	0	0	0
TOPBP1	C1orf112	0	1	0	1	1	0	0	1	0	0	0
TOPBP1	XRCC2	0	0	0	1	0	0	0	0	0	0	0
TOPBP1	TOP3A	0	1	0	0	0	1	0	0	0	0	0
TOPBP1	UBE2T	0	0	0	1	0	0	0	0	0	0	0
TOPBP1	RMI1	1	0	0	0	1	1	0	0	0	0	0
TOPBP1	SLX4	1	0	0	0	0	0	0	1	0	0	0
TOPBP1	DCLRE1B	0	0	0	0	1	0	0	0	0	0	0
TOPBP1	FANCM	0	1	0	1	1	0	0	0	1	0	0
TOPBP1	CENPO	0	0	0	1	0	0	0	0	0	0	0
TOPBP1	FANCB	0	1	0	0	0	0	0	0	0	0	0
TOPBP1	RBBP8	1	0	0	0	1	1	0	0	0	0	0
TOPBP1	ZWILCH	0	0	0	1	1	0	0	1	0	0	0
TOPBP1	LIG1	0	0	0	0	0	0	0	1	0	0	0
TOPBP1	MSH2	0	0	0	1	1	0	0	0	0	0	0
TOPBP1	MRE11	0	0	0	1	0	1	0	1	0	0	0
TOPBP1	GINS4	0	0	0	1	1	0	0	0	0	0	0
TOPBP1	DKC1	0	0	0	0	0	0	0	1	0	0	0
TOPBP1	ERCC1	1	0	0	0	0	0	0	0	0	0	0
TOPBP1	RAD51C	0	0	0	0	0	0	0	0	1	0	0
TOPBP1	FANCL	0	0	0	1	0	0	0	0	0	0	0
TOPBP1	MCM8	0	1	0	1	1	0	0	0	0	0	0
TOPBP1	RFC4	0	0	0	1	1	1	0	0	1	0	0
TOPBP1	RBL1	0	0	0	1	1	0	0	1	0	0	0
TOPBP1	POLA2	0	0	0	1	0	0	0	0	0	0	0
TOPBP1	GMNN	0	0	0	1	0	0	0	0	0	0	0
TOPBP1	BRIP1	1	0	0	0	0	1	0	0	0	0	0
TOPBP1	BRCA1	1	1	0	1	1	1	0	0	0	0	0
TOPBP1	RFC3	0	0	0	1	0	1	0	0	0	0	1
TOPBP1	MCM6	0	0	0	1	1	0	0	1	0	0	0
TOPBP1	EXO1	0	0	0	1	0	1	0	0	0	0	0
TOPBP1	RAD50	1	0	0	0	0	1	0	0	0	0	0
TOPBP1	RFC5	0	0	0	0	0	1	0	0	0	0	0
TOPBP1	RAD51D	0	0	0	0	0	0	0	1	0	0	0
TOPBP1	MCM5	0	0	0	1	1	0	0	1	0	0	0
TOPBP1	BUB1B	0	1	0	0	0	0	0	0	0	0	0
TOPBP1	BARD1	1	0	0	1	0	1	0	0	0	0	0
TOPBP1	FANCG	0	0	0	1	0	0	0	1	0	0	0
TOPBP1	MDC1	1	1	0	1	0	0	0	0	0	0	0
TOPBP1	VRK1	0	0	0	1	0	0	0	0	0	0	0
TOPBP1	CENPJ	0	1	0	1	1	0	0	0	0	0	0
TP53BP1	CTC1	1	0	0	0	0	0	0	0	0	0	1
TP53BP1	MOV10	1	0	0	0	0	0	0	0	0	0	1
TP53BP1	STN1	1	0	0	0	0	0	0	0	0	0	0
TP53BP1	PARN	1	0	0	0	0	0	0	0	0	0	0
TP53BP1	SLX4	1	0	0	0	0	0	0	0	0	0	0
TP53BP1	NSD2	0	0	0	0	0	1	0	0	0	0	0
TP53BP1	DCLRE1B	0	0	0	0	0	0	0	0	1	0	0
TP53BP1	ERCC4	1	0	0	0	0	0	0	0	0	0	0
TP53BP1	RNF168	1	0	0	0	0	1	0	0	0	0	0
TP53BP1	MRE11	1	0	0	0	0	1	0	0	0	0	0
TP53BP1	ERCC1	1	0	0	0	0	0	0	0	0	0	0
TP53BP1	RAD51C	0	0	0	0	0	0	0	1	0	0	0
TP53BP1	TERF1	1	0	0	0	0	0	0	0	0	0	0
TP53BP1	ACD	1	0	0	0	0	0	0	0	0	0	0
TP53BP1	MAD2L2	1	0	0	0	0	0	0	1	0	0	0
TP53BP1	BRCA1	1	0	0	0	0	1	0	0	0	0	0
TP53BP1	MCM6	1	0	0	0	0	0	0	0	0	0	0
TP53BP1	TINF2	1	0	0	0	0	0	0	0	0	0	0
TP53BP1	POT1	0	0	0	0	0	0	0	1	0	0	0
TP53BP1	RAD50	1	0	0	0	0	1	0	0	0	0	0
TP53BP1	H2AFX	1	0	0	0	0	1	0	0	0	0	0
TP53BP1	BARD1	1	0	0	0	0	1	0	0	0	0	0
TP53BP1	MDC1	1	0	0	0	1	1	0	0	0	0	1
TP53BP1	VRK1	1	0	0	0	0	0	0	0	0	0	0
TP53BP1	TOPBP1	1	0	0	0	0	0	0	0	0	0	0
CHEK1	H2AZ1	0	1	0	1	1	0	0	0	0	0	0
CHEK1	TBC1D31	0	1	0	1	1	0	0	0	1	0	0
CHEK1	RMI2	0	0	0	0	0	1	0	0	0	0	0
CHEK1	CENPW	0	1	0	0	1	0	0	1	0	0	0
CHEK1	DNA2	0	1	0	1	1	1	0	0	1	0	0
CHEK1	WRAP53	0	1	0	0	0	0	0	0	1	0	0
CHEK1	C1orf112	0	1	0	1	1	0	0	0	1	0	0
CHEK1	NCAPD3	0	1	0	0	1	0	0	0	0	0	0
CHEK1	ESCO2	0	1	0	0	1	0	0	0	1	0	0
CHEK1	XRCC2	0	1	0	0	1	0	0	0	0	0	0
CHEK1	TOP3A	0	0	0	0	0	1	0	0	1	0	0
CHEK1	UBE2T	1	0	0	0	0	0	0	0	0	0	0
CHEK1	RFWD3	0	1	0	0	1	0	0	0	1	0	0
CHEK1	RMI1	0	1	0	0	1	1	0	0	1	0	0
CHEK1	SLX4	1	0	0	0	0	0	0	0	0	0	0
CHEK1	NSD2	0	0	0	0	1	0	0	0	1	0	0
CHEK1	DCLRE1B	0	1	0	0	1	0	0	0	0	0	0
CHEK1	FANCM	0	0	0	1	1	0	0	0	0	0	0
CHEK1	NUDT1	0	0	0	1	1	0	0	0	0	0	1
CHEK1	RBBP8	0	1	0	0	1	1	0	0	1	0	0
CHEK1	LIG1	0	0	0	0	1	0	0	0	0	0	0
CHEK1	DNMT1	1	0	0	0	1	0	0	0	1	0	0
CHEK1	MSH2	1	1	0	1	1	0	0	0	1	0	0
CHEK1	MRE11	0	0	0	0	0	1	0	0	0	0	0
CHEK1	GINS4	0	1	0	0	1	0	1	0	1	0	0
CHEK1	RAD51C	0	1	0	0	0	0	0	0	0	0	0
CHEK1	FANCL	0	0	0	1	0	0	0	0	0	0	0
CHEK1	MCM8	0	1	0	1	1	0	0	0	1	0	0
CHEK1	RFC4	0	1	0	1	1	1	0	0	1	0	0
CHEK1	RBL1	0	1	0	1	1	0	0	0	0	0	0
CHEK1	POLA2	0	1	0	0	1	0	0	0	1	0	0
CHEK1	BRIP1	0	0	0	0	0	1	0	0	0	0	0
CHEK1	BRCA1	1	0	0	0	0	1	0	0	0	0	0
CHEK1	RFC3	0	1	0	1	1	1	0	0	0	0	0
CHEK1	MCM3	0	0	0	0	0	0	1	0	0	0	0
CHEK1	MCM6	0	0	0	0	0	0	1	0	0	0	0
CHEK1	EXO1	0	0	0	0	0	1	0	0	0	0	0
CHEK1	RAD50	0	0	0	0	0	1	0	0	0	0	0
CHEK1	RFC5	0	0	0	0	0	1	0	0	0	0	0
CHEK1	BARD1	0	0	0	1	0	1	0	0	0	0	0
CHEK1	FANCG	0	1	0	1	1	0	0	0	0	0	0
CHEK1	FANCE	1	1	0	0	0	0	0	0	1	0	0
CHEK1	MDC1	0	0	0	0	0	1	0	0	1	0	0
CHEK1	CENPJ	0	0	0	1	0	0	0	0	0	0	0
CHEK1	TOPBP1	1	0	0	1	1	1	0	0	0	0	0
CHEK1	TP53BP1	1	0	0	0	0	0	0	0	0	0	0
FANCA	H2AZ1	0	0	0	1	1	0	0	0	0	0	0
FANCA	RMI2	1	0	0	0	0	0	0	0	0	0	0
FANCA	PARPBP	0	0	0	1	0	0	0	1	0	0	0
FANCA	CENPW	0	0	0	1	1	0	0	0	0	0	1
FANCA	DNA2	0	1	0	1	1	0	0	0	0	0	0
FANCA	C1orf112	0	1	0	1	1	0	0	0	0	0	0
FANCA	STMN1	0	0	0	1	1	0	0	0	0	0	1
FANCA	NCAPD3	0	1	0	1	1	0	0	1	0	0	0
FANCA	ESCO2	0	0	1	0	0	0	0	0	0	0	0
FANCA	XRCC2	0	1	1	1	1	0	0	0	0	0	0
FANCA	TOP3A	1	0	0	0	0	0	0	0	0	0	0
FANCA	UBE2T	0	0	1	0	0	0	1	0	0	0	0
FANCA	RFWD3	0	1	0	1	0	0	0	0	1	0	0
FANCA	RMI1	1	0	0	0	0	0	0	1	0	0	0
FANCA	SLX4	0	1	1	0	0	0	0	0	0	0	0
FANCA	NSD2	0	1	1	1	1	0	0	0	0	0	0
FANCA	FANCM	1	0	1	0	0	0	1	0	0	0	0
FANCA	NUDT1	0	0	0	0	1	0	0	0	0	0	1
FANCA	CENPO	0	1	0	1	1	0	0	1	0	0	0
FANCA	FANCB	1	1	1	0	0	0	0	0	0	0	0
FANCA	RBBP8	0	0	0	0	0	0	0	0	1	0	0
FANCA	ERCC4	1	0	1	0	0	0	0	0	0	0	0
FANCA	FANCI	0	0	1	0	0	0	1	0	0	0	0
FANCA	ZWILCH	0	0	0	1	1	0	0	0	0	0	1
FANCA	PALB2	0	0	1	0	0	0	0	0	0	0	0
FANCA	LIG1	0	1	0	0	1	0	0	1	0	0	0
FANCA	DNMT1	0	1	0	0	1	0	0	0	0	0	0
FANCA	MSH2	1	0	0	0	0	0	0	0	0	0	0
FANCA	GINS4	0	1	0	1	1	0	0	0	1	0	0
FANCA	RAD51C	0	0	1	0	0	0	0	0	0	0	0
FANCA	FANCL	1	0	1	0	0	0	1	0	0	0	0
FANCA	MCM8	0	1	0	1	0	0	0	0	1	0	0
FANCA	RFC4	0	0	0	1	1	0	0	0	0	0	0
FANCA	RBL1	0	1	0	1	1	0	0	0	0	0	0
FANCA	POLA2	0	1	0	1	1	0	0	0	0	0	0
FANCA	XRCC3	1	0	0	0	0	0	0	0	0	0	0
FANCA	MAD2L2	0	0	1	0	0	0	0	0	0	0	0
FANCA	GMNN	0	0	0	1	1	0	0	0	0	0	0
FANCA	BRIP1	0	0	1	0	0	0	0	0	0	0	0
FANCA	BRCA1	1	1	0	1	1	0	0	0	1	0	0
FANCA	RFC3	0	0	0	1	1	0	0	0	0	0	0
FANCA	MCM3	0	1	0	1	1	0	0	0	0	0	0
FANCA	MCM6	0	0	0	1	1	0	0	0	0	0	0
FANCA	RFC5	0	0	0	1	1	0	0	0	0	0	0
FANCA	RAD51D	1	0	0	0	0	0	0	0	0	0	0
FANCA	MCM5	1	0	0	0	0	0	0	0	0	0	0
FANCA	BUB1B	0	0	1	0	0	0	0	0	0	0	0
FANCA	BARD1	0	0	0	1	0	0	0	0	0	0	0
FANCA	FANCF	1	0	1	0	0	0	1	1	0	0	0
FANCA	FANCG	1	0	1	0	0	0	1	0	0	0	0
FANCA	FANCE	1	0	1	0	0	0	0	0	0	0	0
FANCA	VRK1	0	0	0	1	1	0	0	0	1	0	0
FANCA	CENPJ	0	0	0	1	0	0	0	0	0	0	0
FANCA	TOPBP1	0	0	0	1	0	0	0	0	0	0	0
FANCC	TBC1D31	0	0	0	1	0	0	0	0	0	0	0
FANCC	DNA2	0	0	0	1	0	0	0	0	0	0	0
FANCC	CTC1	0	0	0	0	0	0	0	0	0	0	1
FANCC	C1orf112	0	0	0	1	0	0	0	0	0	0	0
FANCC	MOV10	0	1	0	0	0	0	0	0	0	0	1
FANCC	STMN1	1	0	0	0	0	0	0	0	0	0	0
FANCC	ESCO2	0	0	1	0	0	0	0	0	0	0	0
FANCC	XRCC2	0	0	1	0	0	0	0	0	0	0	0
FANCC	TOP3A	0	0	0	0	1	0	0	0	0	0	1
FANCC	UBE2T	0	0	1	0	0	0	1	0	0	0	0
FANCC	RFWD3	0	0	0	1	0	0	0	0	0	0	0
FANCC	SLX4	0	0	1	0	0	0	0	0	0	0	0
FANCC	NSD2	0	0	1	0	0	0	0	0	0	0	0
FANCC	FANCM	1	0	1	1	0	0	1	0	0	0	0
FANCC	FANCB	1	0	1	0	0	0	0	0	0	0	0
FANCC	ERCC4	0	0	1	0	0	0	0	0	0	0	0
FANCC	FANCI	0	0	1	0	0	0	1	0	0	0	0
FANCC	PALB2	0	0	1	0	0	0	0	0	0	0	0
FANCC	MRE11	0	0	0	1	0	0	0	0	0	0	0
FANCC	GINS4	0	1	0	0	0	0	0	0	0	0	0
FANCC	RAD51C	0	0	1	0	0	0	0	0	0	0	0
FANCC	FANCL	1	0	1	0	1	0	1	0	0	0	0
FANCC	MCM8	0	0	0	1	0	0	0	0	0	0	0
FANCC	RBL1	0	0	0	1	0	0	0	0	0	0	0
FANCC	POLA2	0	1	0	0	0	0	0	0	0	0	0
FANCC	ACD	0	0	0	0	1	0	0	0	0	0	0
FANCC	XRCC3	0	0	0	0	1	0	0	0	0	0	0
FANCC	MAD2L2	0	0	1	0	0	0	0	0	0	0	0
FANCC	GMNN	0	0	0	1	0	0	0	0	0	0	0
FANCC	BRIP1	0	0	1	0	0	0	0	0	0	0	0
FANCC	BRCA1	1	0	0	0	0	0	0	0	0	0	0
FANCC	RFC3	0	0	0	1	0	0	0	0	0	0	0
FANCC	MCM3	0	0	0	1	0	0	0	0	0	0	0
FANCC	MCM6	0	0	0	1	0	0	0	0	0	0	0
FANCC	RFC5	0	0	0	1	0	0	0	0	0	0	0
FANCC	RAD51D	0	0	0	0	1	0	0	0	0	0	0
FANCC	BUB1B	0	0	1	0	0	0	0	0	0	0	0
FANCC	BARD1	0	0	0	1	0	0	0	0	0	0	0
FANCC	FANCF	1	0	1	0	0	0	1	0	1	0	0
FANCC	FANCG	1	0	1	1	1	0	1	0	0	0	0
FANCC	FANCE	1	0	1	0	0	0	0	0	0	0	0
FANCC	CENPJ	0	0	0	1	1	0	0	0	1	0	0
FANCC	TOPBP1	0	0	0	1	0	0	0	0	0	0	0
FANCC	TP53BP1	0	0	0	0	0	0	0	0	0	0	1
FANCC	CHEK1	0	0	0	1	0	0	0	0	0	0	0
FANCC	FANCA	1	0	1	0	0	0	1	0	0	0	0
RPA3	TBC1D31	0	0	0	0	1	0	0	1	0	0	0
RPA3	RMI2	0	0	0	1	0	1	0	0	0	0	0
RPA3	PARPBP	0	0	0	1	0	0	0	0	0	0	0
RPA3	CENPW	0	1	0	1	1	0	0	0	0	0	0
RPA3	RTEL1	1	0	0	0	0	0	0	0	0	0	0
RPA3	DNA2	1	0	0	1	0	1	0	0	0	0	0
RPA3	CIP2A	0	0	0	1	1	0	0	0	0	0	0
RPA3	WRAP53	0	0	0	0	0	0	0	0	0	0	1
RPA3	C1orf112	0	0	0	1	1	0	0	0	0	0	0
RPA3	MOV10	1	0	0	0	0	0	0	0	0	0	0
RPA3	STMN1	0	1	0	1	1	0	0	0	0	0	0
RPA3	NCAPD3	0	0	0	0	1	0	0	1	0	0	0
RPA3	TOP3A	1	0	0	0	0	1	0	0	0	0	0
RPA3	UBE2T	0	1	0	1	1	0	0	0	0	0	0
RPA3	RFWD3	1	0	0	0	1	0	0	1	0	0	0
RPA3	RMI1	1	0	0	0	1	1	0	0	1	0	0
RPA3	NSD2	0	0	0	0	1	0	0	0	0	0	0
RPA3	DCLRE1B	0	0	0	0	1	0	0	0	0	0	0
RPA3	CENPO	0	0	0	1	0	0	0	0	0	0	0
RPA3	RBBP8	0	0	0	0	1	1	0	0	0	0	0
RPA3	ERCC4	0	0	0	0	0	1	0	0	0	0	0
RPA3	FANCI	0	0	0	1	1	0	0	0	0	0	0
RPA3	ZWILCH	0	0	0	1	1	0	0	0	0	0	0
RPA3	LIG1	0	0	0	0	0	1	0	1	0	0	0
RPA3	DNMT1	0	0	0	0	1	0	0	0	0	0	0
RPA3	MSH2	1	0	0	0	1	1	0	1	0	1	0
RPA3	MRE11	1	0	0	0	0	1	0	0	0	0	0
RPA3	GINS4	1	0	0	0	1	0	0	0	0	0	0
RPA3	ERCC1	1	0	0	0	0	1	0	0	0	0	0
RPA3	RAD51C	0	0	0	0	0	1	0	0	0	0	0
RPA3	FANCL	0	0	0	1	0	0	0	0	0	0	0
RPA3	MCM8	0	0	0	1	0	0	0	0	0	0	0
RPA3	RFC4	1	0	0	0	0	1	0	0	0	0	0
RPA3	RBL1	0	0	0	1	1	0	0	1	0	0	0
RPA3	POLA2	0	0	0	1	1	1	0	0	0	0	1
RPA3	MAD2L2	0	0	0	0	0	1	0	0	0	0	0
RPA3	GMNN	0	1	0	1	1	0	0	0	0	0	0
RPA3	BRIP1	0	0	0	0	0	1	0	0	0	0	0
RPA3	BRCA1	1	0	0	0	1	1	0	0	0	0	0
RPA3	RFC3	1	0	0	1	1	1	0	0	0	0	0
RPA3	MCM6	0	0	0	1	1	0	0	1	0	0	0
RPA3	POT1	0	0	0	0	0	0	0	0	1	0	0
RPA3	EXO1	0	0	0	1	0	1	0	0	0	0	0
RPA3	RAD50	1	0	0	0	0	1	0	0	0	0	0
RPA3	H2AFX	0	0	0	0	0	1	0	0	0	0	0
RPA3	RFC5	1	0	0	0	0	1	0	0	0	0	0
RPA3	MCM5	0	0	0	1	1	0	0	1	0	0	0
RPA3	BARD1	0	0	0	1	0	1	0	0	0	0	0
RPA3	FANCG	0	0	0	1	1	0	0	1	0	0	0
RPA3	MDC1	1	0	0	0	0	0	0	0	0	0	0
RPA3	CENPJ	0	0	0	1	0	0	0	0	0	0	0
RPA3	TOPBP1	0	0	0	0	1	1	0	0	0	0	0
RPA3	CHEK1	0	0	0	1	1	1	0	0	0	0	0
RPA2	TBC1D31	0	0	0	0	0	0	0	0	0	1	0
RPA2	RMI2	0	0	0	0	0	1	0	0	0	0	0
RPA2	PARPBP	0	0	0	0	0	0	0	0	1	0	0
RPA2	RTEL1	1	0	0	0	0	0	0	0	0	0	0
RPA2	DNA2	1	0	0	0	0	1	0	0	1	0	0
RPA2	C1orf112	0	0	0	0	1	0	0	0	1	0	0
RPA2	MOV10	1	0	0	0	0	0	0	0	0	0	0
RPA2	TOP3A	1	0	0	0	0	1	0	1	1	0	0
RPA2	RFWD3	1	0	0	0	0	0	0	0	0	0	0
RPA2	RMI1	1	0	0	0	1	1	0	0	1	0	0
RPA2	NSD2	0	0	0	0	0	0	0	0	1	0	0
RPA2	DCLRE1B	0	0	0	0	1	0	0	0	0	0	0
RPA2	FANCM	1	0	0	1	0	0	0	0	0	0	0
RPA2	CENPO	0	0	0	0	0	0	0	0	1	0	0
RPA2	RBBP8	0	0	0	0	0	1	0	0	0	0	0
RPA2	ERCC4	0	0	0	0	0	1	0	0	0	0	0
RPA2	LIG1	0	0	0	0	0	1	0	0	0	0	0
RPA2	DNMT1	0	0	0	0	0	0	0	0	1	0	0
RPA2	MSH2	1	0	0	0	1	1	0	0	1	1	0
RPA2	MRE11	1	0	0	0	0	1	0	0	0	0	0
RPA2	GINS4	1	0	0	0	0	0	0	0	0	0	0
RPA2	RPS14	0	0	0	0	0	0	0	1	0	0	0
RPA2	ERCC1	1	0	0	0	0	1	0	0	0	0	0
RPA2	RAD51C	0	0	0	0	0	1	0	0	0	0	0
RPA2	RFC4	1	0	0	0	0	1	0	0	1	1	0
RPA2	RBL1	0	0	0	0	0	0	0	1	0	1	0
RPA2	POLA2	0	0	0	0	0	1	0	0	0	1	0
RPA2	ACD	0	0	0	1	0	0	0	0	0	0	0
RPA2	RAB22A	0	1	0	0	0	0	0	0	0	0	0
RPA2	MAD2L2	0	0	0	0	0	1	0	0	0	0	0
RPA2	BRIP1	0	0	0	0	0	1	0	0	0	0	0
RPA2	BRCA1	1	0	0	0	0	1	0	0	0	0	0
RPA2	RFC3	1	0	0	0	0	1	0	0	0	0	0
RPA2	MCM3	1	0	0	0	1	0	0	0	0	0	0
RPA2	MCM6	0	0	0	0	1	0	0	0	0	0	0
RPA2	EXO1	1	0	0	0	0	1	0	0	0	0	0
RPA2	RAD50	1	0	0	0	0	1	0	0	0	0	0
RPA2	H2AFX	1	0	0	0	0	1	0	0	0	0	0
RPA2	RFC5	1	0	0	0	1	1	0	0	0	0	0
RPA2	RAD51D	0	0	0	0	0	0	0	1	0	0	0
RPA2	MCM5	1	0	0	0	0	0	0	0	0	0	0
RPA2	BARD1	0	0	0	0	0	1	0	0	0	0	0
RPA2	FANCE	0	0	0	0	0	0	0	1	1	0	0
RPA2	MDC1	1	0	0	0	0	0	0	1	0	0	0
RPA2	VRK1	0	0	0	0	0	0	0	0	1	0	0
RPA2	TOPBP1	0	0	0	0	0	1	0	0	0	0	0
RPA2	TP53BP1	1	0	0	0	0	0	0	0	0	0	0
RPA2	CHEK1	1	0	0	0	0	1	0	0	1	0	0
RPA2	RPA3	1	0	0	0	0	1	0	0	0	0	0
ATM	RMI2	0	0	0	0	0	1	0	0	0	0	0
ATM	RTEL1	0	0	1	0	0	0	0	0	0	0	0
ATM	DNA2	0	0	0	0	0	1	0	0	0	0	0
ATM	XRCC2	0	0	0	0	0	1	0	0	0	0	0
ATM	TOP3A	0	0	0	0	0	1	0	0	0	0	0
ATM	RMI1	0	0	0	0	0	1	0	0	0	0	0
ATM	NSD2	0	0	0	0	0	1	0	0	0	0	0
ATM	RBBP8	1	0	0	0	0	1	0	0	0	0	0
ATM	ERCC4	0	0	0	0	0	0	0	0	0	1	0
ATM	RNF168	0	0	0	0	0	1	0	0	0	0	0
ATM	FANCI	1	0	0	0	0	0	0	0	0	0	0
ATM	PALB2	0	0	0	0	0	1	0	0	0	0	0
ATM	MSH2	1	0	0	0	0	0	0	0	0	0	0
ATM	MRE11	1	0	0	0	0	1	0	1	0	1	0
ATM	RAD51C	0	0	0	0	0	1	0	0	0	0	0
ATM	TERF1	1	0	0	0	0	0	0	0	0	1	0
ATM	MCM8	0	0	0	0	0	0	0	0	0	1	0
ATM	RFC4	0	0	0	0	0	1	0	0	0	0	0
ATM	XRCC3	0	0	0	0	0	1	0	0	0	0	0
ATM	RAD51B	0	0	0	0	0	1	0	0	0	0	0
ATM	GMNN	1	0	0	0	0	0	0	0	0	0	0
ATM	BRIP1	0	0	0	0	0	1	0	0	0	0	0
ATM	BRCA1	1	0	0	0	0	1	0	0	0	0	0
ATM	RFC3	0	0	0	0	0	1	0	0	0	0	0
ATM	POT1	0	0	0	0	1	0	0	0	0	0	0
ATM	EXO1	1	0	0	0	0	1	0	0	0	0	0
ATM	RAD50	1	0	0	0	0	1	0	0	0	0	0
ATM	H2AFX	1	0	0	0	0	1	0	0	0	0	0
ATM	RFC5	0	0	0	0	0	1	0	0	0	0	0
ATM	RAD51D	0	0	0	0	0	1	0	0	0	0	0
ATM	BARD1	0	0	0	0	0	1	0	0	0	0	0
ATM	FANCF	0	0	0	0	0	0	0	0	0	1	0
ATM	MDC1	1	0	0	0	0	1	0	0	0	0	0
ATM	TOPBP1	1	0	0	0	0	1	0	0	0	0	0
ATM	TP53BP1	1	0	0	0	0	1	0	0	0	0	0
ATM	CHEK1	1	0	0	0	0	1	0	0	0	0	0
ATM	RPA3	0	0	0	0	0	1	0	0	0	0	0
ATM	RPA2	1	0	0	0	0	1	0	0	0	0	0
BLM	H2AZ1	0	0	0	1	1	0	0	0	0	0	0
BLM	TBC1D31	0	0	0	0	1	0	0	0	1	0	0
BLM	RMI2	1	0	0	1	0	1	1	1	1	0	0
BLM	PARPBP	0	1	0	1	0	0	0	1	1	0	0
BLM	CENPW	0	0	0	1	1	0	0	0	0	0	0
BLM	DNA2	0	1	0	1	1	1	0	0	1	0	0
BLM	SAMD9	0	0	0	0	0	0	0	1	0	0	0
BLM	WRAP53	0	0	0	0	0	0	0	0	1	0	0
BLM	C1orf112	0	1	0	1	1	0	0	0	1	0	0
BLM	STMN1	0	0	0	1	1	0	0	0	1	0	0
BLM	NCAPD3	0	1	0	1	1	0	0	1	0	0	0
BLM	XRCC2	1	1	0	1	1	1	0	0	1	0	0
BLM	TOP3A	1	0	0	0	0	1	0	0	0	0	0
BLM	RFWD3	0	0	0	1	1	0	0	1	1	0	0
BLM	RMI1	1	1	0	0	1	1	1	0	1	0	0
BLM	SLX4	0	0	0	0	0	0	0	1	0	0	0
BLM	NSD2	0	0	0	1	1	0	0	0	1	0	0
BLM	FANCM	1	0	0	1	1	0	0	0	0	0	0
BLM	NUDT1	0	0	0	1	1	0	0	0	0	0	0
BLM	RBBP8	0	1	0	0	1	1	0	0	1	0	0
BLM	ERCC4	0	0	1	0	0	0	0	0	0	0	0
BLM	RNF168	0	0	0	0	0	1	0	0	0	0	0
BLM	ZWILCH	0	0	0	1	1	0	0	0	0	0	0
BLM	PALB2	0	0	0	0	0	1	0	0	0	0	0
BLM	LIG1	0	0	0	0	1	0	0	1	0	0	0
BLM	DNMT1	0	0	0	0	1	0	0	0	1	0	0
BLM	MSH2	1	1	0	0	0	0	0	0	1	0	0
BLM	MRE11	1	0	0	0	0	1	0	0	0	0	0
BLM	GINS4	0	1	0	1	1	0	0	0	1	0	0
BLM	RAD51C	0	0	0	0	0	1	0	0	0	0	0
BLM	TERF1	1	0	0	0	0	0	0	0	0	0	0
BLM	MCM8	0	1	0	1	1	0	0	0	1	0	0
BLM	RFC4	0	0	0	1	1	1	0	0	1	0	0
BLM	RBL1	0	1	0	1	1	0	0	0	0	0	0
BLM	POLA2	0	0	0	1	1	0	0	0	0	0	0
BLM	XRCC3	0	0	0	0	0	1	0	0	0	0	0
BLM	RAD51B	0	0	0	0	0	1	0	0	0	0	0
BLM	GMNN	0	0	0	1	1	0	0	0	0	0	0
BLM	BRIP1	1	0	0	0	0	1	0	0	0	0	0
BLM	BRCA1	1	1	0	1	1	1	0	0	1	0	0
BLM	RFC3	0	1	0	1	1	1	0	0	0	0	0
BLM	MCM3	0	0	0	1	1	0	0	0	0	0	0
BLM	MCM6	0	0	0	1	1	0	0	1	0	0	0
BLM	EXO1	1	0	0	0	0	1	0	0	0	0	0
BLM	RAD50	1	0	0	0	0	1	0	0	0	0	0
BLM	H2AFX	1	0	0	0	0	1	0	0	0	0	0
BLM	RFC5	0	1	0	1	1	1	0	0	0	0	0
BLM	RAD51D	1	0	0	0	0	1	0	0	0	0	0
BLM	MCM5	0	0	0	1	1	0	0	1	0	0	0
BLM	BARD1	0	0	0	1	0	1	0	0	0	0	0
BLM	FANCF	0	0	0	0	0	0	0	1	0	0	0
BLM	FANCG	1	1	0	1	1	0	0	1	0	0	0
BLM	FANCE	0	0	0	0	0	0	0	0	1	0	0
BLM	MDC1	0	0	0	0	0	1	0	0	0	0	0
BLM	VRK1	0	0	0	1	1	0	0	0	1	0	0
BLM	CENPJ	0	0	0	1	0	0	0	0	0	0	0
BLM	TOPBP1	1	0	0	1	0	1	0	1	0	0	0
BLM	TP53BP1	1	0	0	0	0	1	0	0	0	0	0
BLM	CHEK1	1	0	0	0	0	1	0	0	0	0	0
BLM	FANCA	1	0	0	0	0	0	0	0	0	0	0
BLM	RPA3	1	0	0	1	1	1	0	0	0	0	0
BLM	RPA2	1	0	0	0	0	1	0	0	1	0	0
BLM	ATM	1	0	0	0	0	1	0	0	0	0	0
RAD51AP1	H2AZ1	0	0	0	1	1	0	0	0	0	0	0
RAD51AP1	TBC1D31	0	1	0	0	0	0	0	0	0	0	0
RAD51AP1	RMI2	0	0	0	1	0	1	0	1	0	0	0
RAD51AP1	PARPBP	0	1	0	1	1	0	0	1	0	0	0
RAD51AP1	CENPW	0	0	0	1	1	0	0	0	0	0	0
RAD51AP1	DNA2	0	1	0	1	0	1	0	0	0	0	0
RAD51AP1	C1orf112	0	1	0	1	1	0	0	0	0	0	0
RAD51AP1	NCAPD3	0	0	0	0	1	0	0	1	0	0	0
RAD51AP1	ESCO2	0	1	0	1	1	0	0	0	0	0	0
RAD51AP1	XRCC2	0	1	0	1	1	1	0	0	1	0	0
RAD51AP1	TOP3A	0	0	0	0	0	1	0	0	0	0	0
RAD51AP1	RFWD3	0	0	0	0	1	0	0	0	0	0	0
RAD51AP1	RMI1	0	1	0	0	1	1	0	1	0	0	0
RAD51AP1	SLX4	0	0	0	0	0	0	0	0	1	0	0
RAD51AP1	NSD2	0	0	0	1	1	0	0	0	0	0	0
RAD51AP1	FANCM	0	1	0	0	1	0	0	0	0	0	0
RAD51AP1	NUDT1	0	0	0	1	1	0	0	0	0	0	0
RAD51AP1	CENPO	0	0	0	1	0	0	0	1	0	0	0
RAD51AP1	FANCB	0	1	0	0	0	0	0	0	0	0	0
RAD51AP1	RBBP8	0	1	0	0	0	1	0	0	0	0	0
RAD51AP1	PALB2	1	0	0	0	0	1	0	0	0	0	0
RAD51AP1	LIG1	0	0	0	0	1	0	0	0	0	0	0
RAD51AP1	MSH2	0	1	0	0	0	0	0	0	0	0	0
RAD51AP1	MRE11	0	0	0	0	0	1	0	0	0	0	0
RAD51AP1	GINS4	0	0	0	1	1	0	0	0	0	0	0
RAD51AP1	RAD51C	0	0	0	0	0	1	0	0	0	0	0
RAD51AP1	MCM8	0	1	0	1	0	0	0	0	0	0	0
RAD51AP1	RFC4	0	1	0	1	0	0	0	0	0	0	0
RAD51AP1	RBL1	0	0	0	1	1	0	0	0	0	0	0
RAD51AP1	POLA2	0	0	0	1	0	0	0	0	0	0	0
RAD51AP1	XRCC3	0	0	0	0	0	1	0	0	0	0	0
RAD51AP1	RAD51B	0	0	0	0	0	1	0	0	0	0	0
RAD51AP1	GMNN	0	0	0	1	1	0	0	1	0	0	0
RAD51AP1	BRIP1	0	0	0	0	0	1	0	0	0	0	0
RAD51AP1	BRCA1	0	1	0	0	1	1	0	0	0	0	0
RAD51AP1	RFC3	0	1	0	1	1	0	0	0	0	0	0
RAD51AP1	MCM3	0	0	0	0	1	0	0	0	0	0	0
RAD51AP1	MCM6	0	0	0	1	1	0	0	0	0	0	0
RAD51AP1	EXO1	0	1	0	1	1	1	0	1	0	0	0
RAD51AP1	RAD50	0	0	0	0	0	1	0	0	0	0	0
RAD51AP1	RFC5	0	1	0	1	1	0	0	0	0	0	0
RAD51AP1	RAD51D	0	0	0	0	0	1	0	0	0	0	0
RAD51AP1	MCM5	0	0	0	1	1	0	0	0	0	0	0
RAD51AP1	BARD1	0	0	0	1	0	1	0	0	0	0	0
RAD51AP1	FANCF	0	0	0	0	0	0	0	1	0	0	0
RAD51AP1	FANCG	0	0	0	1	0	0	0	0	0	0	0
RAD51AP1	VRK1	0	1	0	1	1	0	0	0	1	0	0
RAD51AP1	CENPJ	0	1	0	1	0	0	0	0	1	0	0
RAD51AP1	RPA3	0	0	0	1	0	0	0	0	0	0	0
RAD51AP1	ATM	0	0	0	0	0	1	0	0	0	0	0
RAD51AP1	BLM	0	0	0	0	0	1	0	0	0	0	0
BRCA2	H2AZ1	0	0	0	0	1	0	0	0	0	0	0
BRCA2	TBC1D31	0	1	0	0	0	0	0	0	0	0	0
BRCA2	RMI2	0	0	0	0	0	1	0	1	1	0	0
BRCA2	PARPBP	0	1	0	0	1	0	0	1	1	0	0
BRCA2	CENPW	0	0	0	0	1	0	0	0	0	0	0
BRCA2	DNA2	0	1	0	0	0	1	0	0	0	0	0
BRCA2	CIP2A	0	1	0	0	1	0	0	0	0	0	0
BRCA2	SAMD9	0	0	0	0	0	0	0	1	0	0	0
BRCA2	WRAP53	0	0	0	1	0	0	0	0	0	0	0
BRCA2	C1orf112	0	1	0	0	1	0	0	0	1	0	0
BRCA2	STMN1	0	0	0	0	1	0	0	0	0	0	0
BRCA2	NCAPD3	0	1	0	0	1	0	0	1	0	0	0
BRCA2	ESCO2	0	1	1	0	1	0	0	0	1	0	0
BRCA2	XRCC2	0	1	1	0	1	1	0	0	0	0	0
BRCA2	TOP3A	0	0	0	0	0	1	0	0	0	0	0
BRCA2	UBE2T	0	0	1	0	1	0	0	0	1	0	0
BRCA2	RFWD3	0	1	0	0	1	0	0	1	1	0	0
BRCA2	RMI1	0	1	0	0	1	1	0	0	1	0	0
BRCA2	SLX4	0	0	1	1	0	0	0	0	0	0	0
BRCA2	NSD2	0	1	1	0	0	0	0	0	1	0	0
BRCA2	DCLRE1B	0	0	0	1	1	0	0	0	0	0	0
BRCA2	FANCM	0	1	1	0	1	0	0	0	0	0	0
BRCA2	CENPO	0	1	0	0	0	0	0	1	0	0	0
BRCA2	FANCB	0	1	1	0	0	0	0	0	0	0	0
BRCA2	RBBP8	0	0	0	1	1	1	0	0	1	0	0
BRCA2	ERCC4	0	0	1	0	0	0	0	0	0	0	0
BRCA2	RNF168	1	0	0	0	0	0	0	0	0	0	0
BRCA2	FANCI	1	0	1	0	0	0	0	0	0	0	0
BRCA2	ZWILCH	0	1	0	0	1	0	0	1	0	0	0
BRCA2	PALB2	1	0	1	0	0	1	1	0	0	0	0
BRCA2	LIG1	0	0	0	0	1	0	0	1	0	0	0
BRCA2	DNMT1	0	1	0	0	1	0	0	0	1	0	0
BRCA2	MSH2	0	1	0	0	1	0	0	0	1	0	0
BRCA2	MRE11	0	0	0	0	0	1	0	0	0	0	0
BRCA2	GINS4	0	1	0	0	1	0	0	0	1	0	0
BRCA2	RAD51C	1	0	1	0	0	1	0	0	0	0	0
BRCA2	FANCL	0	0	1	0	0	0	0	0	0	0	0
BRCA2	MCM8	0	1	0	0	0	0	0	0	1	0	0
BRCA2	RFC4	0	0	0	0	1	0	0	0	0	0	0
BRCA2	RBL1	0	1	0	0	1	0	0	0	0	0	0
BRCA2	POLA2	0	0	0	0	1	0	0	0	0	0	0
BRCA2	XRCC3	1	0	0	0	0	1	0	0	0	0	0
BRCA2	RAD51B	0	0	0	0	0	1	0	0	0	0	0
BRCA2	MAD2L2	0	0	1	0	0	0	0	0	0	0	0
BRCA2	GMNN	0	0	0	0	1	0	0	0	0	0	0
BRCA2	BRIP1	0	0	1	0	0	1	0	0	0	0	0
BRCA2	BRCA1	1	1	0	0	1	1	0	0	1	0	0
BRCA2	RFC3	0	1	0	0	1	0	0	0	0	0	0
BRCA2	MCM3	0	0	0	0	1	0	0	0	0	0	0
BRCA2	MCM6	0	0	0	0	1	0	0	1	0	0	0
BRCA2	EXO1	0	1	0	0	1	1	0	1	1	0	0
BRCA2	RAD50	0	0	0	0	0	1	0	0	0	0	0
BRCA2	H2AFX	1	0	0	0	0	0	0	0	0	0	0
BRCA2	RFC5	0	1	0	0	1	0	0	0	0	0	0
BRCA2	RAD51D	0	0	0	0	0	1	0	0	0	0	0
BRCA2	MCM5	0	0	0	0	1	0	0	1	0	0	0
BRCA2	BUB1B	1	0	1	0	0	0	0	0	0	0	0
BRCA2	BARD1	1	0	0	0	0	1	0	0	0	0	0
BRCA2	FANCF	0	0	1	0	0	0	0	1	0	0	0
BRCA2	FANCG	1	0	1	0	0	0	0	0	0	0	0
BRCA2	FANCE	1	0	1	0	0	0	0	0	1	0	0
BRCA2	MDC1	1	0	0	0	0	0	0	0	0	0	0
BRCA2	VRK1	0	0	0	0	1	0	0	0	1	0	0
BRCA2	CENPJ	0	1	0	0	0	0	0	0	0	0	0
BRCA2	TOPBP1	0	1	0	0	1	0	0	1	0	0	0
BRCA2	TP53BP1	1	0	0	0	0	0	0	0	0	0	0
BRCA2	CHEK1	0	1	0	0	1	0	0	0	1	0	0
BRCA2	FANCA	0	0	1	0	0	0	0	0	0	0	0
BRCA2	FANCC	0	0	1	0	0	0	0	0	0	0	0
BRCA2	RPA3	0	0	0	0	1	1	0	0	0	0	0
BRCA2	RPA2	1	0	0	0	0	1	0	0	0	0	0
BRCA2	ATM	1	0	0	0	0	1	0	0	0	0	0
BRCA2	BLM	0	0	0	0	0	1	0	0	0	0	0
BRCA2	RAD51AP1	0	0	0	0	0	1	0	0	0	0	0
FANCD2	H2AZ1	0	0	0	1	1	0	0	0	0	1	0
FANCD2	TBC1D31	0	1	0	0	1	0	0	0	1	0	0
FANCD2	PARPBP	0	1	0	1	1	0	0	0	1	0	0
FANCD2	CENPW	0	0	0	1	1	0	0	0	0	0	1
FANCD2	DNA2	1	1	0	1	0	0	0	0	0	0	0
FANCD2	CIP2A	0	1	0	1	1	0	0	0	0	0	0
FANCD2	WRAP53	0	0	0	0	0	0	0	0	1	0	0
FANCD2	C1orf112	0	1	0	1	1	0	0	0	1	0	0
FANCD2	STMN1	0	0	0	1	1	0	0	0	1	0	0
FANCD2	NCAPD3	0	1	0	0	1	0	0	1	0	0	0
FANCD2	ESCO2	0	0	1	1	1	0	0	0	1	0	0
FANCD2	XRCC2	0	1	1	1	1	0	1	0	1	0	0
FANCD2	TOP3A	1	0	0	0	0	0	0	0	0	0	0
FANCD2	UBE2T	1	0	1	0	0	0	1	0	0	0	0
FANCD2	RFWD3	0	1	0	0	1	0	1	1	1	0	0
FANCD2	RMI1	0	0	0	0	1	0	0	0	0	0	0
FANCD2	SLX4	1	0	1	0	0	0	1	1	0	0	0
FANCD2	NSD2	0	1	1	1	1	0	0	0	1	0	0
FANCD2	DCLRE1B	1	0	0	0	1	0	0	0	0	0	0
FANCD2	FANCM	0	1	1	0	1	0	1	0	0	0	0
FANCD2	NUDT1	0	0	0	1	1	0	0	0	0	0	0
FANCD2	FANCB	0	1	1	0	0	0	0	0	0	0	0
FANCD2	RBBP8	1	0	0	0	1	0	0	0	1	0	0
FANCD2	ERCC4	1	0	1	0	0	0	1	0	0	0	0
FANCD2	FANCI	1	0	1	0	0	0	1	0	0	0	0
FANCD2	ZWILCH	0	0	0	1	1	0	0	0	0	0	0
FANCD2	PALB2	0	0	1	0	0	0	0	0	0	0	0
FANCD2	LIG1	0	1	0	0	1	0	0	1	0	0	1
FANCD2	DNMT1	0	0	0	0	1	0	0	0	1	0	0
FANCD2	MSH2	1	0	0	0	1	0	0	0	0	0	0
FANCD2	MRE11	1	0	0	0	0	0	0	0	0	0	0
FANCD2	GINS4	0	0	0	1	1	0	0	0	1	0	0
FANCD2	DKC1	0	0	0	0	1	0	0	0	0	0	0
FANCD2	ERCC1	0	0	0	0	0	0	1	0	0	0	0
FANCD2	RAD51C	0	0	1	0	0	0	0	0	0	0	0
FANCD2	TERF1	1	0	0	0	0	0	0	0	0	0	0
FANCD2	FANCL	1	0	1	0	0	0	1	0	0	0	0
FANCD2	MCM8	0	1	0	1	1	0	0	0	1	0	0
FANCD2	RFC4	0	0	0	1	1	0	0	0	1	0	0
FANCD2	RBL1	0	0	0	1	1	0	0	0	0	0	0
FANCD2	POLA2	0	0	0	1	1	0	0	0	0	0	0
FANCD2	MAD2L2	0	0	1	0	0	0	0	0	0	0	0
FANCD2	GMNN	0	0	0	1	1	0	0	0	0	0	0
FANCD2	BRIP1	1	0	1	0	0	0	1	0	0	0	0
FANCD2	BRCA1	1	1	0	1	1	0	0	0	1	0	0
FANCD2	RFC3	0	0	0	1	1	0	0	0	0	0	1
FANCD2	MCM3	1	0	0	1	1	0	0	0	0	0	0
FANCD2	MCM6	1	0	0	1	1	0	0	0	0	0	0
FANCD2	EXO1	0	0	0	1	1	0	0	0	1	0	0
FANCD2	RAD50	1	0	0	0	0	0	0	0	0	0	0
FANCD2	H2AFX	1	0	0	0	0	0	0	0	0	0	0
FANCD2	RFC5	0	1	0	1	1	0	0	0	0	0	0
FANCD2	RAD51D	0	0	0	0	0	0	1	0	0	0	0
FANCD2	MCM5	1	0	0	0	0	0	0	0	0	0	0
FANCD2	BUB1B	0	0	1	0	0	0	0	0	0	0	0
FANCD2	BARD1	1	0	0	1	0	0	0	0	0	0	0
FANCD2	FANCF	0	0	1	0	0	0	1	0	0	0	0
FANCD2	FANCG	1	1	1	1	1	0	1	0	0	0	0
FANCD2	FANCE	1	0	1	0	0	0	0	0	1	0	0
FANCD2	MDC1	1	1	0	0	0	0	0	0	0	0	0
FANCD2	VRK1	0	0	0	1	1	0	0	0	1	0	0
FANCD2	CENPJ	0	1	0	1	0	0	0	0	0	0	0
FANCD2	TOPBP1	0	1	0	1	1	0	0	1	0	0	0
FANCD2	CHEK1	1	0	0	0	0	0	0	0	0	0	0
FANCD2	FANCA	1	0	1	0	0	0	1	0	0	0	0
FANCD2	FANCC	1	0	1	0	0	0	1	0	0	0	0
FANCD2	RPA3	0	0	0	1	1	0	0	0	0	0	0
FANCD2	ATM	1	0	0	0	0	0	0	0	0	0	0
FANCD2	BLM	1	0	0	0	0	0	0	0	0	0	0
FANCD2	BRCA2	1	0	1	0	0	0	0	0	0	0	0
RAD51	H2AZ1	0	1	0	1	1	0	0	0	0	0	0
RAD51	TBC1D31	0	1	0	0	0	0	0	0	0	0	0
RAD51	RMI2	0	0	0	0	0	1	0	0	0	0	0
RAD51	PARPBP	1	1	0	1	1	0	0	1	0	0	0
RAD51	CENPW	0	1	0	1	1	0	0	0	0	0	0
RAD51	RTEL1	1	0	0	0	0	0	0	0	0	0	0
RAD51	DNA2	1	1	0	1	0	1	0	0	0	0	0
RAD51	CIP2A	0	1	0	1	1	0	0	0	0	0	0
RAD51	C1orf112	0	1	0	1	1	0	0	0	0	0	0
RAD51	NCAPD3	0	1	0	0	1	0	0	1	0	0	0
RAD51	ESCO2	0	1	1	1	1	0	0	0	0	0	0
RAD51	XRCC2	1	1	1	1	1	1	1	0	1	0	0
RAD51	TOP3A	0	0	0	0	0	1	0	0	0	0	0
RAD51	UBE2T	0	0	1	0	0	0	0	0	0	0	0
RAD51	RFWD3	1	1	0	0	1	0	0	0	0	0	0
RAD51	RMI1	0	1	0	0	0	1	0	0	0	0	0
RAD51	SLX4	0	0	1	0	0	0	0	0	1	0	0
RAD51	NSD2	0	0	1	0	0	0	0	0	0	0	0
RAD51	DCLRE1B	0	1	0	0	0	0	0	0	0	0	0
RAD51	FANCM	0	0	1	0	0	0	0	0	0	0	0
RAD51	NUDT1	0	1	0	1	1	0	0	0	1	0	0
RAD51	CENPO	0	1	0	0	1	0	0	1	0	0	0
RAD51	FANCB	0	0	1	0	0	0	0	0	0	0	0
RAD51	RBBP8	0	0	0	0	0	1	0	0	0	0	0
RAD51	ERCC4	0	0	1	0	0	0	0	0	0	0	0
RAD51	FANCI	1	0	1	0	0	0	0	0	0	0	0
RAD51	ZWILCH	0	1	0	1	1	0	0	0	1	0	0
RAD51	PALB2	1	0	1	0	0	1	0	0	0	0	0
RAD51	LIG1	0	1	0	0	1	0	0	0	0	0	0
RAD51	DNMT1	0	1	0	0	1	0	0	0	0	0	0
RAD51	MSH2	1	1	0	0	0	0	0	0	0	0	0
RAD51	MRE11	0	0	0	0	0	1	0	0	0	0	0
RAD51	GINS4	0	1	0	1	1	0	0	0	0	0	0
RAD51	RAD51C	1	1	1	0	0	1	1	0	0	0	0
RAD51	FANCL	0	0	1	0	0	0	0	0	0	0	0
RAD51	MCM8	0	1	0	1	0	0	0	0	0	0	0
RAD51	RFC4	0	1	0	0	1	0	0	0	0	0	0
RAD51	RBL1	0	1	0	1	1	0	0	0	0	0	0
RAD51	POLA2	0	1	0	1	1	0	0	0	0	0	0
RAD51	XRCC3	1	1	0	0	0	1	0	0	0	0	0
RAD51	RAD51B	1	0	0	0	0	1	0	0	0	0	0
RAD51	MAD2L2	0	0	1	0	0	0	0	0	0	0	0
RAD51	TERF2IP	1	0	0	0	0	0	0	0	0	0	0
RAD51	GMNN	0	0	0	1	1	0	0	1	1	0	0
RAD51	BRIP1	0	0	1	0	0	1	0	0	0	0	0
RAD51	BRCA1	1	1	0	0	1	1	0	0	0	0	0
RAD51	RFC3	0	1	0	1	1	0	0	0	0	0	0
RAD51	MCM3	0	1	0	0	1	0	0	0	0	0	0
RAD51	MCM6	0	1	0	1	1	0	0	1	0	0	0
RAD51	EXO1	0	0	0	0	0	1	0	0	0	0	0
RAD51	RAD50	0	0	0	0	0	1	0	0	0	0	0
RAD51	H2AFX	1	0	0	0	0	0	0	0	0	0	0
RAD51	RFC5	0	1	0	0	1	0	0	0	0	0	0
RAD51	RAD51D	1	0	0	0	0	1	0	0	0	0	0
RAD51	MCM5	0	1	0	1	1	0	0	0	0	0	0
RAD51	BUB1B	0	0	1	0	0	0	0	0	0	0	0
RAD51	BARD1	1	0	0	1	0	1	0	0	0	0	0
RAD51	FANCF	0	0	1	0	0	0	0	1	0	0	0
RAD51	FANCG	0	1	1	1	0	0	0	0	0	0	0
RAD51	FANCE	0	0	1	0	0	0	0	0	0	0	0
RAD51	MDC1	1	0	0	0	0	0	0	0	0	0	0
RAD51	VRK1	0	1	0	0	1	0	0	0	1	0	0
RAD51	CENPJ	0	0	0	1	0	0	0	0	0	0	0
RAD51	CHEK1	1	0	0	0	0	0	0	0	0	0	0
RAD51	FANCA	1	0	1	0	0	0	0	0	0	0	0
RAD51	FANCC	0	0	1	0	0	0	0	0	0	0	0
RAD51	RPA3	1	0	0	0	0	1	0	0	0	0	0
RAD51	RPA2	1	0	0	0	0	1	0	0	0	0	0
RAD51	ATM	1	0	0	0	0	1	0	0	0	0	0
RAD51	BLM	1	0	0	0	0	1	0	0	0	0	0
RAD51	RAD51AP1	1	0	0	0	0	1	0	0	0	0	0
RAD51	BRCA2	1	1	1	0	1	1	0	1	0	0	0
RAD51	FANCD2	1	0	1	0	0	0	0	0	0	0	0
TERT	TERC	1	0	1	0	0	0	0	0	0	0	0
TERT	RMI2	0	0	0	0	0	0	0	0	1	0	0
TERT	RTEL1	0	0	1	0	0	0	0	0	0	0	0
TERT	NOP10	0	0	1	0	0	0	0	0	0	0	0
TERT	CTC1	0	0	1	0	0	0	0	0	0	0	0
TERT	WRAP53	1	0	1	0	0	0	0	0	0	0	0
TERT	USB1	0	0	1	0	0	0	0	0	0	0	0
TERT	PARN	0	0	1	0	0	0	0	0	0	0	0
TERT	NHP2	0	0	1	0	0	0	0	0	0	0	0
TERT	KRT14	0	0	1	0	0	0	0	0	0	0	0
TERT	ERCC4	0	0	1	0	0	0	0	0	0	0	0
TERT	GJB6	0	0	1	0	0	0	0	0	0	0	0
TERT	DKC1	1	0	1	0	0	0	0	0	0	0	0
TERT	TERF1	1	0	0	0	0	0	0	0	0	0	0
TERT	ACD	1	0	1	0	0	0	0	0	0	0	0
TERT	TERF2IP	0	0	1	0	0	0	0	0	0	0	0
TERT	TINF2	0	0	1	0	0	0	0	0	0	0	0
TERT	POT1	1	0	1	0	0	0	0	0	0	0	0
TERT	EXO1	0	0	0	0	0	0	0	0	1	0	0
TERT	FANCA	0	0	0	0	0	0	0	0	1	0	0
TPR	TBC1D31	0	0	0	0	0	0	0	0	1	0	0
TPR	CIP2A	0	0	0	0	0	0	0	0	1	0	0
TPR	CTC1	0	0	0	1	0	0	0	0	0	0	0
TPR	RMI1	0	0	0	0	0	0	0	0	1	0	0
TPR	NSD2	0	0	0	0	0	0	0	0	1	0	0
TPR	CENPO	0	0	0	0	0	0	0	0	1	0	0
TPR	DNMT1	0	0	0	0	0	0	0	0	1	0	0
TPR	MRE11	1	0	0	0	0	0	0	0	0	0	0
TPR	RAD51C	0	0	0	0	0	0	0	0	1	0	0
TPR	RFC4	0	0	0	0	0	0	0	0	1	0	0
TPR	TERF2IP	0	0	0	0	0	0	0	0	0	0	1
TPR	BRCA1	1	0	0	0	0	0	0	0	0	0	0
TPR	MCM3	1	0	0	0	0	0	0	0	0	0	0
TPR	SRP72	1	0	0	0	0	0	0	0	0	0	0
TPR	MDC1	0	0	0	1	0	0	0	0	1	0	0
TPR	TP53BP1	0	1	0	0	1	0	0	0	0	0	0
POLD3	TBC1D31	0	1	0	0	1	0	0	0	1	0	0
POLD3	PARPBP	0	0	0	0	0	0	0	0	1	0	0
POLD3	DNA2	0	1	0	0	0	1	0	0	0	0	0
POLD3	CIP2A	0	1	0	0	0	0	0	0	1	0	0
POLD3	WRAP53	0	0	0	1	1	0	0	0	1	1	0
POLD3	C1orf112	0	1	0	0	1	0	0	0	1	0	0
POLD3	USB1	0	0	0	0	0	0	0	0	0	0	1
POLD3	NCAPD3	0	1	0	1	1	0	0	0	0	0	0
POLD3	ESCO2	0	1	0	0	0	0	0	0	0	0	0
POLD3	XRCC2	0	1	0	0	0	0	0	0	0	0	0
POLD3	RMI1	0	1	0	1	1	0	0	0	1	0	0
POLD3	NSD2	0	1	0	0	1	0	0	0	1	1	0
POLD3	DCLRE1B	0	1	0	1	1	0	0	0	0	0	0
POLD3	FANCM	0	1	0	1	1	0	0	0	0	0	0
POLD3	CENPO	0	1	0	0	1	0	0	0	1	0	0
POLD3	FANCB	0	0	0	1	0	0	0	0	0	0	0
POLD3	RBBP8	0	0	0	1	0	0	0	0	0	0	0
POLD3	FANCI	0	1	0	0	0	0	0	0	0	0	0
POLD3	ZWILCH	0	1	0	0	0	0	0	0	1	0	0
POLD3	LIG1	0	1	0	1	0	1	0	0	0	0	0
POLD3	DNMT1	1	0	0	0	0	0	0	0	0	0	0
POLD3	MSH2	0	1	0	1	0	1	0	0	0	0	0
POLD3	GINS4	0	1	0	0	0	0	0	0	0	0	0
POLD3	RAD51C	0	0	0	0	1	0	0	0	1	0	0
POLD3	MCM8	0	1	0	0	1	0	0	0	0	0	0
POLD3	RFC4	0	1	0	0	1	1	0	0	1	1	0
POLD3	RBL1	0	1	0	0	1	0	0	0	0	0	0
POLD3	POLA2	0	1	0	0	1	1	0	0	0	0	0
POLD3	ACD	0	0	0	1	0	0	0	0	0	0	0
POLD3	MAD2L2	1	0	0	1	0	0	0	0	0	0	1
POLD3	GMNN	0	0	0	0	0	0	0	0	1	0	0
POLD3	BRIP1	0	1	0	0	0	0	0	0	0	0	0
POLD3	BRCA1	0	1	0	1	1	0	0	0	0	0	0
POLD3	RFC3	0	1	0	0	0	1	0	0	0	0	0
POLD3	MCM3	1	1	0	1	1	0	0	0	0	0	0
POLD3	MCM6	0	1	0	0	1	0	0	0	0	0	0
POLD3	POT1	0	0	0	0	1	0	0	0	0	0	0
POLD3	EXO1	0	1	0	0	0	0	0	0	0	0	0
POLD3	RFC5	0	1	0	0	1	1	0	0	0	0	0
POLD3	RAD51D	0	1	0	0	0	0	0	0	0	0	0
POLD3	MCM5	0	1	0	0	0	0	0	0	0	0	0
POLD3	BUB1B	0	1	0	0	0	0	0	0	0	0	0
POLD3	FANCG	0	1	0	0	0	0	0	0	0	0	0
POLD3	FANCE	0	1	0	0	0	0	0	0	0	0	0
POLD3	MDC1	0	0	0	1	1	0	0	0	0	0	0
POLD3	VRK1	0	1	0	0	0	0	0	0	1	0	0
POLD3	CENPJ	0	0	0	0	1	0	0	0	0	0	0
POLD3	CHEK1	0	1	0	0	1	0	0	0	0	0	0
POLD3	FANCA	0	1	0	0	0	0	0	0	0	0	0
POLD3	FANCC	0	0	0	0	0	0	0	0	1	0	0
POLD3	RPA3	0	0	0	0	1	1	0	0	0	0	0
POLD3	RPA2	0	0	0	1	1	1	0	0	1	0	0
POLD3	BLM	0	0	0	0	0	0	0	0	1	0	0
POLD3	RAD51AP1	0	1	0	0	0	0	0	0	0	0	0
POLD3	BRCA2	0	1	0	0	0	0	0	0	0	0	0
POLD3	FANCD2	0	1	0	0	0	0	0	0	1	0	0
POLD3	RAD51	0	1	0	0	0	0	0	0	0	0	0
POLD3	TPR	0	0	0	0	0	0	0	0	1	0	0
RFC2	RMI2	0	0	0	0	0	1	0	0	0	0	0
RFC2	PARPBP	0	0	0	1	0	0	0	0	0	0	0
RFC2	CENPW	0	1	0	0	1	0	0	0	0	0	0
RFC2	DNA2	0	0	0	0	0	1	0	0	0	0	0
RFC2	CIP2A	0	0	0	0	1	0	0	0	0	0	0
RFC2	C1orf112	0	0	0	1	1	0	0	0	0	0	0
RFC2	STMN1	0	1	0	0	1	0	0	0	0	0	1
RFC2	NCAPD3	0	0	0	1	1	0	0	0	0	0	0
RFC2	ESCO2	0	1	0	0	1	0	0	0	0	0	0
RFC2	XRCC2	0	0	1	0	1	0	0	0	0	0	0
RFC2	PARN	0	0	0	0	0	0	0	0	1	0	0
RFC2	TOP3A	0	0	0	0	0	1	0	1	1	0	0
RFC2	UBE2T	0	1	1	0	1	0	0	0	0	0	0
RFC2	RFWD3	0	1	0	1	1	0	0	0	0	0	1
RFC2	RMI1	0	1	0	0	0	1	0	0	0	0	0
RFC2	SLX4	0	0	1	0	0	0	0	0	0	0	0
RFC2	NSD2	0	0	1	1	1	0	0	0	0	0	0
RFC2	DCLRE1B	0	1	0	0	1	0	0	0	1	0	0
RFC2	FANCM	0	0	1	1	0	0	0	0	0	0	0
RFC2	NUDT1	0	0	0	0	1	0	0	1	0	0	1
RFC2	CENPO	0	0	0	1	1	0	0	0	0	0	1
RFC2	FANCB	0	0	1	0	0	0	0	0	0	0	0
RFC2	RBBP8	0	0	0	0	1	1	0	0	0	0	0
RFC2	ERCC4	0	0	1	0	0	0	0	0	0	0	0
RFC2	FANCI	0	0	1	0	1	0	0	0	0	0	1
RFC2	ZWILCH	0	1	0	0	1	0	0	1	0	0	1
RFC2	PALB2	0	0	1	0	0	0	0	0	0	0	1
RFC2	LIG1	0	0	0	1	0	1	0	0	0	0	0
RFC2	MSH2	0	1	0	1	1	0	0	0	1	0	0
RFC2	MRE11	0	0	0	0	0	1	0	0	0	0	0
RFC2	GINS4	0	0	0	0	1	0	0	0	0	0	0
RFC2	RAD51C	0	0	1	0	0	0	0	0	0	1	0
RFC2	FANCL	0	0	1	0	0	0	0	0	0	0	0
RFC2	MCM8	0	0	0	1	0	0	0	0	0	0	0
RFC2	RFC4	1	0	0	0	0	1	0	0	0	0	0
RFC2	RBL1	0	0	0	1	1	0	0	0	1	0	0
RFC2	POLA2	0	1	0	0	1	0	0	0	1	0	0
RFC2	ACD	0	0	0	1	0	0	0	0	0	0	0
RFC2	RAB22A	0	0	0	0	0	0	0	0	0	0	1
RFC2	MAD2L2	0	0	1	0	0	1	0	0	0	0	0
RFC2	GMNN	0	0	0	1	1	0	0	0	0	0	0
RFC2	BRIP1	0	0	1	1	1	1	0	0	0	0	0
RFC2	BRCA1	1	0	0	1	1	1	0	0	0	0	0
RFC2	RFC3	1	1	0	1	1	1	0	1	1	0	0
RFC2	TINF2	0	0	0	0	0	0	0	0	0	1	1
RFC2	EXO1	0	1	0	0	1	1	0	0	0	0	0
RFC2	RAD50	0	0	0	0	0	1	0	0	0	0	0
RFC2	SRP72	0	0	0	0	0	0	0	0	0	1	0
RFC2	RFC5	1	1	0	1	1	1	0	1	0	0	0
RFC2	MCM5	0	1	0	1	1	0	0	0	1	0	0
RFC2	BUB1B	0	0	1	0	0	0	0	0	0	0	0
RFC2	BARD1	1	0	0	1	0	1	0	0	0	0	0
RFC2	FANCF	0	0	1	0	0	0	0	0	0	0	0
RFC2	FANCG	0	1	1	0	0	0	0	0	1	0	0
RFC2	FANCE	0	1	1	0	0	0	0	0	1	0	0
RFC2	MDC1	1	0	0	1	0	0	0	0	0	0	0
RFC2	VRK1	0	1	0	1	1	0	0	0	0	0	0
RFC2	TOPBP1	0	0	0	1	0	1	0	0	0	0	0
RFC2	TP53BP1	1	0	0	0	0	0	0	0	0	0	0
RFC2	CHEK1	0	1	0	1	1	1	0	0	1	0	0
RFC2	FANCA	0	0	1	0	1	0	0	0	0	0	0
RFC2	FANCC	0	0	1	0	0	0	0	0	0	0	0
RFC2	RPA3	1	1	0	1	1	1	0	0	0	0	0
RFC2	RPA2	1	0	0	0	0	1	0	0	1	0	0
RFC2	ATM	0	0	0	0	0	1	0	0	0	0	0
RFC2	BLM	0	0	0	1	1	1	0	0	0	0	0
RFC2	RAD51AP1	0	0	0	0	1	0	0	0	0	0	0
RFC2	BRCA2	0	0	1	0	1	0	0	0	0	0	0
RFC2	FANCD2	0	0	1	0	1	0	0	0	0	0	0
RFC2	RAD51	0	1	1	0	1	0	0	0	0	0	0
RFC2	POLD3	0	0	0	0	0	1	0	0	0	0	0
FEN1	RMI2	0	0	0	0	0	0	0	0	1	0	0
FEN1	PARPBP	0	0	0	1	0	0	0	1	1	0	0
FEN1	CENPW	0	1	0	0	1	0	0	1	0	0	1
FEN1	DNA2	1	1	0	0	0	1	0	0	0	0	0
FEN1	WRAP53	0	0	0	0	0	0	0	0	1	0	0
FEN1	C1orf112	0	1	0	1	1	0	0	0	1	0	0
FEN1	MOV10	1	0	0	0	0	0	0	0	0	0	0
FEN1	STMN1	0	0	0	0	0	0	0	0	1	0	0
FEN1	NCAPD3	0	0	0	1	1	0	0	1	0	0	0
FEN1	ESCO2	0	1	0	0	1	0	0	0	1	0	0
FEN1	XRCC2	0	1	0	1	1	0	0	0	1	0	0
FEN1	TOP3A	0	0	0	0	0	0	0	0	1	0	0
FEN1	RFWD3	0	0	0	1	1	0	0	0	1	0	0
FEN1	RMI1	0	1	0	1	0	0	0	0	1	0	0
FEN1	NSD2	0	0	0	1	0	0	0	0	1	0	0
FEN1	DCLRE1B	0	1	0	0	1	0	0	0	0	0	0
FEN1	FANCM	0	0	0	1	0	0	0	0	0	0	0
FEN1	NUDT1	0	0	0	0	1	0	0	0	0	0	0
FEN1	CENPO	0	1	0	1	1	0	0	0	1	0	0
FEN1	FANCB	0	0	0	1	0	0	0	0	0	0	0
FEN1	RBBP8	0	0	0	0	1	0	0	0	0	0	0
FEN1	ZWILCH	0	1	0	0	1	0	0	1	0	0	1
FEN1	LIG1	1	0	0	1	0	1	0	0	0	0	0
FEN1	DNMT1	0	1	0	1	1	0	0	0	1	0	0
FEN1	MSH2	1	1	0	1	1	0	0	0	0	0	0
FEN1	MRE11	1	0	0	0	0	0	0	0	0	0	0
FEN1	GINS4	0	1	0	0	1	0	0	0	1	0	0
FEN1	DKC1	0	0	0	0	1	0	0	0	0	0	0
FEN1	RAD51C	0	1	0	0	0	0	0	0	0	0	0
FEN1	TERF1	1	0	0	0	0	0	0	0	0	0	0
FEN1	MCM8	0	0	0	1	0	0	0	0	1	0	0
FEN1	RFC4	0	1	0	1	0	1	0	0	0	0	0
FEN1	RBL1	0	1	0	1	1	0	0	0	0	0	0
FEN1	POLA2	0	1	0	0	1	1	0	0	0	0	0
FEN1	ACD	0	0	0	1	0	0	0	0	0	0	0
FEN1	XRCC3	0	1	0	0	0	0	0	0	0	0	0
FEN1	GMNN	0	0	0	1	1	0	0	0	0	0	0
FEN1	BRIP1	0	0	0	1	1	0	0	0	0	0	0
FEN1	BRCA1	0	1	0	1	1	0	0	0	1	0	0
FEN1	RFC3	0	0	0	0	0	1	0	0	0	0	0
FEN1	RFC5	0	0	0	1	1	1	0	0	0	0	0
FEN1	BUB1B	0	0	0	0	1	0	0	0	1	0	1
FEN1	BARD1	0	0	0	1	0	0	0	0	0	0	0
FEN1	FANCG	0	1	0	0	0	0	0	0	0	0	0
FEN1	FANCE	0	1	0	0	0	0	0	0	0	0	0
FEN1	MDC1	0	0	0	1	0	0	0	0	0	0	0
FEN1	VRK1	1	0	0	0	0	0	0	0	0	0	0
FEN1	TOPBP1	0	0	0	1	0	0	0	0	0	0	0
FEN1	FANCA	0	1	0	1	1	0	0	0	1	0	1
FEN1	RPA3	0	0	0	1	1	1	0	0	0	0	0
FEN1	RPA2	0	0	0	0	0	1	0	0	0	0	0
FEN1	BLM	1	0	0	1	1	0	0	0	1	0	0
FEN1	RAD51AP1	0	0	0	0	1	0	0	1	1	0	0
FEN1	BRCA2	0	0	0	0	1	0	0	0	1	0	0
FEN1	FANCD2	0	0	0	0	1	0	0	0	1	0	0
FEN1	POLD3	0	1	0	1	0	1	0	0	0	0	0
FEN1	RFC2	0	1	0	1	1	1	0	0	0	0	1
RPA1	H2AZ1	0	0	0	1	0	0	0	0	0	0	0
RPA1	RMI2	0	0	0	0	0	1	0	0	0	0	0
RPA1	PARPBP	0	0	0	1	0	0	0	0	0	0	0
RPA1	RTEL1	1	0	0	0	0	0	0	0	0	0	0
RPA1	DNA2	1	0	0	1	0	1	0	0	0	0	0
RPA1	CIP2A	0	0	0	1	0	0	0	0	0	0	0
RPA1	C1orf112	0	0	0	1	0	0	0	0	0	0	0
RPA1	MOV10	1	0	0	0	0	0	0	0	0	0	0
RPA1	NCAPD3	0	0	0	1	1	0	0	0	0	0	0
RPA1	NHP2	0	0	0	0	0	0	0	0	1	0	0
RPA1	TOP3A	1	0	0	0	0	1	0	0	0	0	0
RPA1	RFWD3	1	0	0	1	1	0	0	0	0	0	0
RPA1	RMI1	1	0	0	0	0	1	0	0	0	0	0
RPA1	SLX4	1	0	0	0	0	0	0	0	0	0	0
RPA1	DCLRE1B	0	0	0	0	1	0	0	0	0	0	0
RPA1	FANCM	1	0	0	1	0	0	0	0	0	0	0
RPA1	CENPO	0	0	0	1	0	0	0	0	0	0	0
RPA1	RBBP8	0	0	0	0	0	1	0	0	0	0	0
RPA1	ERCC4	0	0	0	0	0	1	0	0	0	0	0
RPA1	RNF168	0	0	0	0	0	1	0	0	0	0	0
RPA1	FANCI	0	0	0	1	0	0	0	0	0	0	0
RPA1	LIG1	0	0	0	0	0	1	0	0	0	0	0
RPA1	DNMT1	0	0	0	1	1	0	0	0	0	0	0
RPA1	MSH2	1	0	0	1	1	1	0	0	0	0	0
RPA1	MRE11	1	0	0	1	0	1	0	0	0	0	0
RPA1	GINS4	1	0	0	0	0	0	0	0	0	0	0
RPA1	ERCC1	1	0	0	0	0	1	0	0	0	0	0
RPA1	RAD51C	0	0	0	0	0	1	0	0	0	0	0
RPA1	FANCL	0	0	0	1	0	0	0	0	0	0	0
RPA1	MCM8	0	0	0	1	0	0	0	0	0	0	0
RPA1	RFC4	1	0	0	1	0	1	0	0	0	0	0
RPA1	RBL1	0	0	0	1	0	0	0	0	0	0	0
RPA1	POLA2	0	0	0	0	1	1	0	0	0	0	0
RPA1	ACD	0	0	0	1	0	0	0	0	0	0	0
RPA1	RAB22A	0	0	0	0	0	0	0	0	1	0	0
RPA1	MAD2L2	0	0	0	0	0	1	0	0	0	0	0
RPA1	GMNN	0	0	0	1	0	0	0	0	0	0	0
RPA1	BRIP1	1	0	0	0	0	1	0	0	0	0	0
RPA1	BRCA1	1	0	0	1	0	1	0	0	0	0	0
RPA1	RFC3	1	0	0	1	0	1	0	0	0	0	0
RPA1	MCM3	1	0	0	0	0	0	0	0	0	0	0
RPA1	MCM6	1	0	0	1	1	0	0	0	0	0	0
RPA1	EXO1	0	0	0	0	0	1	0	0	0	0	0
RPA1	RAD50	1	0	0	0	0	1	0	0	0	0	0
RPA1	H2AFX	0	0	0	0	0	1	0	0	0	0	0
RPA1	RFC5	1	0	0	1	1	1	0	0	0	0	0
RPA1	MCM5	0	0	0	1	1	0	0	0	0	0	0
RPA1	BARD1	0	0	0	1	0	1	0	0	0	0	0
RPA1	FANCG	1	0	0	1	0	0	0	0	0	0	0
RPA1	MDC1	1	0	0	1	0	1	0	0	0	0	0
RPA1	VRK1	0	0	0	1	0	0	0	0	0	0	0
RPA1	CENPJ	0	0	0	1	0	0	0	0	0	0	0
RPA1	TOPBP1	1	0	0	1	1	1	0	0	0	0	1
RPA1	TP53BP1	1	0	0	0	0	1	0	0	0	0	0
RPA1	CHEK1	0	0	0	1	0	1	0	0	0	0	0
RPA1	FANCA	1	0	0	0	0	0	0	0	0	0	0
RPA1	FANCC	0	0	0	1	0	0	0	0	0	0	0
RPA1	RPA3	1	0	0	1	1	1	1	0	0	0	0
RPA1	RPA2	1	0	0	0	1	1	0	0	0	0	0
RPA1	ATM	1	0	0	0	0	1	0	0	0	0	0
RPA1	BLM	1	0	0	1	0	1	0	0	0	0	0
RPA1	BRCA2	1	0	0	0	0	1	0	0	0	0	0
RPA1	FANCD2	1	0	0	0	0	0	0	0	0	0	0
RPA1	RAD51	1	0	0	0	0	1	0	0	0	0	0
RPA1	POLD3	0	0	0	1	0	1	0	0	0	0	0
RPA1	RFC2	1	0	0	1	1	1	0	0	0	0	0
RPA1	FEN1	0	0	0	1	1	1	0	0	0	0	0
TP53	TBC1D31	0	0	0	0	0	0	0	1	0	0	0
TP53	CIP2A	0	0	0	0	0	0	0	1	0	0	0
TP53	WRAP53	0	0	0	0	0	0	0	1	0	0	0
TP53	MOV10	1	0	0	0	0	1	0	0	0	0	0
TP53	STMN1	0	1	0	0	0	0	0	0	0	0	1
TP53	NCAPD3	0	0	0	0	0	0	0	1	0	0	0
TP53	TOP3A	1	0	0	0	0	0	0	0	0	0	0
TP53	RFWD3	1	0	0	0	0	0	0	0	0	0	0
TP53	DCLRE1B	0	0	0	0	0	0	0	0	0	0	1
TP53	NUDT1	0	0	0	0	0	0	0	0	0	0	1
TP53	CENPO	0	0	0	0	0	0	0	0	0	0	1
TP53	ERCC4	0	0	0	0	0	0	0	0	0	1	0
TP53	RNF168	0	0	0	0	0	1	0	0	0	0	0
TP53	ZWILCH	0	0	0	0	0	0	0	1	0	0	1
TP53	PALB2	0	0	0	0	0	0	0	0	0	0	1
TP53	DNMT1	1	0	0	0	0	0	0	0	0	0	1
TP53	MSH2	1	0	1	0	1	0	0	1	0	0	1
TP53	MRE11	0	0	0	0	0	1	0	0	0	0	0
TP53	RPS14	1	0	0	0	0	0	0	0	0	0	0
TP53	MCM8	0	0	0	0	0	0	0	0	0	1	0
TP53	RFC4	1	0	0	0	0	0	0	0	0	0	0
TP53	RBL1	0	0	0	0	1	0	0	0	0	0	1
TP53	BRCA1	1	0	0	0	0	1	0	0	0	0	0
TP53	RFC3	1	0	0	0	0	0	0	0	0	0	1
TP53	MCM6	0	0	0	0	0	0	0	1	0	0	1
TP53	RAD50	0	0	0	0	0	1	0	0	0	0	0
TP53	H2AFX	1	0	0	0	0	1	0	0	0	0	0
TP53	RFC5	0	0	0	0	0	0	0	1	0	0	0
TP53	MCM5	0	0	0	0	1	0	0	1	0	0	1
TP53	BARD1	1	0	0	0	0	1	0	0	0	0	0
TP53	FANCF	0	0	0	0	0	0	0	0	0	1	0
TP53	FANCG	0	0	0	0	0	0	0	1	0	0	0
TP53	FANCE	0	1	0	0	0	0	0	0	0	0	0
TP53	MDC1	1	0	0	0	0	1	0	0	0	0	0
TP53	VRK1	1	0	0	0	0	0	0	1	0	0	0
TP53	TOPBP1	0	0	0	0	0	0	0	1	0	0	0
TP53	TP53BP1	1	0	0	0	0	1	1	0	0	0	0
TP53	CHEK1	1	0	0	0	0	1	0	0	0	0	0
TP53	RPA3	0	0	0	0	0	0	0	1	0	0	0
TP53	RPA2	1	0	0	0	0	0	0	0	0	0	0
TP53	ATM	1	0	0	0	0	1	0	0	0	0	0
TP53	BLM	1	0	0	0	0	0	0	1	0	0	0
TP53	BRCA2	1	0	0	0	0	0	0	0	0	0	0
TP53	RAD51	1	0	0	0	0	0	0	0	0	0	0
TP53	RFC2	0	1	0	0	0	0	0	0	0	0	1
TP53	FEN1	0	0	0	0	0	0	0	1	0	0	0
TP53	RPA1	1	0	0	0	1	0	0	0	0	0	0
RUVBL1	H2AZ1	0	1	0	0	1	0	0	0	0	0	0
RUVBL1	TBC1D31	0	0	0	0	0	0	0	0	1	0	0
RUVBL1	TERC	1	0	0	0	0	0	0	0	0	0	0
RUVBL1	RMI2	0	0	0	0	0	0	0	0	1	0	0
RUVBL1	PARPBP	0	0	0	0	0	0	0	0	1	0	0
RUVBL1	CENPW	0	1	0	0	0	0	0	0	0	0	0
RUVBL1	NOP10	0	0	0	0	0	0	0	0	0	0	1
RUVBL1	DNA2	0	0	0	0	0	0	0	0	1	0	0
RUVBL1	WRAP53	0	0	0	1	1	0	0	0	1	0	0
RUVBL1	C1orf112	0	0	0	0	1	0	0	0	1	0	0
RUVBL1	NCAPD3	0	0	0	0	1	0	0	0	0	0	0
RUVBL1	ESCO2	0	1	0	0	0	0	0	0	0	0	0
RUVBL1	PARN	0	1	0	0	0	0	0	0	0	0	0
RUVBL1	TOP3A	0	0	0	0	0	0	0	0	1	0	0
RUVBL1	UBE2T	0	1	0	0	1	0	0	0	0	0	0
RUVBL1	RFWD3	0	0	0	0	0	0	0	0	1	0	0
RUVBL1	RMI1	0	0	0	0	0	0	0	0	1	0	0
RUVBL1	NSD2	0	0	0	0	0	0	0	0	1	0	0
RUVBL1	DCLRE1B	0	1	0	0	0	0	0	1	0	0	1
RUVBL1	NUDT1	0	0	0	0	1	0	0	0	0	0	1
RUVBL1	CENPO	0	1	0	0	0	0	0	0	1	0	1
RUVBL1	RBBP8	0	0	0	1	0	0	0	0	0	0	0
RUVBL1	FANCI	0	0	0	0	0	0	0	0	1	0	0
RUVBL1	ZWILCH	0	1	0	0	1	0	0	0	0	0	0
RUVBL1	MSH2	0	1	0	0	0	0	0	0	1	0	0
RUVBL1	DKC1	1	0	0	0	0	0	0	0	0	0	0
RUVBL1	RAD51C	0	0	0	1	1	0	0	0	0	1	0
RUVBL1	TERF1	0	0	0	0	0	0	0	0	0	1	0
RUVBL1	MCM8	0	0	0	0	0	0	0	0	1	0	0
RUVBL1	RFC4	0	1	0	0	1	0	0	1	1	0	0
RUVBL1	RBL1	0	1	0	0	0	0	0	0	0	0	0
RUVBL1	POLA2	0	1	0	0	1	0	0	0	1	0	0
RUVBL1	MAD2L2	0	0	0	1	0	0	0	0	0	0	0
RUVBL1	BRCA1	1	0	0	0	0	0	0	0	1	0	0
RUVBL1	RFC3	0	1	0	0	0	0	0	0	0	0	0
RUVBL1	MCM6	0	1	0	0	1	0	0	0	0	0	1
RUVBL1	EXO1	0	1	0	0	0	0	0	0	0	0	0
RUVBL1	H2AFX	1	0	0	0	0	1	0	0	0	0	0
RUVBL1	SRP72	0	0	0	1	0	0	0	1	0	1	0
RUVBL1	RFC5	0	0	0	0	1	0	0	0	0	0	0
RUVBL1	MCM5	0	1	0	0	1	0	0	0	0	0	0
RUVBL1	FANCG	0	1	0	0	0	0	0	0	0	0	0
RUVBL1	FANCE	0	1	0	0	0	0	0	0	1	0	1
RUVBL1	MDC1	0	0	0	0	0	0	0	0	1	0	0
RUVBL1	VRK1	0	1	0	0	1	0	0	0	1	0	0
RUVBL1	TP53BP1	0	0	0	0	0	0	0	0	0	1	0
RUVBL1	CHEK1	0	1	0	0	1	0	0	0	1	0	0
RUVBL1	RPA3	0	0	0	0	1	0	0	0	0	0	0
RUVBL1	RPA2	0	0	0	0	0	0	0	0	1	0	0
RUVBL1	ATM	1	0	0	0	0	0	0	0	0	0	0
RUVBL1	BLM	0	0	0	0	0	0	0	0	1	0	0
RUVBL1	FANCD2	0	0	0	0	0	0	0	0	1	0	0
RUVBL1	RAD51	0	1	0	0	0	0	0	0	0	0	0
RUVBL1	TERT	1	0	0	0	0	1	0	0	0	0	0
RUVBL1	POLD3	0	1	0	0	1	0	0	0	1	0	0
RUVBL1	FEN1	0	1	0	0	1	0	0	0	1	0	0
DUT	H2AZ1	0	1	0	1	0	0	0	0	0	0	0
DUT	TBC1D31	0	0	0	0	1	0	0	0	0	0	0
DUT	RMI2	0	0	0	1	0	0	0	0	0	0	0
DUT	PARPBP	0	0	0	1	0	0	0	0	0	0	0
DUT	CENPW	0	1	0	1	0	0	0	0	0	0	0
DUT	DNA2	0	1	0	1	1	0	0	0	0	0	0
DUT	CIP2A	0	0	0	1	0	0	0	0	0	0	0
DUT	C1orf112	0	0	0	1	0	0	0	1	0	0	0
DUT	STMN1	1	1	0	1	0	0	0	0	0	0	0
DUT	ESCO2	0	1	0	0	0	0	0	0	0	0	0
DUT	XRCC2	0	0	0	1	0	0	0	0	0	0	0
DUT	TOP3A	0	0	0	0	1	0	0	0	0	0	0
DUT	UBE2T	0	1	0	1	0	0	0	0	0	0	0
DUT	RMI1	0	1	0	0	0	0	0	0	0	0	0
DUT	NSD2	0	0	0	0	1	0	0	0	0	0	0
DUT	FANCM	0	0	0	0	0	0	0	1	0	0	0
DUT	NUDT1	0	1	0	1	1	0	0	0	0	0	0
DUT	CENPO	0	0	0	1	1	0	0	0	0	0	0
DUT	FANCI	0	0	0	1	0	0	0	0	0	0	0
DUT	ZWILCH	0	1	0	1	0	0	0	0	0	0	0
DUT	MSH2	0	1	0	0	0	0	0	0	0	0	0
DUT	MRE11	0	0	0	0	1	0	0	0	0	0	0
DUT	ERCC1	0	0	0	0	0	0	0	0	1	0	0
DUT	RAD51C	0	1	0	0	0	0	0	0	0	0	0
DUT	MCM8	0	0	0	1	1	0	0	0	0	0	0
DUT	RFC4	0	1	0	1	1	0	0	1	0	0	0
DUT	RBL1	0	0	0	1	1	0	0	1	0	0	0
DUT	POLA2	0	1	0	1	1	0	0	0	0	0	0
DUT	XRCC3	0	1	0	0	0	0	0	0	0	0	0
DUT	GMNN	0	1	0	1	1	0	0	0	0	0	0
DUT	RFC3	0	1	0	1	0	0	0	0	0	0	0
DUT	MCM3	0	1	0	1	0	0	0	0	0	0	0
DUT	MCM6	0	1	0	1	0	0	0	0	0	0	0
DUT	TINF2	0	0	0	0	0	0	0	0	1	0	0
DUT	POT1	0	0	0	0	1	0	0	1	0	0	0
DUT	EXO1	0	1	0	1	0	0	0	0	0	0	0
DUT	RFC5	0	0	0	1	0	0	0	0	0	0	0
DUT	RAD51D	0	0	0	0	1	0	0	0	0	0	0
DUT	MCM5	0	1	0	1	0	0	0	0	0	0	0
DUT	BARD1	0	0	0	1	0	0	0	0	0	0	0
DUT	FANCG	0	1	0	1	1	0	0	0	0	0	0
DUT	VRK1	0	0	0	1	0	0	0	0	0	0	0
DUT	CENPJ	0	0	0	1	1	0	0	0	0	0	0
DUT	TOPBP1	0	0	0	1	0	0	0	0	0	0	0
DUT	CHEK1	0	1	0	1	0	0	0	0	0	0	0
DUT	FANCC	0	0	0	0	1	0	0	0	0	0	0
DUT	RPA2	0	0	0	0	0	0	0	1	0	0	0
DUT	BLM	0	0	0	1	0	0	0	0	0	0	0
DUT	RAD51AP1	0	0	0	1	0	0	0	0	0	0	0
DUT	FANCD2	0	0	0	1	0	0	0	0	0	0	0
DUT	RAD51	0	1	0	1	0	0	0	0	0	0	0
DUT	POLD3	0	0	0	0	1	0	0	0	0	0	0
DUT	RFC2	0	1	0	0	0	0	0	0	0	0	0
DUT	FEN1	0	1	0	0	0	0	0	0	0	0	0
DUT	RPA1	0	0	0	1	0	0	0	0	0	0	0
DUT	RUVBL1	0	1	0	0	0	0	0	1	0	0	0
PCNA	TBC1D31	0	0	0	0	0	0	0	0	1	0	0
PCNA	RMI2	0	0	0	0	0	0	0	1	0	0	0
PCNA	PARPBP	1	0	0	1	0	0	0	1	1	0	0
PCNA	CENPW	0	1	0	0	1	0	0	1	0	0	0
PCNA	NOP10	0	0	0	0	0	0	0	0	0	0	1
PCNA	DNA2	0	1	0	1	0	1	0	0	0	0	0
PCNA	CIP2A	0	1	0	0	1	0	0	0	1	0	0
PCNA	WRAP53	0	0	0	0	0	0	0	0	1	0	0
PCNA	C1orf112	0	0	0	1	1	0	0	0	1	0	0
PCNA	ESCO2	0	1	0	0	1	0	0	0	0	0	0
PCNA	XRCC2	0	1	0	0	1	0	0	0	0	0	0
PCNA	NHP2	0	0	0	0	0	0	0	0	0	0	1
PCNA	RFWD3	0	0	0	1	1	0	0	0	0	0	0
PCNA	RMI1	0	1	0	0	1	0	0	0	1	0	0
PCNA	SLX4	1	0	0	0	0	0	0	0	0	0	0
PCNA	NSD2	1	0	0	0	1	0	0	0	1	0	0
PCNA	FANCM	1	0	0	1	1	0	0	0	0	0	0
PCNA	NUDT1	0	0	0	1	1	0	0	0	0	0	1
PCNA	RBBP8	1	0	0	0	1	0	0	0	0	0	0
PCNA	PALB2	1	0	0	0	0	0	0	0	0	0	1
PCNA	LIG1	1	0	0	1	1	1	0	0	0	0	0
PCNA	DNMT1	1	0	0	1	1	0	0	0	1	0	0
PCNA	MSH2	1	0	0	0	0	1	0	0	0	0	0
PCNA	MRE11	0	0	1	0	0	0	0	0	0	0	0
PCNA	GINS4	0	1	0	0	1	0	0	0	0	0	0
PCNA	DKC1	0	0	0	0	1	0	0	0	0	0	0
PCNA	RAD51C	0	1	0	0	0	0	0	0	1	0	0
PCNA	FANCL	1	0	0	0	0	0	0	0	0	0	0
PCNA	MCM8	0	0	0	1	1	0	0	0	0	0	0
PCNA	RFC4	1	0	0	0	0	1	0	0	0	0	0
PCNA	RBL1	0	1	0	1	1	0	0	0	0	0	1
PCNA	POLA2	0	1	0	0	1	1	0	0	0	0	0
PCNA	ACD	0	0	0	1	0	0	0	0	0	0	0
PCNA	XRCC3	0	1	0	0	0	0	0	0	0	0	0
PCNA	MAD2L2	0	0	0	0	0	1	0	0	0	0	0
PCNA	BRIP1	0	1	0	0	1	0	0	1	0	0	0
PCNA	BRCA1	1	0	0	1	1	0	0	0	0	0	1
PCNA	RFC3	1	0	0	0	0	1	0	0	0	0	0
PCNA	EXO1	1	1	0	0	1	0	0	1	0	0	0
PCNA	RFC5	1	0	0	0	0	1	0	0	0	0	0
PCNA	BUB1B	0	0	0	0	1	0	0	1	0	0	0
PCNA	BARD1	1	0	0	1	0	0	0	0	0	0	0
PCNA	FANCF	0	0	0	0	0	0	0	1	0	0	0
PCNA	FANCG	0	1	0	1	0	0	0	0	0	0	0
PCNA	FANCE	1	1	0	0	0	0	0	0	0	0	1
PCNA	MDC1	0	0	0	0	0	0	0	0	1	0	0
PCNA	TOPBP1	0	0	0	1	1	0	0	0	1	0	0
PCNA	CHEK1	1	0	0	0	0	0	0	0	0	0	0
PCNA	FANCA	1	0	0	0	1	0	0	1	0	0	0
PCNA	RPA3	1	0	0	0	0	1	0	0	0	0	0
PCNA	RPA2	1	0	0	0	0	1	0	0	0	0	0
PCNA	RAD51AP1	0	0	0	0	1	0	0	1	0	0	0
PCNA	BRCA2	1	0	0	0	1	0	0	0	0	0	0
PCNA	FANCD2	1	0	0	0	1	0	0	0	0	0	0
PCNA	RAD51	1	1	0	0	1	0	0	1	0	0	0
PCNA	TPR	0	0	0	0	0	0	0	0	1	0	0
PCNA	POLD3	1	1	0	1	1	1	0	0	1	0	0
PCNA	RFC2	1	1	0	1	1	1	0	0	0	0	0
PCNA	FEN1	1	0	0	0	0	1	0	0	0	0	0
PCNA	RPA1	1	0	0	1	1	1	0	0	0	0	0
PCNA	TP53	1	0	0	0	0	0	0	1	0	0	1
PCNA	DUT	0	1	0	1	0	0	0	0	0	0	0
UBASH3B	H2AZ1	0	0	0	1	0	0	0	0	0	0	0
UBASH3B	TBC1D31	0	0	0	1	0	0	0	0	0	0	0
UBASH3B	CIP2A	0	0	0	1	0	0	0	0	0	0	0
UBASH3B	USB1	0	0	0	0	0	0	0	0	0	0	1
UBASH3B	NCAPD3	0	0	0	1	0	0	0	0	0	0	0
UBASH3B	RFWD3	0	0	0	1	0	0	0	0	0	0	0
UBASH3B	RMI1	0	0	0	1	0	0	0	0	0	0	0
UBASH3B	NSD2	0	0	0	1	0	0	0	0	0	0	0
UBASH3B	CENPO	0	0	0	1	0	0	0	0	0	0	0
UBASH3B	KRT14	1	0	0	0	0	0	0	0	0	0	0
UBASH3B	BRCA1	0	0	0	1	0	0	0	0	0	0	0
UBASH3B	MCM6	0	0	0	1	0	0	0	0	0	0	0
UBASH3B	BARD1	0	0	0	1	0	0	0	0	0	0	0
UBASH3B	FANCE	0	0	0	1	0	0	0	0	0	0	0
UBASH3B	VRK1	0	0	0	1	0	0	0	0	0	0	0
UBASH3B	BLM	0	0	0	1	0	0	0	0	0	0	0
UBASH3B	FEN1	0	0	0	1	0	0	0	0	0	0	0
POLA1	H2AZ1	0	0	0	1	1	0	0	0	0	0	0
POLA1	TBC1D31	0	1	0	1	1	0	0	0	0	0	0
POLA1	PARPBP	0	0	0	1	0	0	0	0	0	0	0
POLA1	DNA2	0	1	0	1	0	0	0	0	0	0	0
POLA1	CIP2A	0	1	0	1	1	0	0	0	0	0	0
POLA1	WRAP53	0	0	0	0	0	0	0	0	0	0	1
POLA1	C1orf112	0	1	0	1	1	0	0	0	0	0	0
POLA1	MOV10	1	0	0	0	0	0	0	0	0	0	0
POLA1	STMN1	0	0	0	1	0	0	0	0	0	0	0
POLA1	STN1	1	0	0	0	0	0	0	0	0	0	0
POLA1	ESCO2	0	1	0	0	1	0	0	0	0	0	0
POLA1	XRCC2	0	1	0	1	1	0	0	0	0	0	0
POLA1	PARN	0	0	0	0	0	0	0	0	0	0	1
POLA1	NHP2	0	0	0	0	0	0	0	1	0	0	0
POLA1	UBE2T	0	0	0	1	0	0	0	0	0	0	0
POLA1	RMI1	0	1	0	1	1	0	0	0	0	0	0
POLA1	NSD2	0	1	0	1	1	0	0	0	0	0	0
POLA1	DCLRE1B	0	1	0	0	1	0	0	1	0	0	1
POLA1	FANCM	0	1	0	1	1	0	0	0	0	0	0
POLA1	CENPO	0	1	0	1	0	0	0	0	0	0	0
POLA1	FANCB	0	0	0	1	0	0	0	0	0	0	0
POLA1	RBBP8	0	0	0	0	1	0	0	0	0	0	0
POLA1	FANCI	0	1	0	1	1	0	0	0	0	0	0
POLA1	ZWILCH	0	1	0	1	1	0	0	0	0	0	0
POLA1	LIG1	1	1	0	1	0	1	0	0	0	0	0
POLA1	GINS4	1	1	0	0	1	0	0	0	0	0	0
POLA1	MCM8	0	1	0	1	1	0	0	0	0	0	0
POLA1	RFC4	0	0	0	1	1	0	0	0	0	0	0
POLA1	POLA2	1	1	0	1	1	1	0	0	0	0	0
POLA1	ACD	0	0	0	1	0	0	0	0	0	0	0
POLA1	GMNN	0	0	0	1	1	0	0	0	0	0	0
POLA1	BRIP1	0	1	0	1	0	0	0	0	0	0	0
POLA1	BRCA1	0	1	0	1	1	0	0	0	0	0	0
POLA1	RFC3	0	1	0	1	1	0	0	0	0	0	0
POLA1	MCM3	1	0	0	0	0	0	0	0	0	0	0
POLA1	EXO1	0	1	0	1	0	0	0	0	0	0	0
POLA1	RAD50	0	0	0	0	0	0	0	0	0	0	1
POLA1	RAD51D	0	1	0	0	0	0	0	0	0	0	0
POLA1	MCM5	0	1	0	1	1	0	0	0	0	0	1
POLA1	BARD1	0	0	0	1	0	0	0	0	0	0	0
POLA1	FANCG	0	1	0	1	0	0	0	0	0	0	0
POLA1	MDC1	0	0	0	1	0	0	0	0	0	0	0
POLA1	CENPJ	0	0	0	1	1	0	0	0	0	0	1
POLA1	CHEK1	1	1	0	1	1	0	0	0	0	0	0
POLA1	FANCA	0	1	0	1	0	0	0	0	0	0	0
POLA1	FANCC	0	1	0	1	0	0	0	0	0	0	0
POLA1	RPA3	1	0	0	1	1	1	0	0	0	0	0
POLA1	RPA2	1	0	0	0	1	1	0	0	0	0	0
POLA1	BLM	0	0	0	1	1	0	0	0	0	0	0
POLA1	BRCA2	0	1	0	0	1	0	0	0	0	0	0
POLA1	FANCD2	0	0	0	1	1	0	0	0	0	0	0
POLA1	RAD51	0	1	0	0	0	0	0	0	0	0	0
POLA1	POLD3	1	0	0	0	0	1	0	0	0	0	0
POLA1	RFC2	0	0	0	1	1	0	0	0	0	0	0
POLA1	FEN1	0	1	0	1	1	1	0	0	0	0	0
POLA1	RPA1	1	0	0	0	0	1	0	0	0	0	0
POLA1	TP53	1	0	0	0	0	0	0	0	0	0	1
POLA1	RUVBL1	0	1	0	0	1	0	0	1	0	0	0
POLA1	DUT	0	0	0	1	0	0	0	0	0	0	0
POLA1	PCNA	1	0	0	0	0	1	0	0	0	0	0
POLA1	UBASH3B	0	0	0	1	0	0	0	0	0	0	0
CTBP1	WRAP53	0	0	0	0	0	0	0	1	0	0	0
CTBP1	MOV10	0	0	0	0	1	0	0	0	0	0	1
CTBP1	ESCO2	0	0	1	0	0	0	0	0	0	0	0
CTBP1	XRCC2	0	0	1	0	0	0	0	0	0	0	0
CTBP1	UBE2T	0	0	1	0	0	0	0	0	0	0	0
CTBP1	SLX4	0	0	1	0	0	0	0	0	0	0	0
CTBP1	MECOM	1	0	0	0	0	0	0	0	0	0	0
CTBP1	NSD2	0	0	1	0	0	0	0	0	0	1	0
CTBP1	FANCM	0	0	1	0	0	0	0	0	0	0	0
CTBP1	FANCB	0	0	1	0	0	0	0	0	0	0	0
CTBP1	RBBP8	1	0	0	0	0	0	0	0	0	0	0
CTBP1	ERCC4	0	0	1	0	0	0	0	0	0	0	0
CTBP1	FANCI	0	0	1	0	0	0	0	0	0	0	0
CTBP1	PALB2	0	0	1	1	0	0	0	0	0	0	0
CTBP1	DNMT1	1	0	0	0	0	0	0	0	0	0	0
CTBP1	RAD51C	0	0	1	0	0	0	0	0	0	0	0
CTBP1	FANCL	1	0	1	0	0	0	0	0	0	0	0
CTBP1	RBL1	1	0	0	0	0	0	0	0	0	0	0
CTBP1	RAB22A	0	0	0	1	0	0	0	0	0	0	0
CTBP1	XRCC3	0	0	0	0	1	0	0	0	1	0	0
CTBP1	MAD2L2	0	0	1	0	0	0	0	0	0	0	0
CTBP1	TERF2IP	1	0	0	0	0	0	0	0	0	0	0
CTBP1	BRIP1	0	0	1	0	0	0	0	0	0	0	0
CTBP1	BRCA1	1	0	0	0	0	0	0	0	0	0	0
CTBP1	RAD51D	0	0	0	0	0	0	0	1	0	0	1
CTBP1	BUB1B	0	0	1	0	0	0	0	0	0	0	0
CTBP1	FANCF	1	0	1	0	0	0	0	0	0	0	0
CTBP1	FANCG	1	0	0	0	0	0	0	0	0	0	1
CTBP1	FANCE	1	0	0	0	0	0	0	0	0	0	0
CTBP1	FANCA	1	0	0	0	0	0	0	0	0	0	0
CTBP1	FANCC	1	0	0	0	1	0	0	0	0	0	1
CTBP1	RPA2	0	0	0	0	0	0	0	1	0	0	0
CTBP1	BRCA2	0	0	1	0	0	0	0	0	0	0	0
CTBP1	FANCD2	1	0	0	0	0	0	0	0	0	0	0
CTBP1	RAD51	0	0	1	0	0	0	0	0	0	0	0
CTBP1	RFC2	0	0	1	0	0	0	0	0	0	0	0
CTBP1	TP53	1	0	0	0	0	0	0	0	0	0	0
CTBP1	DUT	1	0	0	0	0	0	0	0	0	0	0
SH2B3	NCAPD3	0	0	0	1	0	0	0	0	0	0	0
SH2B3	RFWD3	0	0	0	1	0	0	0	0	0	0	0
SH2B3	RMI1	0	0	0	1	0	0	0	0	0	0	0
SH2B3	RNF168	0	0	0	0	0	0	0	1	0	0	0
SH2B3	DNMT1	0	0	0	1	0	0	0	1	0	0	0
SH2B3	MRE11	0	0	0	0	0	0	0	1	0	0	0
SH2B3	DKC1	0	0	0	0	0	0	0	1	0	0	0
SH2B3	RBL1	0	0	0	0	0	0	0	1	0	0	0
SH2B3	MAD2L2	0	0	0	0	0	0	0	1	0	0	0
SH2B3	MCM6	0	0	0	0	0	0	0	0	0	0	1
SH2B3	FANCE	0	0	0	1	0	0	0	0	0	0	0
SH2B3	MDC1	0	0	0	0	0	0	0	1	0	0	0
SH2B3	ATM	0	0	0	0	0	0	0	1	0	0	0
SH2B3	RFC2	0	0	0	1	0	0	0	0	0	0	0
SH2B3	FEN1	0	0	0	1	0	0	0	0	0	0	0
SH2B3	TP53	0	0	1	0	0	0	0	0	0	0	0
SH2B3	UBASH3B	0	0	0	1	0	0	0	0	0	0	0
