Node	Cluster	Color	Origin
Baumbach J	1	#8DD3C7	Author
Blumenthal DB	1	#8DD3C7	Author
Loscalzo J	1	#8DD3C7	Author
Adamowicz K	1	#8DD3C7	Author
Hartung M	1	#8DD3C7	Author
Kacprowski T	1	#8DD3C7	Author
Lazareva O	1	#8DD3C7	Author
List M	1	#8DD3C7	Author
Lobentanzer S	1	#8DD3C7	Author
Anastasi E	1	#8DD3C7	Author
Baier S	1	#8DD3C7	Author
Hoffmann M	1	#8DD3C7	Author
Maier A	1	#8DD3C7	Author
Matschinske J	1	#8DD3C7	Author
Pillich RT	1	#8DD3C7	Author
Malod-Dognin N	1	#8DD3C7	Author
Oubounyt M	1	#8DD3C7	Author
Nogales C	1	#8DD3C7	Author
Poschenrieder JM	1	#8DD3C7	Author
Abovsky M	1	#8DD3C7	Author
Bader GD	1	#8DD3C7	Author
Bernett J	1	#8DD3C7	Author
Chen J	1	#8DD3C7	Author
Elkjaer ML	1	#8DD3C7	Author
Garcia-Hernandez C	1	#8DD3C7	Author
Helmy M	1	#8DD3C7	Author
Churas C	1	#8DD3C7	Author
Galindez G	1	#8DD3C7	Author
Jurisica I	1	#8DD3C7	Author
Kotlyar M	1	#8DD3C7	Author
Levi H	1	#8DD3C7	Author
Manz Q	1	#8DD3C7	Author
Guney E	1	#8DD3C7	Author
Guthrie J	1	#8DD3C7	Author
Casas AI	1	#8DD3C7	Author
Mamdouh ZM	1	#8DD3C7	Author
Mee M	1	#8DD3C7	Author
Pratt D	1	#8DD3C7	Author
Sadegh S	1	#8DD3C7	Author
Saez-Rodriguez J	1	#8DD3C7	Author
Sarkar S	1	#8DD3C7	Author
Shaked G	1	#8DD3C7	Author
Shamir R	1	#8DD3C7	Author
Trummer N	1	#8DD3C7	Author
Skelton J	1	#8DD3C7	Author
Wang R	1	#8DD3C7	Author
Turhan U	1	#8DD3C7	Author
Acharya A	1	#8DD3C7	Author
Abreu-Vicente J	1	#8DD3C7	Author
Chen CH	1	#8DD3C7	Author
Bønnelykke K	1	#8DD3C7	Author
Chilin-Fuentes D	1	#8DD3C7	Author
Cho G	1	#8DD3C7	Author
Climente-González H	1	#8DD3C7	Author
Bernardo-Faura M	1	#8DD3C7	Author
Cloward ME	1	#8DD3C7	Author
Di Pierro A	1	#8DD3C7	Author
Chervontseva Z	1	#8DD3C7	Author
Bruderer N	1	#8DD3C7	Author
Aguirre-Plans J	1	#8DD3C7	Author
Delgado-Chaves FM	1	#8DD3C7	Author
Cockell S	1	#8DD3C7	Author
Ellinghaus D	1	#8DD3C7	Author
Frey H	1	#8DD3C7	Author
Fernandez-Fuentes N	1	#8DD3C7	Author
Fritz A	1	#8DD3C7	Author
Flanagan K	1	#8DD3C7	Author
Cokelaer T	1	#8DD3C7	Author
Furth PA	1	#8DD3C7	Author
Grabert G	1	#8DD3C7	Author
Firoozbakht F	1	#8DD3C7	Author
Furlong LI	1	#8DD3C7	Author
Grossi M	1	#8DD3C7	Author
Hackl L	1	#8DD3C7	Author
Hafner L	1	#8DD3C7	Author
Harl MV	1	#8DD3C7	Author
Hennighausen L	1	#8DD3C7	Author
Hoffmann C	1	#8DD3C7	Author
Colton S	1	#8DD3C7	Author
Fisch KM	1	#8DD3C7	Author
Iapichino L	1	#8DD3C7	Author
Gobbi A	1	#8DD3C7	Author
Ester M	1	#8DD3C7	Author
Garrido-Rodriguez M	1	#8DD3C7	Author
Incudini M	1	#8DD3C7	Author
Iorio F	1	#8DD3C7	Author
Canzar S	1	#8DD3C7	Author
Fekete SP	1	#8DD3C7	Author
Haller T	1	#8DD3C7	Author
Jankowski J	1	#8DD3C7	Author
Isaeva OI	1	#8DD3C7	Author
Feng S	1	#8DD3C7	Author
Kriege NM	1	#8DD3C7	Author
Kayser S	1	#8DD3C7	Author
Lee HK	1	#8DD3C7	Author
Krehl N	1	#8DD3C7	Author
Lee SG	1	#8DD3C7	Author
Kersting J	1	#8DD3C7	Author
Kiel C	1	#8DD3C7	Author
Krupke D	1	#8DD3C7	Author
Lesch I	1	#8DD3C7	Author
Kreisberg JF	1	#8DD3C7	Author
Ivanova O	1	#8DD3C7	Author
Lemberger T	1	#8DD3C7	Author
Carnethon MR	1	#8DD3C7	Author
Chan SY	1	#8DD3C7	Author
Loewe RP	1	#8DD3C7	Author
Kronberg J	1	#8DD3C7	Author
Ma Q	1	#8DD3C7	Author
Maron BJ	1	#8DD3C7	Author
Mandarino A	1	#8DD3C7	Author
Nasirigerdeh R	1	#8DD3C7	Author
Melograna F	1	#8DD3C7	Author
Pedersen AG	1	#8DD3C7	Author
Pauling JK	1	#8DD3C7	Author
Pastrello C	1	#8DD3C7	Author
Oliva B	1	#8DD3C7	Author
Picciani M	1	#8DD3C7	Author
Liu S	1	#8DD3C7	Author
Piper Z	1	#8DD3C7	Author
Pichlmair A	1	#8DD3C7	Author
Maron MS	1	#8DD3C7	Author
Möller A	1	#8DD3C7	Author
Rose TD	1	#8DD3C7	Author
Jurman G	1	#8DD3C7	Author
Piñero J	1	#8DD3C7	Author
Khakabimamaghani S	1	#8DD3C7	Author
Larsen SJ	1	#8DD3C7	Author
Puiggros M	1	#8DD3C7	Author
Salgado-Albarrán M	1	#8DD3C7	Author
Scheibling E	1	#8DD3C7	Author
Schulz L	1	#8DD3C7	Author
Schmidt HH	1	#8DD3C7	Author
Sirci F	1	#8DD3C7	Author
Späth J	1	#8DD3C7	Author
Schwartz L	1	#8DD3C7	Author
Spindler L	1	#8DD3C7	Author
Tsoy O	1	#8DD3C7	Author
Rowin EJ	1	#8DD3C7	Author
Van Steen K	1	#8DD3C7	Author
Stukalov A	1	#8DD3C7	Author
Wenke N	1	#8DD3C7	Author
Wienbrandt L	1	#8DD3C7	Author
Wilhelm M	1	#8DD3C7	Author
Schaffer LV	1	#8DD3C7	Author
Wenke NK	1	#8DD3C7	Author
Savchik A	1	#8DD3C7	Author
Wang RS	1	#8DD3C7	Author
Zolotareva O	1	#8DD3C7	Author
Wipat A	1	#8DD3C7	Author
Wright SN	1	#8DD3C7	Author
Yuan K	1	#8DD3C7	Author
Sanz F	1	#8DD3C7	Author
Wang C	1	#8DD3C7	Author
Wissenberg P	1	#8DD3C7	Author
Zirngibl K	1	#8DD3C7	Author
Barabási AL	2	#FFFFB3	Author
Cheng F	2	#FFFFB3	Author
Handy DE	2	#FFFFB3	Author
Eng C	2	#FFFFB3	Author
Cho K	2	#FFFFB3	Author
Fang J	2	#FFFFB3	Author
Hill DE	2	#FFFFB3	Author
Hou Y	2	#FFFFB3	Author
Huang J	2	#FFFFB3	Author
Lu W	2	#FFFFB3	Author
Assimes TL	2	#FFFFB3	Author
Begoli E	2	#FFFFB3	Author
Antman EM	2	#FFFFB3	Author
Castrillon JA	2	#FFFFB3	Author
Casas JP	2	#FFFFB3	Author
Chang KM	2	#FFFFB3	Author
Both C	2	#FFFFB3	Author
Damrauer SM	2	#FFFFB3	Author
Djousse L	2	#FFFFB3	Author
Costa L	2	#FFFFB3	Author
Cooper DN	2	#FFFFB3	Author
do Valle IF	2	#FFFFB3	Author
Ferolito B	2	#FFFFB3	Author
Do Valle Í	2	#FFFFB3	Author
Gagnon DR	2	#FFFFB3	Author
Gaziano JM	2	#FFFFB3	Author
Graff M	2	#FFFFB3	Author
Desai RJ	2	#FFFFB3	Author
Fan C	2	#FFFFB3	Author
Hao T	2	#FFFFB3	Author
Haiman CA	2	#FFFFB3	Author
Ho YL	2	#FFFFB3	Author
Huang RDL	2	#FFFFB3	Author
Huang Y	2	#FFFFB3	Author
Huffman JE	2	#FFFFB3	Author
Keri RA	2	#FFFFB3	Author
Lathia JD	2	#FFFFB3	Author
Hui Q	2	#FFFFB3	Author
Lightstone FC	2	#FFFFB3	Author
Liu C	2	#FFFFB3	Author
Liu Z	2	#FFFFB3	Author
Loos RJF	2	#FFFFB3	Author
Guven-Maiorov E	2	#FFFFB3	Author
Lynch JA	2	#FFFFB3	Author
Miller D	2	#FFFFB3	Author
Ng MCY	2	#FFFFB3	Author
Nguyen XT	2	#FFFFB3	Author
Ma B	2	#FFFFB3	Author
Ma Y	2	#FFFFB3	Author
North KE	2	#FFFFB3	Author
O'Donnell CJ	2	#FFFFB3	Author
He D	2	#FFFFB3	Author
Martin WR	2	#FFFFB3	Author
Phillips LS	2	#FFFFB3	Author
Rader DJ	2	#FFFFB3	Author
Raghavan S	2	#FFFFB3	Author
Reaven PD	2	#FFFFB3	Author
Saleheen D	2	#FFFFB3	Author
Smith GD	2	#FFFFB3	Author
Sun YV	2	#FFFFB3	Author
Tang H	2	#FFFFB3	Author
Nussinov R	2	#FFFFB3	Author
Tcheandjieu C	2	#FFFFB3	Author
Tsao PS	2	#FFFFB3	Author
Rabadan R	2	#FFFFB3	Author
VA Million Veteran Program	2	#FFFFB3	Author
Voight BF	2	#FFFFB3	Author
Schneeweiss S	2	#FFFFB3	Author
Vujkovic M	2	#FFFFB3	Author
Qi M	2	#FFFFB3	Author
Wilson PWF	2	#FFFFB3	Author
Dehmamy N	2	#FFFFB3	Author
Wang Y	2	#FFFFB3	Author
Zhang YC	2	#FFFFB3	Author
Yang Y	2	#FFFFB3	Author
Yue H	2	#FFFFB3	Author
Zhang ZK	2	#FFFFB3	Author
Zhao J	2	#FFFFB3	Author
Gerlovin H	2	#FFFFB3	Author
Kovács IA	2	#FFFFB3	Author
Tsai CJ	2	#FFFFB3	Author
Yengo L	2	#FFFFB3	Author
Yu R	2	#FFFFB3	Author
Zhao H	2	#FFFFB3	Author
Conte F	3	#BEBADA	Author
Fiscon G	3	#BEBADA	Author
Farina L	3	#BEBADA	Author
Altucci L	3	#BEBADA	Author
Benincasa G	3	#BEBADA	Author
Barabasi AL	3	#BEBADA	Author
Marchese C	3	#BEBADA	Author
Napoli C	3	#BEBADA	Author
Paci P	3	#BEBADA	Author
Maron BA	3	#BEBADA	Author
Anastasiadou E	3	#BEBADA	Author
Angelini M	3	#BEBADA	Author
Badimon L	3	#BEBADA	Author
Balligand JL	3	#BEBADA	Author
Amadio S	3	#BEBADA	Author
Capasso G	3	#BEBADA	Author
Caso P	3	#BEBADA	Author
De Rimini ML	3	#BEBADA	Author
Di Costanzo A	3	#BEBADA	Author
Ciardiello F	3	#BEBADA	Author
Gatto L	3	#BEBADA	Author
Filetti S	3	#BEBADA	Author
Gentili M	3	#BEBADA	Author
Blagoev B	3	#BEBADA	Author
Del Viscovo L	3	#BEBADA	Author
Haakonsson A	3	#BEBADA	Author
International Network Medicine Consortium	3	#BEBADA	Author
Kuznetsova I	3	#BEBADA	Author
Mandrup S	3	#BEBADA	Author
Infante T	3	#BEBADA	Author
Parini P	3	#BEBADA	Author
Mostafa A	3	#BEBADA	Author
Petti M	3	#BEBADA	Author
Pleschka S	3	#BEBADA	Author
Rauch A	3	#BEBADA	Author
Petrillo E	3	#BEBADA	Author
Quackenbush J	3	#BEBADA	Author
Röttger R	3	#BEBADA	Author
Sarno F	3	#BEBADA	Author
Schmidt HHHW	3	#BEBADA	Author
Tieri P	3	#BEBADA	Author
Viggiano D	3	#BEBADA	Author
Padula S	3	#BEBADA	Author
Verrienti A	3	#BEBADA	Author
Vilahur G	3	#BEBADA	Author
Volonté C	3	#BEBADA	Author
Wiwie C	3	#BEBADA	Author
Ghiassian SD	4	#FB8072	Author
Menche J	4	#FB8072	Author
Cusick ME	4	#FB8072	Author
Hütter CVR	4	#FB8072	Author
Kitsak M	4	#FB8072	Author
Müller F	4	#FB8072	Author
Goh KI	4	#FB8072	Author
Sharma A	4	#FB8072	Author
Vidal M	4	#FB8072	Author
Aikawa M	4	#FB8072	Author
Akmaev VR	4	#FB8072	Author
Aldana A	4	#FB8072	Author
Baribaud F	4	#FB8072	Author
Blankenberg S	4	#FB8072	Author
Childs B	4	#FB8072	Author
Barnathan E	4	#FB8072	Author
Chasman DI	4	#FB8072	Author
Dobrin R	4	#FB8072	Author
Gao J	4	#FB8072	Author
Bhupathiraju SN	4	#FB8072	Author
Barábasi AL	4	#FB8072	Author
Gulbahce N	4	#FB8072	Author
Boztug K	4	#FB8072	Author
Grodstein F	4	#FB8072	Author
Hu FB	4	#FB8072	Author
Guo F	4	#FB8072	Author
Dorantes-Gilardi R	4	#FB8072	Author
Giulianini F	4	#FB8072	Author
Jones A	4	#FB8072	Author
Huang CC	4	#FB8072	Author
Buphamalai P	4	#FB8072	Author
Iwata H	4	#FB8072	Author
Halu A	4	#FB8072	Author
Hu Y	4	#FB8072	Author
Köstel Bal S	4	#FB8072	Author
Ispirova G	4	#FB8072	Author
Lackner K	4	#FB8072	Author
Kokotovic T	4	#FB8072	Author
Liu H	4	#FB8072	Author
Lombardo SD	4	#FB8072	Author
Liu YY	4	#FB8072	Author
Ort T	4	#FB8072	Author
Maiorino E	4	#FB8072	Author
Panettieri Jr RA	4	#FB8072	Author
Qiu W	4	#FB8072	Author
Müller C	4	#FB8072	Author
Ricchiuto P	4	#FB8072	Author
Kilpatrick C	4	#FB8072	Author
Raby BA	4	#FB8072	Author
Rubin J	4	#FB8072	Author
Menichetti G	4	#FB8072	Author
Saleh A	4	#FB8072	Author
Prasad RB	4	#FB8072	Author
Ridker PM	4	#FB8072	Author
Sahni N	4	#FB8072	Author
Silverman EK	4	#FB8072	Author
Tantisira KG	4	#FB8072	Author
Thibault D	4	#FB8072	Author
Tocker J	4	#FB8072	Author
Valle D	4	#FB8072	Author
Singh S	4	#FB8072	Author
Sun Q	4	#FB8072	Author
Voung L	4	#FB8072	Author
Wang XW	4	#FB8072	Author
Wild P	4	#FB8072	Author
Weiss ST	4	#FB8072	Author
Zhou X	4	#FB8072	Author
Sin C	4	#FB8072	Author
Nagy V	4	#FB8072	Author
Sebek M	4	#FB8072	Author
Shanthamallu US	4	#FB8072	Author
Yildirim MA	4	#FB8072	Author
Zeller T	4	#FB8072	Author
Zhang X	4	#FB8072	Author
Barrio-Hernandez I	5	#80B1D3	Author
Beltrao P	5	#80B1D3	Author
Ideker T	5	#80B1D3	Author
Mukherjee S	5	#80B1D3	Author
Agard DA	5	#80B1D3	Author
Ashworth A	5	#80B1D3	Author
Batra J	5	#80B1D3	Author
Bennett MJ	5	#80B1D3	Author
Bohn M	5	#80B1D3	Author
Bouhaddou M	5	#80B1D3	Author
Braberg H	5	#80B1D3	Author
Broadhurst DJ	5	#80B1D3	Author
Cai Y	5	#80B1D3	Author
Cakir M	5	#80B1D3	Author
Calviello L	5	#80B1D3	Author
Cavero DA	5	#80B1D3	Author
Chang JCJ	5	#80B1D3	Author
Chorba JS	5	#80B1D3	Author
Craik CS	5	#80B1D3	Author
d'Enfert C	5	#80B1D3	Author
Dai SA	5	#80B1D3	Author
Eckhardt M	5	#80B1D3	Author
Emerman M	5	#80B1D3	Author
Fabius JM	5	#80B1D3	Author
Fletcher SJ	5	#80B1D3	Author
Floor SN	5	#80B1D3	Author
Foussard H	5	#80B1D3	Author
Frankel AD	5	#80B1D3	Author
Fraser JS	5	#80B1D3	Author
Fujimori DG	5	#80B1D3	Author
Ganesan SJ	5	#80B1D3	Author
García-Sastre A	5	#80B1D3	Author
Gordon DE	5	#80B1D3	Author
Gross JD	5	#80B1D3	Author
Guo JZ	5	#80B1D3	Author
Haas K	5	#80B1D3	Author
Haas P	5	#80B1D3	Author
Hernandez-Armenta C	5	#80B1D3	Author
Hiatt J	5	#80B1D3	Author
Huang XP	5	#80B1D3	Author
Hubert M	5	#80B1D3	Author
Hüttenhain R	5	#80B1D3	Author
Jacobson M	5	#80B1D3	Author
Jang GM	5	#80B1D3	Author
Jura N	5	#80B1D3	Author
Kaake RM	5	#80B1D3	Author
Kim M	5	#80B1D3	Author
Kirby IT	5	#80B1D3	Author
Klippsten S	5	#80B1D3	Author
Koh C	5	#80B1D3	Author
Kortemme T	5	#80B1D3	Author
Krogan NJ	5	#80B1D3	Author
Kuzuoglu-Ozturk D	5	#80B1D3	Author
Li Q	5	#80B1D3	Author
Liboy-Lugo J	5	#80B1D3	Author
Lin Y	5	#80B1D3	Author
Liu X	5	#80B1D3	Author
Liu Y	5	#80B1D3	Author
Lou K	5	#80B1D3	Author
Lyu J	5	#80B1D3	Author
Mac Kain A	5	#80B1D3	Author
Malik HS	5	#80B1D3	Author
Mathy CJP	5	#80B1D3	Author
McGregor MJ	5	#80B1D3	Author
Melnyk JE	5	#80B1D3	Author
Memon D	5	#80B1D3	Author
Meyer B	5	#80B1D3	Author
Miorin L	5	#80B1D3	Author
Modak M	5	#80B1D3	Author
Moreno E	5	#80B1D3	Author
Naing ZZC	5	#80B1D3	Author
Noack J	5	#80B1D3	Author
O'Meara MJ	5	#80B1D3	Author
O'Neal MC	5	#80B1D3	Author
Obernier K	5	#80B1D3	Author
Ott M	5	#80B1D3	Author
Peng S	5	#80B1D3	Author
Perica T	5	#80B1D3	Author
Pilla KB	5	#80B1D3	Author
Polacco BJ	5	#80B1D3	Author
Rakesh R	5	#80B1D3	Author
Rathore U	5	#80B1D3	Author
Rezelj VV	5	#80B1D3	Author
Richards AL	5	#80B1D3	Author
Roesch F	5	#80B1D3	Author
Rosenberg OS	5	#80B1D3	Author
Rosenthal SB	5	#80B1D3	Author
Roth BL	5	#80B1D3	Author
Roth TL	5	#80B1D3	Author
Ruggero D	5	#80B1D3	Author
Safari M	5	#80B1D3	Author
Sali A	5	#80B1D3	Author
Saltzberg DJ	5	#80B1D3	Author
Savar NS	5	#80B1D3	Author
Schwartz O	5	#80B1D3	Author
Sharp PP	5	#80B1D3	Author
Shen W	5	#80B1D3	Author
Shengjuler D	5	#80B1D3	Author
Shi Y	5	#80B1D3	Author
Shoichet BK	5	#80B1D3	Author
Shokat KM	5	#80B1D3	Author
Soucheray M	5	#80B1D3	Author
Stroud RM	5	#80B1D3	Author
Subramanian A	5	#80B1D3	Author
Swaney DL	5	#80B1D3	Author
Taunton J	5	#80B1D3	Author
Tran QD	5	#80B1D3	Author
Trenker R	5	#80B1D3	Author
Tummino TA	5	#80B1D3	Author
Tutuncuoglu B	5	#80B1D3	Author
Ugur FS	5	#80B1D3	Author
Vallet T	5	#80B1D3	Author
Venkataramanan S	5	#80B1D3	Author
Verba KA	5	#80B1D3	Author
Verdin E	5	#80B1D3	Author
Vignuzzi M	5	#80B1D3	Author
von Zastrow M	5	#80B1D3	Author
Wang HY	5	#80B1D3	Author
Wankowicz SA	5	#80B1D3	Author
Wenzell NA	5	#80B1D3	Author
White KM	5	#80B1D3	Author
Xu J	5	#80B1D3	Author
Young JM	5	#80B1D3	Author
Zhang Z	5	#80B1D3	Author
Zhou Y	5	#80B1D3	Author
Glass K	6	#FDB462	Author
Pico AR	6	#FDB462	Author
Huang K	6	#FDB462	Author
Cowen L	6	#FDB462	Author
Pržulj N	6	#FDB462	Author
Raphael BJ	6	#FDB462	Author
Leskovec J	6	#FDB462	Author
Li MM	6	#FDB462	Author
Morselli Gysi D	6	#FDB462	Author
Ameli A	6	#FDB462	Author
Baudot A	6	#FDB462	Author
Bozdag S	6	#FDB462	Author
Chen DZ	6	#FDB462	Author
Davey RA	6	#FDB462	Author
Cai C	6	#FDB462	Author
Du GH	6	#FDB462	Author
do Valle Í	6	#FDB462	Author
Chandak P	6	#FDB462	Author
Gan X	6	#FDB462	Author
Devkota K	6	#FDB462	Author
Gitter A	6	#FDB462	Author
Gehlenborg N	6	#FDB462	Author
Gosline SJC	6	#FDB462	Author
Gu P	6	#FDB462	Author
Glicksberg BS	6	#FDB462	Author
Guzzi PH	6	#FDB462	Author
Havaldar S	6	#FDB462	Author
Huang H	6	#FDB462	Author
Jiang M	6	#FDB462	Author
Kesimoglu ZN	6	#FDB462	Author
Koyuturk M	6	#FDB462	Author
Ceddia G	6	#FDB462	Author
Krishnan A	6	#FDB462	Author
Gu Y	6	#FDB462	Author
Kyriakis D	6	#FDB462	Author
Ma J	6	#FDB462	Author
Milenković T	6	#FDB462	Author
Mihajlović K	6	#FDB462	Author
Murali TM	6	#FDB462	Author
Novak G	6	#FDB462	Author
Przytycka TM	6	#FDB462	Author
Leiserson MDM	6	#FDB462	Author
Radivojac P	6	#FDB462	Author
Pio-Lopez L	6	#FDB462	Author
Ritz A	6	#FDB462	Author
Roy S	6	#FDB462	Author
Sharan R	6	#FDB462	Author
Shen Y	6	#FDB462	Author
Singh M	6	#FDB462	Author
Slonim DK	6	#FDB462	Author
Liu AL	6	#FDB462	Author
Ozisik O	6	#FDB462	Author
Remy É	6	#FDB462	Author
Nadkarni GN	6	#FDB462	Author
Tichit L	6	#FDB462	Author
Patten JJ	6	#FDB462	Author
Tan W	6	#FDB462	Author
Vaid A	6	#FDB462	Author
Tong H	6	#FDB462	Author
Wang Q	6	#FDB462	Author
Wu Q	6	#FDB462	Author
Wells A	6	#FDB462	Author
Xu L	6	#FDB462	Author
Yang XH	6	#FDB462	Author
Yoon BJ	6	#FDB462	Author
Ruiz C	6	#FDB462	Author
Varol O	6	#FDB462	Author
Yu H	6	#FDB462	Author
Zitnik M	6	#FDB462	Author
Reyna MA	6	#FDB462	Author
Roohani Y	6	#FDB462	Author
Skupin A	6	#FDB462	Author
Térézol M	6	#FDB462	Author
Valdeolivas A	6	#FDB462	Author
Ye F	6	#FDB462	Author
Sánchez-Valle J	7	#B3DE69	Author
Chimusa ER	7	#B3DE69	Author
Cirillo D	7	#B3DE69	Author
Lepore R	7	#B3DE69	Author
Capella-Gutiérrez S	7	#B3DE69	Author
Núñez-Carpintero I	7	#B3DE69	Author
't Hoen PAC	7	#B3DE69	Author
Al-Shahrour F	7	#B3DE69	Author
Agamah FE	7	#B3DE69	Author
Azuma Y	7	#B3DE69	Author
Beltran S	7	#B3DE69	Author
Bosio M	7	#B3DE69	Author
Agustí A	7	#B3DE69	Author
Bayjanov JR	7	#B3DE69	Author
Casas-Recasens S	7	#B3DE69	Author
Chamova T	7	#B3DE69	Author
Camacho-Artacho M	7	#B3DE69	Author
Faiz A	7	#B3DE69	Author
Faner R	7	#B3DE69	Author
Guirao A	7	#B3DE69	Author
Chenel H	7	#B3DE69	Author
Fernández JM	7	#B3DE69	Author
Guergueltcheva V	7	#B3DE69	Author
Correia RB	7	#B3DE69	Author
Hansbro P	7	#B3DE69	Author
Laurie S	7	#B3DE69	Author
James T	7	#B3DE69	Author
Ederveen THA	7	#B3DE69	Author
Mazandu GK	7	#B3DE69	Author
Mulder N	7	#B3DE69	Author
Niehues A	7	#B3DE69	Author
Lochmüller H	7	#B3DE69	Author
Noell G	7	#B3DE69	Author
Juan D	7	#B3DE69	Author
Marku M	7	#B3DE69	Author
Olvera N	7	#B3DE69	Author
O'Connor E	7	#B3DE69	Author
Mattos MM	7	#B3DE69	Author
Polverino F	7	#B3DE69	Author
Pancaldi V	7	#B3DE69	Author
Rocha LM	7	#B3DE69	Author
Rojas-Quintero J	7	#B3DE69	Author
Njoku KF	7	#B3DE69	Author
Rigau M	7	#B3DE69	Author
Tabarés-Seisdedos R	7	#B3DE69	Author
Spendiff S	7	#B3DE69	Author
Thompson R	7	#B3DE69	Author
Topf A	7	#B3DE69	Author
Tejero H	7	#B3DE69	Author
Tournev I	7	#B3DE69	Author
Urda-García B	7	#B3DE69	Author
Valencia A	7	#B3DE69	Author
Mulder NJ	7	#B3DE69	Author
Skelton M	7	#B3DE69	Author
Zinovyev A	7	#B3DE69	Author
Bork P	8	#FCCDE5	Author
Doncheva NT	8	#FCCDE5	Author
Fang T	8	#FCCDE5	Author
Jensen LJ	8	#FCCDE5	Author
Koutrouli M	8	#FCCDE5	Author
Kirsch R	8	#FCCDE5	Author
Pyysalo S	8	#FCCDE5	Author
Szklarczyk D	8	#FCCDE5	Author
Ahsen ME	8	#FCCDE5	Author
Bergmann S	8	#FCCDE5	Author
Choobdar S	8	#FCCDE5	Author
Cowen LJ	8	#FCCDE5	Author
Crawford J	8	#FCCDE5	Author
DREAM Module Identification Challenge Consortium	8	#FCCDE5	Author
Hachilif R	8	#FCCDE5	Author
Hescott B	8	#FCCDE5	Author
Hu D	8	#FCCDE5	Author
Bouwmeester R	8	#FCCDE5	Author
Cuesta-Astroz Y	8	#FCCDE5	Author
Gable AL	8	#FCCDE5	Author
Huang Q	8	#FCCDE5	Author
Hu X	8	#FCCDE5	Author
Kutalik Z	8	#FCCDE5	Author
Lage K	8	#FCCDE5	Author
Lamparter D	8	#FCCDE5	Author
Legeay M	8	#FCCDE5	Author
Lin J	8	#FCCDE5	Author
Marbach D	8	#FCCDE5	Author
Mercer J	8	#FCCDE5	Author
Martens L	8	#FCCDE5	Author
Mehryary F	8	#FCCDE5	Author
Lyon D	8	#FCCDE5	Author
Narayan R	8	#FCCDE5	Author
Nastou K	8	#FCCDE5	Author
Nastou KC	8	#FCCDE5	Author
Peluso ME	8	#FCCDE5	Author
Piera Líndez P	8	#FCCDE5	Author
Natoli T	8	#FCCDE5	Author
Oliveira G	8	#FCCDE5	Author
Stolovitzky G	8	#FCCDE5	Author
Tomasoni M	8	#FCCDE5	Author
von Mering C	8	#FCCDE5	Author
Rasmussen S	8	#FCCDE5	Author
Santos A	8	#FCCDE5	Author
Zhang JD	8	#FCCDE5	Author
Csermely P	9	#D9D9D9	Author
Bender A	9	#D9D9D9	Author
Brooks J	9	#D9D9D9	Author
Bulusu KC	9	#D9D9D9	Author
Fazekas D	9	#D9D9D9	Author
Kiss HJ	9	#D9D9D9	Author
Korcsmáros T	9	#D9D9D9	Author
Kubisch J	9	#D9D9D9	Author
Lenti K	9	#D9D9D9	Author
Marczell I	9	#D9D9D9	Author
London G	9	#D9D9D9	Author
Módos D	9	#D9D9D9	Author
Szabó PM	9	#D9D9D9	Author
Vellai T	9	#D9D9D9	Author
Golub TR	10	#BC80BD	Author
Lander ES	10	#BC80BD	Author
Armstrong SA	10	#BC80BD	Author
Blat IC	10	#BC80BD	Author
Brunet JP	10	#BC80BD	Author
Carr SA	10	#BC80BD	Author
Clemons PA	10	#BC80BD	Author
Ebert BL	10	#BC80BD	Author
Crawford ED	10	#BC80BD	Author
Gillette MA	10	#BC80BD	Author
Haggarty SJ	10	#BC80BD	Author
Hieronymus H	10	#BC80BD	Author
Lamb J	10	#BC80BD	Author
Lerner J	10	#BC80BD	Author
Mesirov JP	10	#BC80BD	Author
Mootha VK	10	#BC80BD	Author
Modell JW	10	#BC80BD	Author
Paulovich A	10	#BC80BD	Author
Peck D	10	#BC80BD	Author
Reich M	10	#BC80BD	Author
Pomeroy SL	10	#BC80BD	Author
Ross KN	10	#BC80BD	Author
Wei G	10	#BC80BD	Author
Wei R	10	#BC80BD	Author
Tamayo P	10	#BC80BD	Author
Wrobel MJ	10	#BC80BD	Author
Li X	11	#CCEBC5	Author
Liu B	11	#CCEBC5	Author
Shu Z	11	#CCEBC5	Author
Aittokallio T	11	#CCEBC5	Author
Albert R	11	#CCEBC5	Author
Benson M	11	#CCEBC5	Author
Cao Z	11	#CCEBC5	Author
Bu D	11	#CCEBC5	Author
Fang S	11	#CCEBC5	Author
Akimov Y	11	#CCEBC5	Author
Bohle B	11	#CCEBC5	Author
Gautam P	11	#CCEBC5	Author
Bulloch N	11	#CCEBC5	Author
Gupta A	11	#CCEBC5	Author
Chen G	11	#CCEBC5	Author
Gao K	11	#CCEBC5	Author
Gygi SP	11	#CCEBC5	Author
He L	11	#CCEBC5	Author
Ferguson A	11	#CCEBC5	Author
Jaiswal A	11	#CCEBC5	Author
Huttlin EL	11	#CCEBC5	Author
Gawel DR	11	#CCEBC5	Author
Hu H	11	#CCEBC5	Author
Kuljanin M	11	#CCEBC5	Author
He X	11	#CCEBC5	Author
Lee EJ	11	#CCEBC5	Author
Li J	11	#CCEBC5	Author
Li L	11	#CCEBC5	Author
Li W	11	#CCEBC5	Author
Lilja S	11	#CCEBC5	Author
Liu G	11	#CCEBC5	Author
Rannikmae K	11	#CCEBC5	Author
Kankainen M	11	#CCEBC5	Author
Saarela J	11	#CCEBC5	Author
Mitchell DC	11	#CCEBC5	Author
Lu C	11	#CCEBC5	Author
Ofaim S	11	#CCEBC5	Author
Schäfer S	11	#CCEBC5	Author
Robertson G	11	#CCEBC5	Author
Smelik M	11	#CCEBC5	Author
Smith K	11	#CCEBC5	Author
Li H	11	#CCEBC5	Author
Strobl MR	11	#CCEBC5	Author
Szwajda A	11	#CCEBC5	Author
Qin L	11	#CCEBC5	Author
Tang J	11	#CCEBC5	Author
Timonen S	11	#CCEBC5	Author
Schweppe DK	11	#CCEBC5	Author
Sysoev O	11	#CCEBC5	Author
Sun H	11	#CCEBC5	Author
Tang Y	11	#CCEBC5	Author
Sun L	11	#CCEBC5	Author
Turei D	11	#CCEBC5	Author
Wang W	11	#CCEBC5	Author
Sudlow C	11	#CCEBC5	Author
Wang J	11	#CCEBC5	Author
Wennerberg K	11	#CCEBC5	Author
Wang X	11	#CCEBC5	Author
Wu Y	11	#CCEBC5	Author
Yang K	11	#CCEBC5	Author
Wang H	11	#CCEBC5	Author
Wu H	11	#CCEBC5	Author
Xu N	11	#CCEBC5	Author
Zhang H	11	#CCEBC5	Author
Zhang F	11	#CCEBC5	Author
Yan D	11	#CCEBC5	Author
Zhang R	11	#CCEBC5	Author
Zhao Y	11	#CCEBC5	Author
Van Vranken JG	11	#CCEBC5	Author
Wu Z	11	#CCEBC5	Author
Yadav B	11	#CCEBC5	Author
Zhang T	11	#CCEBC5	Author
Zhao N	11	#CCEBC5	Author
Goldsmith M	12	#FFED6F	Author
Maniscalco S	12	#FFED6F	Author
Borrelli EM	12	#FFED6F	Author
Cavalcanti D	12	#FFED6F	Author
Foti C	12	#FFED6F	Author
García-Pérez G	12	#FFED6F	Author
Glos A	12	#FFED6F	Author
Knecht S	12	#FFED6F	Author
Korhonen K	12	#FFED6F	Author
Malmi J	12	#FFED6F	Author
Nykänen A	12	#FFED6F	Author
Rossi MA	12	#FFED6F	Author
Saarinen H	12	#FFED6F	Author
Sokolov B	12	#FFED6F	Author
Talarico NW	12	#FFED6F	Author
Westergren J	12	#FFED6F	Author
Zimborás Z	12	#FFED6F	Author
Andrade-Navarro MA	13	#8DD3C7	Author
Alanis-Lobato G	13	#8DD3C7	Author
Anderson CA	13	#8DD3C7	Author
Bradley G	13	#8DD3C7	Author
Del-Toro N	13	#8DD3C7	Author
Dunham I	13	#8DD3C7	Author
Ghoussaini M	13	#8DD3C7	Author
Gonzalez A	13	#8DD3C7	Author
Hermjakob H	13	#8DD3C7	Author
Mountjoy E	13	#8DD3C7	Author
Ochoa D	13	#8DD3C7	Author
Fontaine JF	13	#8DD3C7	Author
Orchard S	13	#8DD3C7	Author
Porras P	13	#8DD3C7	Author
Schwartzentruber J	13	#8DD3C7	Author
Shrivastava A	13	#8DD3C7	Author
Schaefer MH	13	#8DD3C7	Author
Vinayagam A	13	#8DD3C7	Author
Suveges D	13	#8DD3C7	Author
Wanker EE	13	#8DD3C7	Author
Zhang Q	13	#8DD3C7	Author
Aghaeepour N	14	#FFFFB3	Author
Bai J	14	#FFFFB3	Author
Angst MS	14	#FFFFB3	Author
Becker M	14	#FFFFB3	Author
Berson E	14	#FFFFB3	Author
Bidoki NH	14	#FFFFB3	Author
Cao D	14	#FFFFB3	Author
Chen Y	14	#FFFFB3	Author
Chang AL	14	#FFFFB3	Author
Chu X	14	#FFFFB3	Author
Culos A	14	#FFFFB3	Author
De Francesco D	14	#FFFFB3	Author
Espinosa C	14	#FFFFB3	Author
Fallahzadeh R	14	#FFFFB3	Author
Boone C	14	#FFFFB3	Author
Feyaerts D	14	#FFFFB3	Author
Bandla C	14	#FFFFB3	Author
Dai H	14	#FFFFB3	Author
He S	14	#FFFFB3	Author
Hou T	14	#FFFFB3	Author
Forster DT	14	#FFFFB3	Author
Isuhuaylas LAV	14	#FFFFB3	Author
Hewapathirana S	14	#FFFFB3	Author
John NS	14	#FFFFB3	Author
Hsieh CY	14	#FFFFB3	Author
Gaudilliere B	14	#FFFFB3	Author
Kamatchinathan S	14	#FFFFB3	Author
Itto-Nakama K	14	#FFFFB3	Author
Li F	14	#FFFFB3	Author
Li SC	14	#FFFFB3	Author
Kim Y	14	#FFFFB3	Author
Li Z	14	#FFFFB3	Author
Liu Q	14	#FFFFB3	Author
Marić I	14	#FFFFB3	Author
Lu M	14	#FFFFB3	Author
Mataraso SJ	14	#FFFFB3	Author
Ohya Y	14	#FFFFB3	Author
Nassar H	14	#FFFFB3	Author
Kundu DJ	14	#FFFFB3	Author
Payrovnaziri SN	14	#FFFFB3	Author
Perez-Riverol Y	14	#FFFFB3	Author
Phongpreecha T	14	#FFFFB3	Author
Ravindra NG	14	#FFFFB3	Author
Saarunya G	14	#FFFFB3	Author
Shaw G	14	#FFFFB3	Author
Shome S	14	#FFFFB3	Author
Stanley N	14	#FFFFB3	Author
Stelzer IA	14	#FFFFB3	Author
Mou M	14	#FFFFB3	Author
Stevenson D	14	#FFFFB3	Author
Tan Y	14	#FFFFB3	Author
Prakash A	14	#FFFFB3	Author
Vizcaíno JA	14	#FFFFB3	Author
Osada H	14	#FFFFB3	Author
Walzer M	14	#FFFFB3	Author
Thuraiappah M	14	#FFFFB3	Author
Xenochristou M	14	#FFFFB3	Author
Wang B	14	#FFFFB3	Author
Kang Y	14	#FFFFB3	Author
Yamanaka D	14	#FFFFB3	Author
Yang Z	14	#FFFFB3	Author
Wang S	14	#FFFFB3	Author
Yashiroda Y	14	#FFFFB3	Author
Yin J	14	#FFFFB3	Author
Zeng S	14	#FFFFB3	Author
Zeng Z	14	#FFFFB3	Author
Xue L	14	#FFFFB3	Author
Ye Q	14	#FFFFB3	Author
Yoshimura M	14	#FFFFB3	Author
Zhu F	14	#FFFFB3	Author
Arlt W	15	#BEBADA	Author
Arnold M	15	#BEBADA	Author
Carrasco-Zanini J	15	#BEBADA	Author
Cook J	15	#BEBADA	Author
Cortes A	15	#BEBADA	Author
Gamazon ER	15	#BEBADA	Author
Hingorani AD	15	#BEBADA	Author
Kastenmüller G	15	#BEBADA	Author
Kerrison ND	15	#BEBADA	Author
Koprulu M	15	#BEBADA	Author
Langenberg C	15	#BEBADA	Author
Luan J	15	#BEBADA	Author
O'Rahilly S	15	#BEBADA	Author
Oerton E	15	#BEBADA	Author
Pietzner M	15	#BEBADA	Author
Raffler J	15	#BEBADA	Author
Scott RA	15	#BEBADA	Author
Stewart ID	15	#BEBADA	Author
Wareham NJ	15	#BEBADA	Author
Wheeler E	15	#BEBADA	Author
Wörheide MA	15	#BEBADA	Author
Anticevic A	16	#FB8072	Author
Aspuru-Guzik A	16	#FB8072	Author
Baker JT	16	#FB8072	Author
Bastiani M	16	#FB8072	Author
Bekiranov S	16	#FB8072	Author
Emani PS	16	#FB8072	Author
Gandal M	16	#FB8072	Author
Gerstein MB	16	#FB8072	Author
Harrow AW	16	#FB8072	Author
Lehner T	16	#FB8072	Author
McConnell MJ	16	#FB8072	Author
Murray JD	16	#FB8072	Author
Sapiro G	16	#FB8072	Author
Senthil G	16	#FB8072	Author
Sotiropoulos SN	16	#FB8072	Author
Taylor J	16	#FB8072	Author
Warrell J	16	#FB8072	Author
Alfredsson L	17	#80B1D3	Author
Badam TVS	17	#80B1D3	Author
de Weerd HA	17	#80B1D3	Author
Gustafsson M	17	#80B1D3	Author
Jagodic M	17	#80B1D3	Author
Kockum I	17	#80B1D3	Author
Lubovac-Pilav Z	17	#80B1D3	Author
Martínez-Enguita D	17	#80B1D3	Author
Olsson T	17	#80B1D3	Author
Albanese P	18	#FDB462	Author
Bruce JE	18	#FDB462	Author
Bryant P	18	#FDB462	Author
Burke DF	18	#FDB462	Author
Dunham AS	18	#FDB462	Author
Elofsson A	18	#FDB462	Author
Keller A	18	#FDB462	Author
Kundrotas P	18	#FDB462	Author
Leitner A	18	#FDB462	Author
Pozzati G	18	#FDB462	Author
Scheltema RA	18	#FDB462	Author
Shenoy A	18	#FDB462	Author
Zhu W	18	#FDB462	Author
Alam A	19	#B3DE69	Author
Bay S	19	#B3DE69	Author
Imam N	19	#B3DE69	Author
Ishrat R	19	#B3DE69	Author
Khan MJI	19	#B3DE69	Author
Siddiqui MF	19	#B3DE69	Author
Veg A	19	#B3DE69	Author
Aloy P	20	#FCCDE5	Author
Bertoni M	20	#FCCDE5	Author
Duran-Frigola M	20	#FCCDE5	Author
Fernández-Torras A	20	#FCCDE5	Author
Locatelli M	20	#FCCDE5	Author
Banasik K	21	#D9D9D9	Author
Birney E	21	#D9D9D9	Author
Brunak S	21	#D9D9D9	Author
Cremers J	21	#D9D9D9	Author
Danish Blood Donor Study Genomic Consortium	21	#D9D9D9	Author
Fitzgerald T	21	#D9D9D9	Author
Hansen TF	21	#D9D9D9	Author
Jørgensen FH	21	#D9D9D9	Author
Jørgensen IF	21	#D9D9D9	Author
Jung AW	21	#D9D9D9	Author
Lademann M	21	#D9D9D9	Author
Mortensen L	21	#D9D9D9	Author
Ostrowski SR	21	#D9D9D9	Author
Pedersen OBV	21	#D9D9D9	Author
Reguant R	21	#D9D9D9	Author
Waaben J	21	#D9D9D9	Author
Westergaard D	21	#D9D9D9	Author
Ayuso C	22	#BC80BD	Author
Blanco-Kelly F	22	#BC80BD	Author
Cortón M	22	#BC80BD	Author
de la Fuente L	22	#BC80BD	Author
Del Pozo-Valero M	22	#BC80BD	Author
Fernández-Caballero L	22	#BC80BD	Author
Mínguez P	22	#BC80BD	Author
Perea-Romero I	22	#BC80BD	Author
Borboudakis G	23	#CCEBC5	Author
Castanas E	23	#CCEBC5	Author
Georgakopoulos G	23	#CCEBC5	Author
Lakiotaki K	23	#CCEBC5	Author
Røe OD	23	#CCEBC5	Author
Tsamardinos I	23	#CCEBC5	Author
Agusti A	24	#FFED6F	Author
Celli B	24	#FFED6F	Author
Sobradillo P	24	#FFED6F	Author
Bryan K	25	#8DD3C7	Author
Charitou T	25	#8DD3C7	Author
Lynn DJ	25	#8DD3C7	Author
Blencowe M	26	#FFFFB3	Author
Chen YW	26	#FFFFB3	Author
Ding J	26	#FFFFB3	Author
Ha SM	26	#FFFFB3	Author
Li G	26	#FFFFB3	Author
Nghiem T	26	#FFFFB3	Author
Yang X	26	#FFFFB3	Author
Cato LD	27	#BEBADA	Author
Chiang CWK	27	#BEBADA	Author
de Smith AJ	27	#BEBADA	Author
Jeon S	27	#BEBADA	Author
Liggett LA	27	#BEBADA	Author
Sankaran VG	27	#BEBADA	Author
Weissman JS	27	#BEBADA	Author
Weng C	27	#BEBADA	Author
Wiemels JL	27	#BEBADA	Author
Xu K	27	#BEBADA	Author
Yu F	27	#BEBADA	Author
Ángel Medina M	28	#FB8072	Author
Córdoba-Caballero J	28	#FB8072	Author
Martínez-Poveda B	28	#FB8072	Author
Pagano-Márquez R	28	#FB8072	Author
Quesada AR	28	#FB8072	Author
Ranea JAG	28	#FB8072	Author
Rojano E	28	#FB8072	Author
Seoane P	28	#FB8072	Author
Bachali P	29	#80B1D3	Author
Daamen A	29	#80B1D3	Author
Grammer A	29	#80B1D3	Author
Kingsmore K	29	#80B1D3	Author
Lipsky P	29	#80B1D3	Author
Shrotri S	29	#80B1D3	Author
Badkas A	30	#FDB462	Author
De Landtsheer S	30	#FDB462	Author
Sauter T	30	#FDB462	Author
Benjamin SC	31	#B3DE69	Author
Deane CM	31	#B3DE69	Author
Morris GM	31	#B3DE69	Author
Outeiral C	31	#B3DE69	Author
Shi J	31	#B3DE69	Author
Strahm M	31	#B3DE69	Author
Amoutzias GD	32	#FCCDE5	Author
Delneri D	32	#FCCDE5	Author
Jansen G	32	#FCCDE5	Author
Latora V	32	#FCCDE5	Author
Nicosia G	32	#FCCDE5	Author
Oliver SG	32	#FCCDE5	Author
Qi T	32	#FCCDE5	Author
Desantis F	33	#D9D9D9	Author
Di Rienzo L	33	#D9D9D9	Author
Grassmann G	33	#D9D9D9	Author
Milanetti E	33	#D9D9D9	Author
Miotto M	33	#D9D9D9	Author
Monti M	33	#D9D9D9	Author
Pastore A	33	#D9D9D9	Author
Ruocco G	33	#D9D9D9	Author
Tartaglia GG	33	#D9D9D9	Author
Dudgeon S	34	#BC80BD	Author
Durant TJS	34	#BC80BD	Author
Knight E	34	#BC80BD	Author
Lee SJ	34	#BC80BD	Author
Nelson B	34	#BC80BD	Author
Ohno-Machado L	34	#BC80BD	Author
Schulz WL	34	#BC80BD	Author
Walliman D	34	#BC80BD	Author
Young HP	34	#BC80BD	Author
Crimi A	35	#CCEBC5	Author
Falcó-Roget J	35	#CCEBC5	Author
Wierzbiński M	35	#CCEBC5	Author
Chen W	36	#FFED6F	Author
Fang F	36	#FFED6F	Author
Han X	36	#FFED6F	Author
Hou C	36	#FFED6F	Author
Qu Y	36	#FFED6F	Author
Shen Q	36	#FFED6F	Author
Song H	36	#FFED6F	Author
Suo C	36	#FFED6F	Author
Valdimarsdóttir UA	36	#FFED6F	Author
Yang H	36	#FFED6F	Author
Ye W	36	#FFED6F	Author
Zeng Y	36	#FFED6F	Author
Bock C	37	#8DD3C7	Author
Fortelny N	37	#8DD3C7	Author
Chong ZS	38	#FFFFB3	Author
Galaway F	38	#FFFFB3	Author
Müller-Sienerth N	38	#FFFFB3	Author
Pritchard S	38	#FFFFB3	Author
Severin Y	38	#FFFFB3	Author
Shilts J	38	#FFFFB3	Author
Snijder B	38	#FFFFB3	Author
Teichmann S	38	#FFFFB3	Author
Vento-Tormo R	38	#FFFFB3	Author
Wright GJ	38	#FFFFB3	Author
Cordier BA	39	#BEBADA	Author
Guerreschi GG	39	#BEBADA	Author
McWeeney SK	39	#BEBADA	Author
Sawaya NPD	39	#BEBADA	Author
Delmotte S	40	#FB8072	Author
Guirimand T	40	#FB8072	Author
Navratil V	40	#FB8072	Author
Carazzolle MF	41	#80B1D3	Author
Heberle H	41	#80B1D3	Author
Meirelles GV	41	#80B1D3	Author
Minghim R	41	#80B1D3	Author
Telles GP	41	#80B1D3	Author
Bauer S	42	#FDB462	Author
Horn D	42	#FDB462	Author
Köhler S	42	#FDB462	Author
Robinson PN	42	#FDB462	Author
Hoffmann S	43	#B3DE69	Author
Ikonomi N	43	#B3DE69	Author
Kestler HA	43	#B3DE69	Author
Kühl M	43	#B3DE69	Author
Rupprecht F	43	#B3DE69	Author
Schwab JD	43	#B3DE69	Author
Weidner FM	43	#B3DE69	Author
Werle SD	43	#B3DE69	Author
Wölk S	43	#B3DE69	Author
Bang D	44	#FCCDE5	Author
Kim S	44	#FCCDE5	Author
Lee S	44	#FCCDE5	Author
Lim S	44	#FCCDE5	Author
Fan S	45	#D9D9D9	Author
Lai X	45	#D9D9D9	Author
Vera J	45	#D9D9D9	Author
Zhang L	45	#D9D9D9	Author
Gomez-Ochoa SA	46	#BC80BD	Author
Lanzer JD	46	#BC80BD	Author
Levinson RT	46	#BC80BD	Author
Feng Y	47	#CCEBC5	Author
Lau A	47	#CCEBC5	Author
Qiu J	47	#CCEBC5	Author
Sham PC	47	#CCEBC5	Author
So HC	47	#CCEBC5	Author
Yin L	47	#CCEBC5	Author
Jiang XF	48	#FFED6F	Author
Liu R	48	#FFED6F	Author
Xiong L	48	#FFED6F	Author
Zhang J	48	#FFED6F	Author
Zhang JF	48	#FFED6F	Author
Zheng B	48	#FFED6F	Author
Zheng JJ	48	#FFED6F	Author
Ewald J	49	#8DD3C7	Author
Lu Y	49	#8DD3C7	Author
Pang Z	49	#8DD3C7	Author
Xia J	49	#8DD3C7	Author
Zhou G	49	#8DD3C7	Author
Alyass A	50	#FFFFB3	Author
Meyre D	50	#FFFFB3	Author
Turcotte M	50	#FFFFB3	Author
Geman D	51	#BEBADA	Author
Miller MI	51	#BEBADA	Author
Trayanova N	51	#BEBADA	Author
Winslow RL	51	#BEBADA	Author
Garcia-Albornoz M	52	#FB8072	Author
Nielsen J	52	#FB8072	Author
Hood L	53	#80B1D3	Author
Price ND	53	#80B1D3	Author
Tian Q	53	#80B1D3	Author
Parthasarathy S	54	#FDB462	Author
Raman K	54	#FDB462	Author
Ravindran B	54	#FDB462	Author
Sinha H	54	#FDB462	Author
Tripathi B	54	#FDB462	Author
Macho Rendón J	55	#B3DE69	Author
Rebollido-Ríos R	55	#B3DE69	Author
Torrent Burgas M	55	#B3DE69	Author
Mortazavi A	56	#FCCDE5	Author
Reese F	56	#FCCDE5	Author
Rezaie N	56	#FCCDE5	Author
Cai JJ	57	#D9D9D9	Author
Roman-Vicharra C	57	#D9D9D9	Author
Perfetto L	58	#BC80BD	Author
Sacco F	58	#BC80BD	Author
Venafra V	58	#BC80BD	Author
Guala D	59	#CCEBC5	Author
Sonnhammer ELL	59	#CCEBC5	Author
Chauhan PK	60	#FFED6F	Author
Sowdhamini R	60	#FFED6F	Author
Cudby J	61	#8DD3C7	Author
Strelchuk S	61	#8DD3C7	Author
Sardari S	62	#FFFFB3	Author
Zareian S	62	#FFFFB3	Author
